software	model	objective	reaction	status	value
cbmpy	VvuMBEL943_2022.xml	obj	R_EX_ACxt	optimal	82.630562
cbmpy	VvuMBEL943_2022.xml	obj	R_EX_ADNxt	optimal	96.402322
cbmpy	VvuMBEL943_2022.xml	obj	R_EX_AKGxt	optimal	96.402322
cbmpy	VvuMBEL943_2022.xml	obj	R_EX_ALAxt	optimal	96.402322
cbmpy	VvuMBEL943_2022.xml	obj	R_EX_ARGxt	optimal	95.29364
cbmpy	VvuMBEL943_2022.xml	obj	R_EX_ASNxt	optimal	96.083554
cbmpy	VvuMBEL943_2022.xml	obj	R_EX_ASPxt	optimal	96.402322
cbmpy	VvuMBEL943_2022.xml	obj	R_EX_BIOMASS	optimal	0.0
cbmpy	VvuMBEL943_2022.xml	obj	R_EX_CHOLINExt	optimal	96.402322
cbmpy	VvuMBEL943_2022.xml	obj	R_EX_CITxt	optimal	96.402322
cbmpy	VvuMBEL943_2022.xml	obj	R_EX_CO2xt	optimal	96.402322
cbmpy	VvuMBEL943_2022.xml	obj	R_EX_CTxt	optimal	96.402322
cbmpy	VvuMBEL943_2022.xml	obj	R_EX_CYSxt	optimal	96.231918
cbmpy	VvuMBEL943_2022.xml	obj	R_EX_CYTDxt	optimal	96.182285
cbmpy	VvuMBEL943_2022.xml	obj	R_EX_DALAxt	optimal	96.402322
cbmpy	VvuMBEL943_2022.xml	obj	R_EX_DAxt	optimal	96.402322
cbmpy	VvuMBEL943_2022.xml	obj	R_EX_DCxt	optimal	96.402322
cbmpy	VvuMBEL943_2022.xml	obj	R_EX_DGLUxt	optimal	96.402322
cbmpy	VvuMBEL943_2022.xml	obj	R_EX_DGxt	optimal	96.402322
cbmpy	VvuMBEL943_2022.xml	obj	R_EX_DTxt	optimal	96.402322
cbmpy	VvuMBEL943_2022.xml	obj	R_EX_DUxt	optimal	96.402322
cbmpy	VvuMBEL943_2022.xml	obj	R_EX_FORMATExt	optimal	96.402322
cbmpy	VvuMBEL943_2022.xml	obj	R_EX_FRUxt	optimal	96.402322
cbmpy	VvuMBEL943_2022.xml	obj	R_EX_FUMxt	optimal	96.402322
cbmpy	VvuMBEL943_2022.xml	obj	R_EX_GL3Pxt	optimal	82.630562
cbmpy	VvuMBEL943_2022.xml	obj	R_EX_GLCxt	optimal	96.402322
cbmpy	VvuMBEL943_2022.xml	obj	R_EX_GLNxt	optimal	95.836524
cbmpy	VvuMBEL943_2022.xml	obj	R_EX_GLUCxt	optimal	96.402322
cbmpy	VvuMBEL943_2022.xml	obj	R_EX_GLUxt	optimal	96.402322
cbmpy	VvuMBEL943_2022.xml	obj	R_EX_GLYCOLATExt	optimal	0.0
cbmpy	VvuMBEL943_2022.xml	obj	R_EX_GLYxt	optimal	96.402322
cbmpy	VvuMBEL943_2022.xml	obj	R_EX_GLxt	optimal	96.402322
cbmpy	VvuMBEL943_2022.xml	obj	R_EX_GSNxt	optimal	96.402322
cbmpy	VvuMBEL943_2022.xml	obj	R_EX_HISxt	optimal	95.974871
cbmpy	VvuMBEL943_2022.xml	obj	R_EX_HSERxt	optimal	96.369143
cbmpy	VvuMBEL943_2022.xml	obj	R_EX_ICITxt	optimal	96.402322
cbmpy	VvuMBEL943_2022.xml	obj	R_EX_ILExt	optimal	96.402322
cbmpy	VvuMBEL943_2022.xml	obj	R_EX_IMALxt	optimal	96.402322
cbmpy	VvuMBEL943_2022.xml	obj	R_EX_LEUxt	optimal	96.402322
cbmpy	VvuMBEL943_2022.xml	obj	R_EX_LYSxt	optimal	96.130727
cbmpy	VvuMBEL943_2022.xml	obj	R_EX_MALxt	optimal	96.402322
cbmpy	VvuMBEL943_2022.xml	obj	R_EX_MELIxt	optimal	96.402322
cbmpy	VvuMBEL943_2022.xml	obj	R_EX_METxt	optimal	96.310405
cbmpy	VvuMBEL943_2022.xml	obj	R_EX_MLTxt	optimal	96.402322
cbmpy	VvuMBEL943_2022.xml	obj	R_EX_MNTxt	optimal	96.402322
cbmpy	VvuMBEL943_2022.xml	obj	R_EX_NAGAxt	optimal	96.402322
cbmpy	VvuMBEL943_2022.xml	obj	R_EX_NH3xt	optimal	96.402322
cbmpy	VvuMBEL943_2022.xml	obj	R_EX_NO2xt	optimal	96.402322
cbmpy	VvuMBEL943_2022.xml	obj	R_EX_NO3xt	optimal	96.402322
cbmpy	VvuMBEL943_2022.xml	obj	R_EX_Naxt	optimal	96.402322
cbmpy	VvuMBEL943_2022.xml	obj	R_EX_O2xt	optimal	82.675673
cbmpy	VvuMBEL943_2022.xml	obj	R_EX_ORNxt	optimal	96.402322
cbmpy	VvuMBEL943_2022.xml	obj	R_EX_PHExt	optimal	95.582767
cbmpy	VvuMBEL943_2022.xml	obj	R_EX_PIxt	optimal	83.683739
cbmpy	VvuMBEL943_2022.xml	obj	R_EX_PROxt	optimal	96.116933
cbmpy	VvuMBEL943_2022.xml	obj	R_EX_PTRCxt	optimal	96.402322
cbmpy	VvuMBEL943_2022.xml	obj	R_EX_SERxt	optimal	96.402322
cbmpy	VvuMBEL943_2022.xml	obj	R_EX_SLACxt	optimal	96.402322
cbmpy	VvuMBEL943_2022.xml	obj	R_EX_SLFxt	optimal	96.402322
cbmpy	VvuMBEL943_2022.xml	obj	R_EX_SPRMDxt	optimal	96.402322
cbmpy	VvuMBEL943_2022.xml	obj	R_EX_SUCCxt	optimal	82.675673
cbmpy	VvuMBEL943_2022.xml	obj	R_EX_SUCxt	optimal	96.402322
cbmpy	VvuMBEL943_2022.xml	obj	R_EX_THIAMINxt	optimal	96.402322
cbmpy	VvuMBEL943_2022.xml	obj	R_EX_THRxt	optimal	96.402322
cbmpy	VvuMBEL943_2022.xml	obj	R_EX_TRExt	optimal	96.402322
cbmpy	VvuMBEL943_2022.xml	obj	R_EX_TRPxt	optimal	96.006002
cbmpy	VvuMBEL943_2022.xml	obj	R_EX_TYRxt	optimal	96.402322
cbmpy	VvuMBEL943_2022.xml	obj	R_EX_URAxt	optimal	96.402322
cbmpy	VvuMBEL943_2022.xml	obj	R_EX_UREAxt	optimal	96.402322
cbmpy	VvuMBEL943_2022.xml	obj	R_EX_URIxt	optimal	96.402322
cbmpy	VvuMBEL943_2022.xml	obj	R_EX_VALxt	optimal	96.402322
cbmpy	VvuMBEL943_2022.xml	obj	R_EX_VB12xt	optimal	96.402322
cbmpy	VvuMBEL943_2022.xml	obj	R_EX_XANxt	optimal	96.402322
cbmpy	VvuMBEL943_2022.xml	obj	R_EX_a_2PGxt	optimal	96.402322
cbmpy	VvuMBEL943_2022.xml	obj	R_EX_a_3PGxt	optimal	96.402322
cbmpy	VvuMBEL943_2022.xml	obj	R_R001	optimal	96.402322
cbmpy	VvuMBEL943_2022.xml	obj	R_R002	optimal	96.402322
cbmpy	VvuMBEL943_2022.xml	obj	R_R003	optimal	96.402322
cbmpy	VvuMBEL943_2022.xml	obj	R_R004	optimal	96.402322
cbmpy	VvuMBEL943_2022.xml	obj	R_R005	optimal	96.402322
cbmpy	VvuMBEL943_2022.xml	obj	R_R006	optimal	0.0
cbmpy	VvuMBEL943_2022.xml	obj	R_R007	optimal	96.402322
cbmpy	VvuMBEL943_2022.xml	obj	R_R008	optimal	96.402322
cbmpy	VvuMBEL943_2022.xml	obj	R_R009	optimal	96.402322
cbmpy	VvuMBEL943_2022.xml	obj	R_R010	optimal	82.808683
cbmpy	VvuMBEL943_2022.xml	obj	R_R011	optimal	69.326707
cbmpy	VvuMBEL943_2022.xml	obj	R_R012	optimal	96.402322
cbmpy	VvuMBEL943_2022.xml	obj	R_R013	optimal	96.402322
cbmpy	VvuMBEL943_2022.xml	obj	R_R014	optimal	96.402322
cbmpy	VvuMBEL943_2022.xml	obj	R_R015	optimal	96.402322
cbmpy	VvuMBEL943_2022.xml	obj	R_R016	optimal	96.402322
cbmpy	VvuMBEL943_2022.xml	obj	R_R017	optimal	96.402322
cbmpy	VvuMBEL943_2022.xml	obj	R_R018	optimal	96.402322
cbmpy	VvuMBEL943_2022.xml	obj	R_R019	optimal	96.402322
cbmpy	VvuMBEL943_2022.xml	obj	R_R020	optimal	82.630562
cbmpy	VvuMBEL943_2022.xml	obj	R_R021	optimal	96.402322
cbmpy	VvuMBEL943_2022.xml	obj	R_R022	optimal	96.402322
cbmpy	VvuMBEL943_2022.xml	obj	R_R023	optimal	96.402322
cbmpy	VvuMBEL943_2022.xml	obj	R_R024	optimal	96.402322
cbmpy	VvuMBEL943_2022.xml	obj	R_R025	optimal	96.402322
cbmpy	VvuMBEL943_2022.xml	obj	R_R026	optimal	96.402322
cbmpy	VvuMBEL943_2022.xml	obj	R_R027	optimal	82.630562
cbmpy	VvuMBEL943_2022.xml	obj	R_R028	optimal	82.630562
cbmpy	VvuMBEL943_2022.xml	obj	R_R029	optimal	82.659021
cbmpy	VvuMBEL943_2022.xml	obj	R_R030	optimal	96.388145
cbmpy	VvuMBEL943_2022.xml	obj	R_R031	optimal	96.402322
cbmpy	VvuMBEL943_2022.xml	obj	R_R032	optimal	96.402322
cbmpy	VvuMBEL943_2022.xml	obj	R_R033	optimal	96.402322
cbmpy	VvuMBEL943_2022.xml	obj	R_R034	optimal	96.402322
cbmpy	VvuMBEL943_2022.xml	obj	R_R035	optimal	96.402322
cbmpy	VvuMBEL943_2022.xml	obj	R_R036	optimal	96.402322
cbmpy	VvuMBEL943_2022.xml	obj	R_R037	optimal	96.402322
cbmpy	VvuMBEL943_2022.xml	obj	R_R038	optimal	96.402322
cbmpy	VvuMBEL943_2022.xml	obj	R_R039	optimal	96.402322
cbmpy	VvuMBEL943_2022.xml	obj	R_R040	optimal	0.0
cbmpy	VvuMBEL943_2022.xml	obj	R_R041	optimal	0.0
cbmpy	VvuMBEL943_2022.xml	obj	R_R042	optimal	96.402322
cbmpy	VvuMBEL943_2022.xml	obj	R_R043	optimal	96.402322
cbmpy	VvuMBEL943_2022.xml	obj	R_R044	optimal	96.402322
cbmpy	VvuMBEL943_2022.xml	obj	R_R045	optimal	96.402322
cbmpy	VvuMBEL943_2022.xml	obj	R_R046	optimal	96.402322
cbmpy	VvuMBEL943_2022.xml	obj	R_R047	optimal	96.402322
cbmpy	VvuMBEL943_2022.xml	obj	R_R048	optimal	96.402322
cbmpy	VvuMBEL943_2022.xml	obj	R_R049	optimal	96.402322
cbmpy	VvuMBEL943_2022.xml	obj	R_R050	optimal	96.402322
cbmpy	VvuMBEL943_2022.xml	obj	R_R051	optimal	96.402322
cbmpy	VvuMBEL943_2022.xml	obj	R_R052	optimal	96.402322
cbmpy	VvuMBEL943_2022.xml	obj	R_R053	optimal	96.402322
cbmpy	VvuMBEL943_2022.xml	obj	R_R054	optimal	96.402322
cbmpy	VvuMBEL943_2022.xml	obj	R_R055	optimal	96.402322
cbmpy	VvuMBEL943_2022.xml	obj	R_R056	optimal	96.402322
cbmpy	VvuMBEL943_2022.xml	obj	R_R057	optimal	96.402322
cbmpy	VvuMBEL943_2022.xml	obj	R_R058	optimal	96.402322
cbmpy	VvuMBEL943_2022.xml	obj	R_R059	optimal	96.402322
cbmpy	VvuMBEL943_2022.xml	obj	R_R060	optimal	96.402322
cbmpy	VvuMBEL943_2022.xml	obj	R_R061	optimal	96.402322
cbmpy	VvuMBEL943_2022.xml	obj	R_R062	optimal	96.402322
cbmpy	VvuMBEL943_2022.xml	obj	R_R063	optimal	96.402322
cbmpy	VvuMBEL943_2022.xml	obj	R_R064	optimal	96.402322
cbmpy	VvuMBEL943_2022.xml	obj	R_R065	optimal	96.402322
cbmpy	VvuMBEL943_2022.xml	obj	R_R066	optimal	96.402322
cbmpy	VvuMBEL943_2022.xml	obj	R_R067	optimal	96.402322
cbmpy	VvuMBEL943_2022.xml	obj	R_R068	optimal	96.402322
cbmpy	VvuMBEL943_2022.xml	obj	R_R069	optimal	96.402322
cbmpy	VvuMBEL943_2022.xml	obj	R_R070	optimal	96.402322
cbmpy	VvuMBEL943_2022.xml	obj	R_R071	optimal	96.402322
cbmpy	VvuMBEL943_2022.xml	obj	R_R072	optimal	96.402322
cbmpy	VvuMBEL943_2022.xml	obj	R_R073	optimal	96.402322
cbmpy	VvuMBEL943_2022.xml	obj	R_R074	optimal	96.402322
cbmpy	VvuMBEL943_2022.xml	obj	R_R075	optimal	96.402322
cbmpy	VvuMBEL943_2022.xml	obj	R_R076	optimal	96.402322
cbmpy	VvuMBEL943_2022.xml	obj	R_R077	optimal	96.402322
cbmpy	VvuMBEL943_2022.xml	obj	R_R078	optimal	96.402322
cbmpy	VvuMBEL943_2022.xml	obj	R_R079	optimal	96.402322
cbmpy	VvuMBEL943_2022.xml	obj	R_R080	optimal	96.402322
cbmpy	VvuMBEL943_2022.xml	obj	R_R081	optimal	96.402322
cbmpy	VvuMBEL943_2022.xml	obj	R_R082	optimal	96.402322
cbmpy	VvuMBEL943_2022.xml	obj	R_R083	optimal	96.402322
cbmpy	VvuMBEL943_2022.xml	obj	R_R084	optimal	96.402322
cbmpy	VvuMBEL943_2022.xml	obj	R_R085	optimal	96.402322
cbmpy	VvuMBEL943_2022.xml	obj	R_R086	optimal	96.402322
cbmpy	VvuMBEL943_2022.xml	obj	R_R087	optimal	96.402322
cbmpy	VvuMBEL943_2022.xml	obj	R_R088	optimal	96.402322
cbmpy	VvuMBEL943_2022.xml	obj	R_R089	optimal	0.0
cbmpy	VvuMBEL943_2022.xml	obj	R_R090	optimal	0.0
cbmpy	VvuMBEL943_2022.xml	obj	R_R091	optimal	96.402322
cbmpy	VvuMBEL943_2022.xml	obj	R_R092	optimal	96.402322
cbmpy	VvuMBEL943_2022.xml	obj	R_R093	optimal	96.402322
cbmpy	VvuMBEL943_2022.xml	obj	R_R094	optimal	96.402322
cbmpy	VvuMBEL943_2022.xml	obj	R_R095	optimal	96.402322
cbmpy	VvuMBEL943_2022.xml	obj	R_R096	optimal	96.402322
cbmpy	VvuMBEL943_2022.xml	obj	R_R097	optimal	96.402322
cbmpy	VvuMBEL943_2022.xml	obj	R_R098	optimal	96.402322
cbmpy	VvuMBEL943_2022.xml	obj	R_R099	optimal	96.402322
cbmpy	VvuMBEL943_2022.xml	obj	R_R100	optimal	96.402322
cbmpy	VvuMBEL943_2022.xml	obj	R_R101	optimal	96.402322
cbmpy	VvuMBEL943_2022.xml	obj	R_R102	optimal	96.402322
cbmpy	VvuMBEL943_2022.xml	obj	R_R103	optimal	96.402322
cbmpy	VvuMBEL943_2022.xml	obj	R_R104	optimal	96.329586
cbmpy	VvuMBEL943_2022.xml	obj	R_R105	optimal	96.402322
cbmpy	VvuMBEL943_2022.xml	obj	R_R106	optimal	96.329586
cbmpy	VvuMBEL943_2022.xml	obj	R_R107	optimal	96.402322
cbmpy	VvuMBEL943_2022.xml	obj	R_R108	optimal	96.402322
cbmpy	VvuMBEL943_2022.xml	obj	R_R109	optimal	96.402322
cbmpy	VvuMBEL943_2022.xml	obj	R_R110	optimal	96.402322
cbmpy	VvuMBEL943_2022.xml	obj	R_R111	optimal	96.402322
cbmpy	VvuMBEL943_2022.xml	obj	R_R112	optimal	96.402322
cbmpy	VvuMBEL943_2022.xml	obj	R_R113	optimal	82.630562
cbmpy	VvuMBEL943_2022.xml	obj	R_R114	optimal	82.630562
cbmpy	VvuMBEL943_2022.xml	obj	R_R115	optimal	96.329586
cbmpy	VvuMBEL943_2022.xml	obj	R_R116	optimal	96.402322
cbmpy	VvuMBEL943_2022.xml	obj	R_R117	optimal	96.329586
cbmpy	VvuMBEL943_2022.xml	obj	R_R118	optimal	96.402322
cbmpy	VvuMBEL943_2022.xml	obj	R_R119	optimal	96.402322
cbmpy	VvuMBEL943_2022.xml	obj	R_R120	optimal	0.0
cbmpy	VvuMBEL943_2022.xml	obj	R_R121	optimal	0.0
cbmpy	VvuMBEL943_2022.xml	obj	R_R122	optimal	96.402322
cbmpy	VvuMBEL943_2022.xml	obj	R_R123	optimal	96.402322
cbmpy	VvuMBEL943_2022.xml	obj	R_R124	optimal	96.402322
cbmpy	VvuMBEL943_2022.xml	obj	R_R125	optimal	96.402322
cbmpy	VvuMBEL943_2022.xml	obj	R_R126	optimal	96.402322
cbmpy	VvuMBEL943_2022.xml	obj	R_R127	optimal	96.402322
cbmpy	VvuMBEL943_2022.xml	obj	R_R128	optimal	96.402322
cbmpy	VvuMBEL943_2022.xml	obj	R_R129	optimal	96.402322
cbmpy	VvuMBEL943_2022.xml	obj	R_R130	optimal	96.402322
cbmpy	VvuMBEL943_2022.xml	obj	R_R131	optimal	96.402322
cbmpy	VvuMBEL943_2022.xml	obj	R_R132	optimal	96.402322
cbmpy	VvuMBEL943_2022.xml	obj	R_R133	optimal	96.402322
cbmpy	VvuMBEL943_2022.xml	obj	R_R134	optimal	96.402322
cbmpy	VvuMBEL943_2022.xml	obj	R_R135	optimal	96.402322
cbmpy	VvuMBEL943_2022.xml	obj	R_R136	optimal	96.402322
cbmpy	VvuMBEL943_2022.xml	obj	R_R137	optimal	96.402322
cbmpy	VvuMBEL943_2022.xml	obj	R_R138	optimal	96.402322
cbmpy	VvuMBEL943_2022.xml	obj	R_R139	optimal	95.656099
cbmpy	VvuMBEL943_2022.xml	obj	R_R140	optimal	96.402322
cbmpy	VvuMBEL943_2022.xml	obj	R_R141	optimal	96.402322
cbmpy	VvuMBEL943_2022.xml	obj	R_R142	optimal	96.402322
cbmpy	VvuMBEL943_2022.xml	obj	R_R143	optimal	96.402322
cbmpy	VvuMBEL943_2022.xml	obj	R_R144	optimal	96.402322
cbmpy	VvuMBEL943_2022.xml	obj	R_R145	optimal	96.402322
cbmpy	VvuMBEL943_2022.xml	obj	R_R146	optimal	96.402322
cbmpy	VvuMBEL943_2022.xml	obj	R_R147	optimal	96.402322
cbmpy	VvuMBEL943_2022.xml	obj	R_R148	optimal	96.402322
cbmpy	VvuMBEL943_2022.xml	obj	R_R149	optimal	0.0
cbmpy	VvuMBEL943_2022.xml	obj	R_R150	optimal	96.402322
cbmpy	VvuMBEL943_2022.xml	obj	R_R151	optimal	96.402322
cbmpy	VvuMBEL943_2022.xml	obj	R_R152	optimal	96.402322
cbmpy	VvuMBEL943_2022.xml	obj	R_R153	optimal	96.402322
cbmpy	VvuMBEL943_2022.xml	obj	R_R154	optimal	96.402322
cbmpy	VvuMBEL943_2022.xml	obj	R_R155	optimal	96.402322
cbmpy	VvuMBEL943_2022.xml	obj	R_R156	optimal	96.402322
cbmpy	VvuMBEL943_2022.xml	obj	R_R157	optimal	0.0
cbmpy	VvuMBEL943_2022.xml	obj	R_R158	optimal	96.402322
cbmpy	VvuMBEL943_2022.xml	obj	R_R159	optimal	96.402322
cbmpy	VvuMBEL943_2022.xml	obj	R_R160	optimal	96.402322
cbmpy	VvuMBEL943_2022.xml	obj	R_R161	optimal	96.402322
cbmpy	VvuMBEL943_2022.xml	obj	R_R162	optimal	96.402322
cbmpy	VvuMBEL943_2022.xml	obj	R_R163	optimal	96.402322
cbmpy	VvuMBEL943_2022.xml	obj	R_R164	optimal	96.402322
cbmpy	VvuMBEL943_2022.xml	obj	R_R165	optimal	96.402322
cbmpy	VvuMBEL943_2022.xml	obj	R_R166	optimal	96.402322
cbmpy	VvuMBEL943_2022.xml	obj	R_R167	optimal	96.402322
cbmpy	VvuMBEL943_2022.xml	obj	R_R168	optimal	96.402322
cbmpy	VvuMBEL943_2022.xml	obj	R_R169	optimal	96.402322
cbmpy	VvuMBEL943_2022.xml	obj	R_R170	optimal	96.402322
cbmpy	VvuMBEL943_2022.xml	obj	R_R171	optimal	96.402322
cbmpy	VvuMBEL943_2022.xml	obj	R_R172	optimal	96.402322
cbmpy	VvuMBEL943_2022.xml	obj	R_R173	optimal	96.402322
cbmpy	VvuMBEL943_2022.xml	obj	R_R174	optimal	96.402322
cbmpy	VvuMBEL943_2022.xml	obj	R_R175	optimal	96.402322
cbmpy	VvuMBEL943_2022.xml	obj	R_R176	optimal	96.402322
cbmpy	VvuMBEL943_2022.xml	obj	R_R177	optimal	96.402322
cbmpy	VvuMBEL943_2022.xml	obj	R_R178	optimal	96.402322
cbmpy	VvuMBEL943_2022.xml	obj	R_R179	optimal	96.402322
cbmpy	VvuMBEL943_2022.xml	obj	R_R180	optimal	96.278033
cbmpy	VvuMBEL943_2022.xml	obj	R_R181	optimal	82.675673
cbmpy	VvuMBEL943_2022.xml	obj	R_R182	optimal	96.402322
cbmpy	VvuMBEL943_2022.xml	obj	R_R183	optimal	82.630562
cbmpy	VvuMBEL943_2022.xml	obj	R_R184	optimal	96.402322
cbmpy	VvuMBEL943_2022.xml	obj	R_R185	optimal	96.402322
cbmpy	VvuMBEL943_2022.xml	obj	R_R186	optimal	96.402322
cbmpy	VvuMBEL943_2022.xml	obj	R_R187	optimal	96.402322
cbmpy	VvuMBEL943_2022.xml	obj	R_R188	optimal	96.402322
cbmpy	VvuMBEL943_2022.xml	obj	R_R189	optimal	96.402322
cbmpy	VvuMBEL943_2022.xml	obj	R_R190	optimal	96.402322
cbmpy	VvuMBEL943_2022.xml	obj	R_R191	optimal	96.402322
cbmpy	VvuMBEL943_2022.xml	obj	R_R192	optimal	96.402322
cbmpy	VvuMBEL943_2022.xml	obj	R_R193	optimal	96.402322
cbmpy	VvuMBEL943_2022.xml	obj	R_R194	optimal	96.402322
cbmpy	VvuMBEL943_2022.xml	obj	R_R195	optimal	96.402322
cbmpy	VvuMBEL943_2022.xml	obj	R_R196	optimal	96.402322
cbmpy	VvuMBEL943_2022.xml	obj	R_R197	optimal	0.0
cbmpy	VvuMBEL943_2022.xml	obj	R_R198	optimal	0.0
cbmpy	VvuMBEL943_2022.xml	obj	R_R199	optimal	0.0
cbmpy	VvuMBEL943_2022.xml	obj	R_R200	optimal	0.0
cbmpy	VvuMBEL943_2022.xml	obj	R_R201	optimal	96.402322
cbmpy	VvuMBEL943_2022.xml	obj	R_R202	optimal	96.402322
cbmpy	VvuMBEL943_2022.xml	obj	R_R203	optimal	96.402322
cbmpy	VvuMBEL943_2022.xml	obj	R_R204	optimal	0.0
cbmpy	VvuMBEL943_2022.xml	obj	R_R205	optimal	96.402322
cbmpy	VvuMBEL943_2022.xml	obj	R_R206	optimal	0.0
cbmpy	VvuMBEL943_2022.xml	obj	R_R207	optimal	0.0
cbmpy	VvuMBEL943_2022.xml	obj	R_R208	optimal	96.402322
cbmpy	VvuMBEL943_2022.xml	obj	R_R209	optimal	0.0
cbmpy	VvuMBEL943_2022.xml	obj	R_R210	optimal	0.0
cbmpy	VvuMBEL943_2022.xml	obj	R_R211	optimal	96.402322
cbmpy	VvuMBEL943_2022.xml	obj	R_R212	optimal	96.402322
cbmpy	VvuMBEL943_2022.xml	obj	R_R213	optimal	0.0
cbmpy	VvuMBEL943_2022.xml	obj	R_R214	optimal	0.0
cbmpy	VvuMBEL943_2022.xml	obj	R_R215	optimal	96.402322
cbmpy	VvuMBEL943_2022.xml	obj	R_R216	optimal	96.402322
cbmpy	VvuMBEL943_2022.xml	obj	R_R217	optimal	96.402322
cbmpy	VvuMBEL943_2022.xml	obj	R_R218	optimal	0.0
cbmpy	VvuMBEL943_2022.xml	obj	R_R219	optimal	0.0
cbmpy	VvuMBEL943_2022.xml	obj	R_R220	optimal	0.0
cbmpy	VvuMBEL943_2022.xml	obj	R_R221	optimal	0.0
cbmpy	VvuMBEL943_2022.xml	obj	R_R222	optimal	0.0
cbmpy	VvuMBEL943_2022.xml	obj	R_R223	optimal	0.0
cbmpy	VvuMBEL943_2022.xml	obj	R_R224	optimal	0.0
cbmpy	VvuMBEL943_2022.xml	obj	R_R225	optimal	0.0
cbmpy	VvuMBEL943_2022.xml	obj	R_R226	optimal	0.0
cbmpy	VvuMBEL943_2022.xml	obj	R_R227	optimal	0.0
cbmpy	VvuMBEL943_2022.xml	obj	R_R228	optimal	0.0
cbmpy	VvuMBEL943_2022.xml	obj	R_R229	optimal	0.0
cbmpy	VvuMBEL943_2022.xml	obj	R_R230	optimal	0.0
cbmpy	VvuMBEL943_2022.xml	obj	R_R231	optimal	0.0
cbmpy	VvuMBEL943_2022.xml	obj	R_R232	optimal	0.0
cbmpy	VvuMBEL943_2022.xml	obj	R_R233	optimal	0.0
cbmpy	VvuMBEL943_2022.xml	obj	R_R234	optimal	0.0
cbmpy	VvuMBEL943_2022.xml	obj	R_R235	optimal	96.402322
cbmpy	VvuMBEL943_2022.xml	obj	R_R236	optimal	0.0
cbmpy	VvuMBEL943_2022.xml	obj	R_R237	optimal	0.0
cbmpy	VvuMBEL943_2022.xml	obj	R_R238	optimal	0.0
cbmpy	VvuMBEL943_2022.xml	obj	R_R239	optimal	0.0
cbmpy	VvuMBEL943_2022.xml	obj	R_R240	optimal	0.0
cbmpy	VvuMBEL943_2022.xml	obj	R_R241	optimal	96.402322
cbmpy	VvuMBEL943_2022.xml	obj	R_R242	optimal	96.402322
cbmpy	VvuMBEL943_2022.xml	obj	R_R243	optimal	96.402322
cbmpy	VvuMBEL943_2022.xml	obj	R_R244	optimal	96.402322
cbmpy	VvuMBEL943_2022.xml	obj	R_R245	optimal	96.402322
cbmpy	VvuMBEL943_2022.xml	obj	R_R246	optimal	96.402322
cbmpy	VvuMBEL943_2022.xml	obj	R_R247	optimal	96.402322
cbmpy	VvuMBEL943_2022.xml	obj	R_R248	optimal	96.402322
cbmpy	VvuMBEL943_2022.xml	obj	R_R249	optimal	96.402322
cbmpy	VvuMBEL943_2022.xml	obj	R_R250	optimal	96.402322
cbmpy	VvuMBEL943_2022.xml	obj	R_R251	optimal	96.402322
cbmpy	VvuMBEL943_2022.xml	obj	R_R252	optimal	96.402322
cbmpy	VvuMBEL943_2022.xml	obj	R_R253	optimal	96.402322
cbmpy	VvuMBEL943_2022.xml	obj	R_R254	optimal	0.0
cbmpy	VvuMBEL943_2022.xml	obj	R_R255	optimal	0.0
cbmpy	VvuMBEL943_2022.xml	obj	R_R256	optimal	96.402322
cbmpy	VvuMBEL943_2022.xml	obj	R_R257	optimal	96.402322
cbmpy	VvuMBEL943_2022.xml	obj	R_R258	optimal	96.402322
cbmpy	VvuMBEL943_2022.xml	obj	R_R259	optimal	0.0
cbmpy	VvuMBEL943_2022.xml	obj	R_R260	optimal	0.0
cbmpy	VvuMBEL943_2022.xml	obj	R_R261	optimal	96.402322
cbmpy	VvuMBEL943_2022.xml	obj	R_R262	optimal	0.0
cbmpy	VvuMBEL943_2022.xml	obj	R_R263	optimal	0.0
cbmpy	VvuMBEL943_2022.xml	obj	R_R264	optimal	96.402322
cbmpy	VvuMBEL943_2022.xml	obj	R_R265	optimal	0.0
cbmpy	VvuMBEL943_2022.xml	obj	R_R266	optimal	0.0
cbmpy	VvuMBEL943_2022.xml	obj	R_R267	optimal	96.402322
cbmpy	VvuMBEL943_2022.xml	obj	R_R268	optimal	96.402322
cbmpy	VvuMBEL943_2022.xml	obj	R_R269	optimal	96.402322
cbmpy	VvuMBEL943_2022.xml	obj	R_R270	optimal	96.402322
cbmpy	VvuMBEL943_2022.xml	obj	R_R271	optimal	96.402322
cbmpy	VvuMBEL943_2022.xml	obj	R_R272	optimal	96.402322
cbmpy	VvuMBEL943_2022.xml	obj	R_R273	optimal	96.402322
cbmpy	VvuMBEL943_2022.xml	obj	R_R274	optimal	96.402322
cbmpy	VvuMBEL943_2022.xml	obj	R_R275	optimal	96.402322
cbmpy	VvuMBEL943_2022.xml	obj	R_R276	optimal	96.402322
cbmpy	VvuMBEL943_2022.xml	obj	R_R277	optimal	96.402322
cbmpy	VvuMBEL943_2022.xml	obj	R_R278	optimal	96.402322
cbmpy	VvuMBEL943_2022.xml	obj	R_R279	optimal	96.402322
cbmpy	VvuMBEL943_2022.xml	obj	R_R280	optimal	96.402322
cbmpy	VvuMBEL943_2022.xml	obj	R_R281	optimal	96.402322
cbmpy	VvuMBEL943_2022.xml	obj	R_R282	optimal	96.402322
cbmpy	VvuMBEL943_2022.xml	obj	R_R283	optimal	96.402322
cbmpy	VvuMBEL943_2022.xml	obj	R_R284	optimal	96.402322
cbmpy	VvuMBEL943_2022.xml	obj	R_R285	optimal	96.402322
cbmpy	VvuMBEL943_2022.xml	obj	R_R286	optimal	96.402322
cbmpy	VvuMBEL943_2022.xml	obj	R_R287	optimal	96.402322
cbmpy	VvuMBEL943_2022.xml	obj	R_R288	optimal	96.402322
cbmpy	VvuMBEL943_2022.xml	obj	R_R289	optimal	96.402322
cbmpy	VvuMBEL943_2022.xml	obj	R_R290	optimal	96.402322
cbmpy	VvuMBEL943_2022.xml	obj	R_R291	optimal	96.402322
cbmpy	VvuMBEL943_2022.xml	obj	R_R292	optimal	96.402322
cbmpy	VvuMBEL943_2022.xml	obj	R_R293	optimal	96.402322
cbmpy	VvuMBEL943_2022.xml	obj	R_R294	optimal	96.366817
cbmpy	VvuMBEL943_2022.xml	obj	R_R295	optimal	96.371218
cbmpy	VvuMBEL943_2022.xml	obj	R_R296	optimal	96.402322
cbmpy	VvuMBEL943_2022.xml	obj	R_R297	optimal	96.402322
cbmpy	VvuMBEL943_2022.xml	obj	R_R298	optimal	96.402322
cbmpy	VvuMBEL943_2022.xml	obj	R_R299	optimal	96.402322
cbmpy	VvuMBEL943_2022.xml	obj	R_R300	optimal	96.402322
cbmpy	VvuMBEL943_2022.xml	obj	R_R301	optimal	96.402322
cbmpy	VvuMBEL943_2022.xml	obj	R_R302	optimal	96.371218
cbmpy	VvuMBEL943_2022.xml	obj	R_R303	optimal	96.402322
cbmpy	VvuMBEL943_2022.xml	obj	R_R304	optimal	96.402322
cbmpy	VvuMBEL943_2022.xml	obj	R_R305	optimal	96.402322
cbmpy	VvuMBEL943_2022.xml	obj	R_R306	optimal	96.402322
cbmpy	VvuMBEL943_2022.xml	obj	R_R307	optimal	96.402322
cbmpy	VvuMBEL943_2022.xml	obj	R_R308	optimal	96.402322
cbmpy	VvuMBEL943_2022.xml	obj	R_R309	optimal	96.402322
cbmpy	VvuMBEL943_2022.xml	obj	R_R310	optimal	96.402322
cbmpy	VvuMBEL943_2022.xml	obj	R_R311	optimal	96.402322
cbmpy	VvuMBEL943_2022.xml	obj	R_R312	optimal	96.402322
cbmpy	VvuMBEL943_2022.xml	obj	R_R313	optimal	96.402322
cbmpy	VvuMBEL943_2022.xml	obj	R_R314	optimal	96.402322
cbmpy	VvuMBEL943_2022.xml	obj	R_R315	optimal	96.402322
cbmpy	VvuMBEL943_2022.xml	obj	R_R316	optimal	96.402322
cbmpy	VvuMBEL943_2022.xml	obj	R_R317	optimal	96.402322
cbmpy	VvuMBEL943_2022.xml	obj	R_R318	optimal	96.402322
cbmpy	VvuMBEL943_2022.xml	obj	R_R319	optimal	96.402322
cbmpy	VvuMBEL943_2022.xml	obj	R_R320	optimal	96.402322
cbmpy	VvuMBEL943_2022.xml	obj	R_R321	optimal	95.09998
cbmpy	VvuMBEL943_2022.xml	obj	R_R322	optimal	96.402322
cbmpy	VvuMBEL943_2022.xml	obj	R_R323	optimal	96.402322
cbmpy	VvuMBEL943_2022.xml	obj	R_R324	optimal	0.0
cbmpy	VvuMBEL943_2022.xml	obj	R_R325	optimal	96.402322
cbmpy	VvuMBEL943_2022.xml	obj	R_R326	optimal	96.402322
cbmpy	VvuMBEL943_2022.xml	obj	R_R327	optimal	96.402322
cbmpy	VvuMBEL943_2022.xml	obj	R_R328	optimal	96.402322
cbmpy	VvuMBEL943_2022.xml	obj	R_R329	optimal	96.402322
cbmpy	VvuMBEL943_2022.xml	obj	R_R330	optimal	96.402322
cbmpy	VvuMBEL943_2022.xml	obj	R_R331	optimal	96.366817
cbmpy	VvuMBEL943_2022.xml	obj	R_R332	optimal	96.402322
cbmpy	VvuMBEL943_2022.xml	obj	R_R333	optimal	96.402322
cbmpy	VvuMBEL943_2022.xml	obj	R_R334	optimal	96.402322
cbmpy	VvuMBEL943_2022.xml	obj	R_R335	optimal	96.402322
cbmpy	VvuMBEL943_2022.xml	obj	R_R336	optimal	96.402322
cbmpy	VvuMBEL943_2022.xml	obj	R_R337	optimal	96.402322
cbmpy	VvuMBEL943_2022.xml	obj	R_R338	optimal	96.402322
cbmpy	VvuMBEL943_2022.xml	obj	R_R339	optimal	96.402322
cbmpy	VvuMBEL943_2022.xml	obj	R_R340	optimal	96.402322
cbmpy	VvuMBEL943_2022.xml	obj	R_R341	optimal	96.402322
cbmpy	VvuMBEL943_2022.xml	obj	R_R342	optimal	0.0
cbmpy	VvuMBEL943_2022.xml	obj	R_R343	optimal	0.0
cbmpy	VvuMBEL943_2022.xml	obj	R_R344	optimal	96.402322
cbmpy	VvuMBEL943_2022.xml	obj	R_R345	optimal	96.402322
cbmpy	VvuMBEL943_2022.xml	obj	R_R346	optimal	95.692117
cbmpy	VvuMBEL943_2022.xml	obj	R_R347	optimal	96.402322
cbmpy	VvuMBEL943_2022.xml	obj	R_R348	optimal	96.402322
cbmpy	VvuMBEL943_2022.xml	obj	R_R349	optimal	96.402322
cbmpy	VvuMBEL943_2022.xml	obj	R_R350	optimal	0.0
cbmpy	VvuMBEL943_2022.xml	obj	R_R351	optimal	0.0
cbmpy	VvuMBEL943_2022.xml	obj	R_R352	optimal	95.595902
cbmpy	VvuMBEL943_2022.xml	obj	R_R353	optimal	0.0
cbmpy	VvuMBEL943_2022.xml	obj	R_R354	optimal	96.402322
cbmpy	VvuMBEL943_2022.xml	obj	R_R355	optimal	96.402322
cbmpy	VvuMBEL943_2022.xml	obj	R_R356	optimal	96.402322
cbmpy	VvuMBEL943_2022.xml	obj	R_R357	optimal	96.402322
cbmpy	VvuMBEL943_2022.xml	obj	R_R358	optimal	96.402322
cbmpy	VvuMBEL943_2022.xml	obj	R_R359	optimal	96.402322
cbmpy	VvuMBEL943_2022.xml	obj	R_R360	optimal	96.402322
cbmpy	VvuMBEL943_2022.xml	obj	R_R361	optimal	96.402322
cbmpy	VvuMBEL943_2022.xml	obj	R_R362	optimal	96.402322
cbmpy	VvuMBEL943_2022.xml	obj	R_R363	optimal	96.402322
cbmpy	VvuMBEL943_2022.xml	obj	R_R364	optimal	96.402322
cbmpy	VvuMBEL943_2022.xml	obj	R_R365	optimal	96.402322
cbmpy	VvuMBEL943_2022.xml	obj	R_R366	optimal	96.402322
cbmpy	VvuMBEL943_2022.xml	obj	R_R367	optimal	96.402322
cbmpy	VvuMBEL943_2022.xml	obj	R_R368	optimal	96.402322
cbmpy	VvuMBEL943_2022.xml	obj	R_R369	optimal	96.402322
cbmpy	VvuMBEL943_2022.xml	obj	R_R370	optimal	96.402322
cbmpy	VvuMBEL943_2022.xml	obj	R_R371	optimal	96.402322
cbmpy	VvuMBEL943_2022.xml	obj	R_R372	optimal	96.402322
cbmpy	VvuMBEL943_2022.xml	obj	R_R373	optimal	96.402322
cbmpy	VvuMBEL943_2022.xml	obj	R_R374	optimal	96.402322
cbmpy	VvuMBEL943_2022.xml	obj	R_R375	optimal	96.402322
cbmpy	VvuMBEL943_2022.xml	obj	R_R376	optimal	96.402322
cbmpy	VvuMBEL943_2022.xml	obj	R_R377	optimal	96.402322
cbmpy	VvuMBEL943_2022.xml	obj	R_R378	optimal	96.402322
cbmpy	VvuMBEL943_2022.xml	obj	R_R379	optimal	96.402322
cbmpy	VvuMBEL943_2022.xml	obj	R_R380	optimal	96.402322
cbmpy	VvuMBEL943_2022.xml	obj	R_R381	optimal	96.402322
cbmpy	VvuMBEL943_2022.xml	obj	R_R382	optimal	96.402322
cbmpy	VvuMBEL943_2022.xml	obj	R_R383	optimal	96.402322
cbmpy	VvuMBEL943_2022.xml	obj	R_R384	optimal	96.402322
cbmpy	VvuMBEL943_2022.xml	obj	R_R385	optimal	96.402322
cbmpy	VvuMBEL943_2022.xml	obj	R_R386	optimal	96.402322
cbmpy	VvuMBEL943_2022.xml	obj	R_R387	optimal	96.402322
cbmpy	VvuMBEL943_2022.xml	obj	R_R388	optimal	96.402322
cbmpy	VvuMBEL943_2022.xml	obj	R_R389	optimal	96.402322
cbmpy	VvuMBEL943_2022.xml	obj	R_R390	optimal	96.402322
cbmpy	VvuMBEL943_2022.xml	obj	R_R391	optimal	96.402322
cbmpy	VvuMBEL943_2022.xml	obj	R_R392	optimal	96.402322
cbmpy	VvuMBEL943_2022.xml	obj	R_R393	optimal	96.402322
cbmpy	VvuMBEL943_2022.xml	obj	R_R394	optimal	96.402322
cbmpy	VvuMBEL943_2022.xml	obj	R_R395	optimal	96.402322
cbmpy	VvuMBEL943_2022.xml	obj	R_R396	optimal	96.402322
cbmpy	VvuMBEL943_2022.xml	obj	R_R397	optimal	96.402322
cbmpy	VvuMBEL943_2022.xml	obj	R_R398	optimal	96.402322
cbmpy	VvuMBEL943_2022.xml	obj	R_R399	optimal	96.402322
cbmpy	VvuMBEL943_2022.xml	obj	R_R400	optimal	96.402322
cbmpy	VvuMBEL943_2022.xml	obj	R_R401	optimal	96.402322
cbmpy	VvuMBEL943_2022.xml	obj	R_R402	optimal	96.402322
cbmpy	VvuMBEL943_2022.xml	obj	R_R403	optimal	96.402322
cbmpy	VvuMBEL943_2022.xml	obj	R_R404	optimal	96.402322
cbmpy	VvuMBEL943_2022.xml	obj	R_R405	optimal	96.402322
cbmpy	VvuMBEL943_2022.xml	obj	R_R406	optimal	96.402322
cbmpy	VvuMBEL943_2022.xml	obj	R_R407	optimal	96.402322
cbmpy	VvuMBEL943_2022.xml	obj	R_R408	optimal	96.402322
cbmpy	VvuMBEL943_2022.xml	obj	R_R409	optimal	96.402322
cbmpy	VvuMBEL943_2022.xml	obj	R_R410	optimal	96.402322
cbmpy	VvuMBEL943_2022.xml	obj	R_R411	optimal	96.402322
cbmpy	VvuMBEL943_2022.xml	obj	R_R412	optimal	96.402322
cbmpy	VvuMBEL943_2022.xml	obj	R_R413	optimal	0.0
cbmpy	VvuMBEL943_2022.xml	obj	R_R414	optimal	96.402322
cbmpy	VvuMBEL943_2022.xml	obj	R_R415	optimal	96.402322
cbmpy	VvuMBEL943_2022.xml	obj	R_R416	optimal	96.402322
cbmpy	VvuMBEL943_2022.xml	obj	R_R417	optimal	96.402322
cbmpy	VvuMBEL943_2022.xml	obj	R_R418	optimal	96.402322
cbmpy	VvuMBEL943_2022.xml	obj	R_R419	optimal	96.402322
cbmpy	VvuMBEL943_2022.xml	obj	R_R420	optimal	96.402322
cbmpy	VvuMBEL943_2022.xml	obj	R_R421	optimal	96.402322
cbmpy	VvuMBEL943_2022.xml	obj	R_R422	optimal	96.402322
cbmpy	VvuMBEL943_2022.xml	obj	R_R423	optimal	96.402322
cbmpy	VvuMBEL943_2022.xml	obj	R_R424	optimal	96.402322
cbmpy	VvuMBEL943_2022.xml	obj	R_R425	optimal	96.402322
cbmpy	VvuMBEL943_2022.xml	obj	R_R426	optimal	96.402322
cbmpy	VvuMBEL943_2022.xml	obj	R_R427	optimal	96.402322
cbmpy	VvuMBEL943_2022.xml	obj	R_R428	optimal	96.402322
cbmpy	VvuMBEL943_2022.xml	obj	R_R429	optimal	96.402322
cbmpy	VvuMBEL943_2022.xml	obj	R_R430	optimal	96.402322
cbmpy	VvuMBEL943_2022.xml	obj	R_R431	optimal	96.402322
cbmpy	VvuMBEL943_2022.xml	obj	R_R432	optimal	96.402322
cbmpy	VvuMBEL943_2022.xml	obj	R_R433	optimal	96.402322
cbmpy	VvuMBEL943_2022.xml	obj	R_R434	optimal	96.387181
cbmpy	VvuMBEL943_2022.xml	obj	R_R435	optimal	96.402322
cbmpy	VvuMBEL943_2022.xml	obj	R_R436	optimal	96.402322
cbmpy	VvuMBEL943_2022.xml	obj	R_R437	optimal	96.402322
cbmpy	VvuMBEL943_2022.xml	obj	R_R438	optimal	96.402322
cbmpy	VvuMBEL943_2022.xml	obj	R_R439	optimal	96.402322
cbmpy	VvuMBEL943_2022.xml	obj	R_R440	optimal	96.402322
cbmpy	VvuMBEL943_2022.xml	obj	R_R441	optimal	96.402322
cbmpy	VvuMBEL943_2022.xml	obj	R_R442	optimal	96.402322
cbmpy	VvuMBEL943_2022.xml	obj	R_R443	optimal	96.402322
cbmpy	VvuMBEL943_2022.xml	obj	R_R444	optimal	96.402322
cbmpy	VvuMBEL943_2022.xml	obj	R_R445	optimal	96.402322
cbmpy	VvuMBEL943_2022.xml	obj	R_R446	optimal	96.402322
cbmpy	VvuMBEL943_2022.xml	obj	R_R447	optimal	96.402322
cbmpy	VvuMBEL943_2022.xml	obj	R_R448	optimal	96.402322
cbmpy	VvuMBEL943_2022.xml	obj	R_R449	optimal	96.402322
cbmpy	VvuMBEL943_2022.xml	obj	R_R450	optimal	96.402322
cbmpy	VvuMBEL943_2022.xml	obj	R_R451	optimal	0.0
cbmpy	VvuMBEL943_2022.xml	obj	R_R452	optimal	96.402322
cbmpy	VvuMBEL943_2022.xml	obj	R_R453	optimal	0.0
cbmpy	VvuMBEL943_2022.xml	obj	R_R454	optimal	96.402322
cbmpy	VvuMBEL943_2022.xml	obj	R_R455	optimal	96.402322
cbmpy	VvuMBEL943_2022.xml	obj	R_R456	optimal	0.0
cbmpy	VvuMBEL943_2022.xml	obj	R_R457	optimal	0.0
cbmpy	VvuMBEL943_2022.xml	obj	R_R458	optimal	96.402322
cbmpy	VvuMBEL943_2022.xml	obj	R_R459	optimal	96.402322
cbmpy	VvuMBEL943_2022.xml	obj	R_R460	optimal	96.402322
cbmpy	VvuMBEL943_2022.xml	obj	R_R461	optimal	96.402322
cbmpy	VvuMBEL943_2022.xml	obj	R_R462	optimal	96.402322
cbmpy	VvuMBEL943_2022.xml	obj	R_R463	optimal	96.402322
cbmpy	VvuMBEL943_2022.xml	obj	R_R464	optimal	96.402322
cbmpy	VvuMBEL943_2022.xml	obj	R_R465	optimal	96.402322
cbmpy	VvuMBEL943_2022.xml	obj	R_R466	optimal	96.402322
cbmpy	VvuMBEL943_2022.xml	obj	R_R467	optimal	96.402322
cbmpy	VvuMBEL943_2022.xml	obj	R_R468	optimal	96.402322
cbmpy	VvuMBEL943_2022.xml	obj	R_R469	optimal	96.402322
cbmpy	VvuMBEL943_2022.xml	obj	R_R470	optimal	96.402322
cbmpy	VvuMBEL943_2022.xml	obj	R_R471	optimal	96.402322
cbmpy	VvuMBEL943_2022.xml	obj	R_R472	optimal	96.402322
cbmpy	VvuMBEL943_2022.xml	obj	R_R473	optimal	96.402322
cbmpy	VvuMBEL943_2022.xml	obj	R_R474	optimal	96.402322
cbmpy	VvuMBEL943_2022.xml	obj	R_R475	optimal	96.402322
cbmpy	VvuMBEL943_2022.xml	obj	R_R476	optimal	96.402322
cbmpy	VvuMBEL943_2022.xml	obj	R_R477	optimal	96.402322
cbmpy	VvuMBEL943_2022.xml	obj	R_R478	optimal	96.402322
cbmpy	VvuMBEL943_2022.xml	obj	R_R479	optimal	96.402322
cbmpy	VvuMBEL943_2022.xml	obj	R_R480	optimal	96.402322
cbmpy	VvuMBEL943_2022.xml	obj	R_R481	optimal	96.402322
cbmpy	VvuMBEL943_2022.xml	obj	R_R482	optimal	96.402322
cbmpy	VvuMBEL943_2022.xml	obj	R_R483	optimal	96.402322
cbmpy	VvuMBEL943_2022.xml	obj	R_R484	optimal	96.402322
cbmpy	VvuMBEL943_2022.xml	obj	R_R485	optimal	96.402322
cbmpy	VvuMBEL943_2022.xml	obj	R_R486	optimal	96.402322
cbmpy	VvuMBEL943_2022.xml	obj	R_R487	optimal	96.402322
cbmpy	VvuMBEL943_2022.xml	obj	R_R488	optimal	96.402322
cbmpy	VvuMBEL943_2022.xml	obj	R_R489	optimal	96.402322
cbmpy	VvuMBEL943_2022.xml	obj	R_R490	optimal	96.402322
cbmpy	VvuMBEL943_2022.xml	obj	R_R491	optimal	96.402322
cbmpy	VvuMBEL943_2022.xml	obj	R_R492	optimal	96.402322
cbmpy	VvuMBEL943_2022.xml	obj	R_R493	optimal	96.402322
cbmpy	VvuMBEL943_2022.xml	obj	R_R494	optimal	96.402322
cbmpy	VvuMBEL943_2022.xml	obj	R_R495	optimal	96.402322
cbmpy	VvuMBEL943_2022.xml	obj	R_R496	optimal	96.402322
cbmpy	VvuMBEL943_2022.xml	obj	R_R497	optimal	96.402322
cbmpy	VvuMBEL943_2022.xml	obj	R_R498	optimal	96.402322
cbmpy	VvuMBEL943_2022.xml	obj	R_R499	optimal	96.402322
cbmpy	VvuMBEL943_2022.xml	obj	R_R500	optimal	0.0
cbmpy	VvuMBEL943_2022.xml	obj	R_R501	optimal	96.402322
cbmpy	VvuMBEL943_2022.xml	obj	R_R502	optimal	96.402322
cbmpy	VvuMBEL943_2022.xml	obj	R_R503	optimal	0.0
cbmpy	VvuMBEL943_2022.xml	obj	R_R504	optimal	0.0
cbmpy	VvuMBEL943_2022.xml	obj	R_R505	optimal	0.0
cbmpy	VvuMBEL943_2022.xml	obj	R_R506	optimal	0.0
cbmpy	VvuMBEL943_2022.xml	obj	R_R507	optimal	96.402322
cbmpy	VvuMBEL943_2022.xml	obj	R_R508	optimal	96.402322
cbmpy	VvuMBEL943_2022.xml	obj	R_R509	optimal	96.402322
cbmpy	VvuMBEL943_2022.xml	obj	R_R510	optimal	96.402322
cbmpy	VvuMBEL943_2022.xml	obj	R_R511	optimal	96.402322
cbmpy	VvuMBEL943_2022.xml	obj	R_R512	optimal	96.402322
cbmpy	VvuMBEL943_2022.xml	obj	R_R513	optimal	96.402322
cbmpy	VvuMBEL943_2022.xml	obj	R_R514	optimal	96.402322
cbmpy	VvuMBEL943_2022.xml	obj	R_R515	optimal	96.402322
cbmpy	VvuMBEL943_2022.xml	obj	R_R516	optimal	96.402322
cbmpy	VvuMBEL943_2022.xml	obj	R_R517	optimal	96.402322
cbmpy	VvuMBEL943_2022.xml	obj	R_R518	optimal	96.402322
cbmpy	VvuMBEL943_2022.xml	obj	R_R519	optimal	96.402322
cbmpy	VvuMBEL943_2022.xml	obj	R_R520	optimal	96.402322
cbmpy	VvuMBEL943_2022.xml	obj	R_R521	optimal	96.402322
cbmpy	VvuMBEL943_2022.xml	obj	R_R522	optimal	96.402322
cbmpy	VvuMBEL943_2022.xml	obj	R_R523	optimal	96.402322
cbmpy	VvuMBEL943_2022.xml	obj	R_R524	optimal	96.402322
cbmpy	VvuMBEL943_2022.xml	obj	R_R525	optimal	96.402322
cbmpy	VvuMBEL943_2022.xml	obj	R_R526	optimal	96.402322
cbmpy	VvuMBEL943_2022.xml	obj	R_R527	optimal	96.402322
cbmpy	VvuMBEL943_2022.xml	obj	R_R528	optimal	96.402322
cbmpy	VvuMBEL943_2022.xml	obj	R_R529	optimal	96.402322
cbmpy	VvuMBEL943_2022.xml	obj	R_R530	optimal	96.402322
cbmpy	VvuMBEL943_2022.xml	obj	R_R531	optimal	96.402322
cbmpy	VvuMBEL943_2022.xml	obj	R_R532	optimal	96.402322
cbmpy	VvuMBEL943_2022.xml	obj	R_R533	optimal	96.402322
cbmpy	VvuMBEL943_2022.xml	obj	R_R534	optimal	96.402322
cbmpy	VvuMBEL943_2022.xml	obj	R_R535	optimal	96.402322
cbmpy	VvuMBEL943_2022.xml	obj	R_R536	optimal	96.402322
cbmpy	VvuMBEL943_2022.xml	obj	R_R537	optimal	96.402322
cbmpy	VvuMBEL943_2022.xml	obj	R_R538	optimal	96.402322
cbmpy	VvuMBEL943_2022.xml	obj	R_R539	optimal	96.402322
cbmpy	VvuMBEL943_2022.xml	obj	R_R540	optimal	96.402322
cbmpy	VvuMBEL943_2022.xml	obj	R_R541	optimal	96.402322
cbmpy	VvuMBEL943_2022.xml	obj	R_R542	optimal	96.402322
cbmpy	VvuMBEL943_2022.xml	obj	R_R543	optimal	96.402322
cbmpy	VvuMBEL943_2022.xml	obj	R_R544	optimal	96.402322
cbmpy	VvuMBEL943_2022.xml	obj	R_R545	optimal	96.402322
cbmpy	VvuMBEL943_2022.xml	obj	R_R546	optimal	96.402322
cbmpy	VvuMBEL943_2022.xml	obj	R_R547	optimal	96.402322
cbmpy	VvuMBEL943_2022.xml	obj	R_R548	optimal	96.402322
cbmpy	VvuMBEL943_2022.xml	obj	R_R549	optimal	96.402322
cbmpy	VvuMBEL943_2022.xml	obj	R_R550	optimal	96.402322
cbmpy	VvuMBEL943_2022.xml	obj	R_R551	optimal	96.402322
cbmpy	VvuMBEL943_2022.xml	obj	R_R552	optimal	96.402322
cbmpy	VvuMBEL943_2022.xml	obj	R_R553	optimal	96.402322
cbmpy	VvuMBEL943_2022.xml	obj	R_R554	optimal	96.402322
cbmpy	VvuMBEL943_2022.xml	obj	R_R555	optimal	96.402322
cbmpy	VvuMBEL943_2022.xml	obj	R_R556	optimal	96.402322
cbmpy	VvuMBEL943_2022.xml	obj	R_R557	optimal	96.402322
cbmpy	VvuMBEL943_2022.xml	obj	R_R558	optimal	96.402322
cbmpy	VvuMBEL943_2022.xml	obj	R_R559	optimal	96.402322
cbmpy	VvuMBEL943_2022.xml	obj	R_R560	optimal	96.402322
cbmpy	VvuMBEL943_2022.xml	obj	R_R561	optimal	96.402322
cbmpy	VvuMBEL943_2022.xml	obj	R_R562	optimal	96.402322
cbmpy	VvuMBEL943_2022.xml	obj	R_R563	optimal	96.402322
cbmpy	VvuMBEL943_2022.xml	obj	R_R564	optimal	96.402322
cbmpy	VvuMBEL943_2022.xml	obj	R_R565	optimal	96.402322
cbmpy	VvuMBEL943_2022.xml	obj	R_R566	optimal	96.402322
cbmpy	VvuMBEL943_2022.xml	obj	R_R567	optimal	96.402322
cbmpy	VvuMBEL943_2022.xml	obj	R_R568	optimal	0.0
cbmpy	VvuMBEL943_2022.xml	obj	R_R569	optimal	0.0
cbmpy	VvuMBEL943_2022.xml	obj	R_R570	optimal	0.0
cbmpy	VvuMBEL943_2022.xml	obj	R_R571	optimal	96.402322
cbmpy	VvuMBEL943_2022.xml	obj	R_R572	optimal	0.0
cbmpy	VvuMBEL943_2022.xml	obj	R_R573	optimal	0.0
cbmpy	VvuMBEL943_2022.xml	obj	R_R574	optimal	0.0
cbmpy	VvuMBEL943_2022.xml	obj	R_R575	optimal	0.0
cbmpy	VvuMBEL943_2022.xml	obj	R_R576	optimal	96.402322
cbmpy	VvuMBEL943_2022.xml	obj	R_R577	optimal	96.402322
cbmpy	VvuMBEL943_2022.xml	obj	R_R578	optimal	96.402322
cbmpy	VvuMBEL943_2022.xml	obj	R_R579	optimal	96.402322
cbmpy	VvuMBEL943_2022.xml	obj	R_R580	optimal	96.402322
cbmpy	VvuMBEL943_2022.xml	obj	R_R581	optimal	96.402322
cbmpy	VvuMBEL943_2022.xml	obj	R_R582	optimal	96.402322
cbmpy	VvuMBEL943_2022.xml	obj	R_R583	optimal	96.402322
cbmpy	VvuMBEL943_2022.xml	obj	R_R584	optimal	96.402322
cbmpy	VvuMBEL943_2022.xml	obj	R_R585	optimal	96.402322
cbmpy	VvuMBEL943_2022.xml	obj	R_R586	optimal	96.402322
cbmpy	VvuMBEL943_2022.xml	obj	R_R587	optimal	96.402322
cbmpy	VvuMBEL943_2022.xml	obj	R_R588	optimal	96.402322
cbmpy	VvuMBEL943_2022.xml	obj	R_R589	optimal	96.402322
cbmpy	VvuMBEL943_2022.xml	obj	R_R590	optimal	96.402322
cbmpy	VvuMBEL943_2022.xml	obj	R_R591	optimal	96.402322
cbmpy	VvuMBEL943_2022.xml	obj	R_R592	optimal	96.402322
cbmpy	VvuMBEL943_2022.xml	obj	R_R593	optimal	96.402322
cbmpy	VvuMBEL943_2022.xml	obj	R_R594	optimal	96.402322
cbmpy	VvuMBEL943_2022.xml	obj	R_R595	optimal	96.402322
cbmpy	VvuMBEL943_2022.xml	obj	R_R596	optimal	96.402322
cbmpy	VvuMBEL943_2022.xml	obj	R_R597	optimal	96.402322
cbmpy	VvuMBEL943_2022.xml	obj	R_R598	optimal	96.402322
cbmpy	VvuMBEL943_2022.xml	obj	R_R599	optimal	96.402322
cbmpy	VvuMBEL943_2022.xml	obj	R_R600	optimal	96.402322
cbmpy	VvuMBEL943_2022.xml	obj	R_R601	optimal	96.402322
cbmpy	VvuMBEL943_2022.xml	obj	R_R602	optimal	96.402322
cbmpy	VvuMBEL943_2022.xml	obj	R_R603	optimal	96.402322
cbmpy	VvuMBEL943_2022.xml	obj	R_R604	optimal	96.402322
cbmpy	VvuMBEL943_2022.xml	obj	R_R605	optimal	96.402322
cbmpy	VvuMBEL943_2022.xml	obj	R_R606	optimal	96.402322
cbmpy	VvuMBEL943_2022.xml	obj	R_R607	optimal	96.402322
cbmpy	VvuMBEL943_2022.xml	obj	R_R608	optimal	96.402322
cbmpy	VvuMBEL943_2022.xml	obj	R_R609	optimal	96.402322
cbmpy	VvuMBEL943_2022.xml	obj	R_R610	optimal	96.402322
cbmpy	VvuMBEL943_2022.xml	obj	R_R611	optimal	96.402322
cbmpy	VvuMBEL943_2022.xml	obj	R_R612	optimal	96.402322
cbmpy	VvuMBEL943_2022.xml	obj	R_R613	optimal	96.402322
cbmpy	VvuMBEL943_2022.xml	obj	R_R614	optimal	96.402322
cbmpy	VvuMBEL943_2022.xml	obj	R_R615	optimal	96.402322
cbmpy	VvuMBEL943_2022.xml	obj	R_R616	optimal	96.402322
cbmpy	VvuMBEL943_2022.xml	obj	R_R617	optimal	96.402322
cbmpy	VvuMBEL943_2022.xml	obj	R_R618	optimal	96.402322
cbmpy	VvuMBEL943_2022.xml	obj	R_R619	optimal	96.402322
cbmpy	VvuMBEL943_2022.xml	obj	R_R620	optimal	96.402322
cbmpy	VvuMBEL943_2022.xml	obj	R_R621	optimal	96.402322
cbmpy	VvuMBEL943_2022.xml	obj	R_R622	optimal	96.402322
cbmpy	VvuMBEL943_2022.xml	obj	R_R623	optimal	96.402322
cbmpy	VvuMBEL943_2022.xml	obj	R_R624	optimal	96.402322
cbmpy	VvuMBEL943_2022.xml	obj	R_R625	optimal	96.402322
cbmpy	VvuMBEL943_2022.xml	obj	R_R626	optimal	96.402322
cbmpy	VvuMBEL943_2022.xml	obj	R_R627	optimal	96.402322
cbmpy	VvuMBEL943_2022.xml	obj	R_R628	optimal	0.0
cbmpy	VvuMBEL943_2022.xml	obj	R_R629	optimal	96.402322
cbmpy	VvuMBEL943_2022.xml	obj	R_R630	optimal	96.402322
cbmpy	VvuMBEL943_2022.xml	obj	R_R631	optimal	96.402322
cbmpy	VvuMBEL943_2022.xml	obj	R_R632	optimal	96.402322
cbmpy	VvuMBEL943_2022.xml	obj	R_R633	optimal	96.402322
cbmpy	VvuMBEL943_2022.xml	obj	R_R634	optimal	96.402322
cbmpy	VvuMBEL943_2022.xml	obj	R_R635	optimal	96.402322
cbmpy	VvuMBEL943_2022.xml	obj	R_R636	optimal	96.402322
cbmpy	VvuMBEL943_2022.xml	obj	R_R637	optimal	96.402322
cbmpy	VvuMBEL943_2022.xml	obj	R_R638	optimal	96.402322
cbmpy	VvuMBEL943_2022.xml	obj	R_R639	optimal	96.402322
cbmpy	VvuMBEL943_2022.xml	obj	R_R640	optimal	96.402322
cbmpy	VvuMBEL943_2022.xml	obj	R_R641	optimal	96.402322
cbmpy	VvuMBEL943_2022.xml	obj	R_R642	optimal	96.402322
cbmpy	VvuMBEL943_2022.xml	obj	R_R643	optimal	96.402322
cbmpy	VvuMBEL943_2022.xml	obj	R_R644	optimal	0.0
cbmpy	VvuMBEL943_2022.xml	obj	R_R645	optimal	0.0
cbmpy	VvuMBEL943_2022.xml	obj	R_R646	optimal	0.0
cbmpy	VvuMBEL943_2022.xml	obj	R_R647	optimal	0.0
cbmpy	VvuMBEL943_2022.xml	obj	R_R648	optimal	0.0
cbmpy	VvuMBEL943_2022.xml	obj	R_R649	optimal	0.0
cbmpy	VvuMBEL943_2022.xml	obj	R_R650	optimal	0.0
cbmpy	VvuMBEL943_2022.xml	obj	R_R651	optimal	0.0
cbmpy	VvuMBEL943_2022.xml	obj	R_R652	optimal	0.0
cbmpy	VvuMBEL943_2022.xml	obj	R_R653	optimal	0.0
cbmpy	VvuMBEL943_2022.xml	obj	R_R654	optimal	0.0
cbmpy	VvuMBEL943_2022.xml	obj	R_R655	optimal	0.0
cbmpy	VvuMBEL943_2022.xml	obj	R_R656	optimal	0.0
cbmpy	VvuMBEL943_2022.xml	obj	R_R657	optimal	0.0
cbmpy	VvuMBEL943_2022.xml	obj	R_R658	optimal	0.0
cbmpy	VvuMBEL943_2022.xml	obj	R_R659	optimal	0.0
cbmpy	VvuMBEL943_2022.xml	obj	R_R660	optimal	0.0
cbmpy	VvuMBEL943_2022.xml	obj	R_R661	optimal	96.402322
cbmpy	VvuMBEL943_2022.xml	obj	R_R662	optimal	96.402322
cbmpy	VvuMBEL943_2022.xml	obj	R_R663	optimal	96.402322
cbmpy	VvuMBEL943_2022.xml	obj	R_R664	optimal	96.402322
cbmpy	VvuMBEL943_2022.xml	obj	R_R665	optimal	96.402322
cbmpy	VvuMBEL943_2022.xml	obj	R_R666	optimal	96.402322
cbmpy	VvuMBEL943_2022.xml	obj	R_R667	optimal	96.402322
cbmpy	VvuMBEL943_2022.xml	obj	R_R668	optimal	0.0
cbmpy	VvuMBEL943_2022.xml	obj	R_R669	optimal	0.0
cbmpy	VvuMBEL943_2022.xml	obj	R_R670	optimal	0.0
cbmpy	VvuMBEL943_2022.xml	obj	R_R671	optimal	0.0
cbmpy	VvuMBEL943_2022.xml	obj	R_R672	optimal	0.0
cbmpy	VvuMBEL943_2022.xml	obj	R_R673	optimal	0.0
cbmpy	VvuMBEL943_2022.xml	obj	R_R674	optimal	0.0
cbmpy	VvuMBEL943_2022.xml	obj	R_R675	optimal	0.0
cbmpy	VvuMBEL943_2022.xml	obj	R_R676	optimal	0.0
cbmpy	VvuMBEL943_2022.xml	obj	R_R677	optimal	96.402322
cbmpy	VvuMBEL943_2022.xml	obj	R_R678	optimal	96.402322
cbmpy	VvuMBEL943_2022.xml	obj	R_R679	optimal	0.0
cbmpy	VvuMBEL943_2022.xml	obj	R_R680	optimal	0.0
cbmpy	VvuMBEL943_2022.xml	obj	R_R681	optimal	0.0
cbmpy	VvuMBEL943_2022.xml	obj	R_R682	optimal	96.402322
cbmpy	VvuMBEL943_2022.xml	obj	R_R683	optimal	0.0
cbmpy	VvuMBEL943_2022.xml	obj	R_R684	optimal	0.0
cbmpy	VvuMBEL943_2022.xml	obj	R_R685	optimal	96.402322
cbmpy	VvuMBEL943_2022.xml	obj	R_R686	optimal	96.402322
cbmpy	VvuMBEL943_2022.xml	obj	R_R687	optimal	96.402322
cbmpy	VvuMBEL943_2022.xml	obj	R_R688	optimal	96.402322
cbmpy	VvuMBEL943_2022.xml	obj	R_R689	optimal	96.402322
cbmpy	VvuMBEL943_2022.xml	obj	R_R690	optimal	96.402322
cbmpy	VvuMBEL943_2022.xml	obj	R_R691	optimal	96.402322
cbmpy	VvuMBEL943_2022.xml	obj	R_R692	optimal	96.402322
cbmpy	VvuMBEL943_2022.xml	obj	R_R693	optimal	96.402322
cbmpy	VvuMBEL943_2022.xml	obj	R_R694	optimal	96.402322
cbmpy	VvuMBEL943_2022.xml	obj	R_R695	optimal	0.0
cbmpy	VvuMBEL943_2022.xml	obj	R_R696	optimal	96.402322
cbmpy	VvuMBEL943_2022.xml	obj	R_R697	optimal	0.0
cbmpy	VvuMBEL943_2022.xml	obj	R_R698	optimal	0.0
cbmpy	VvuMBEL943_2022.xml	obj	R_R699	optimal	96.402322
cbmpy	VvuMBEL943_2022.xml	obj	R_R700	optimal	96.402322
cbmpy	VvuMBEL943_2022.xml	obj	R_R701	optimal	96.402322
cbmpy	VvuMBEL943_2022.xml	obj	R_R702	optimal	96.402322
cbmpy	VvuMBEL943_2022.xml	obj	R_R703	optimal	0.0
cbmpy	VvuMBEL943_2022.xml	obj	R_R704	optimal	0.0
cbmpy	VvuMBEL943_2022.xml	obj	R_R705	optimal	96.402322
cbmpy	VvuMBEL943_2022.xml	obj	R_R706	optimal	96.402322
cbmpy	VvuMBEL943_2022.xml	obj	R_R707	optimal	96.402322
cbmpy	VvuMBEL943_2022.xml	obj	R_R708	optimal	96.402322
cbmpy	VvuMBEL943_2022.xml	obj	R_R709	optimal	0.0
cbmpy	VvuMBEL943_2022.xml	obj	R_R710	optimal	96.402322
cbmpy	VvuMBEL943_2022.xml	obj	R_R711	optimal	96.402322
cbmpy	VvuMBEL943_2022.xml	obj	R_R712	optimal	96.402322
cbmpy	VvuMBEL943_2022.xml	obj	R_R713	optimal	0.0
cbmpy	VvuMBEL943_2022.xml	obj	R_R714	optimal	0.0
cbmpy	VvuMBEL943_2022.xml	obj	R_R715	optimal	0.0
cbmpy	VvuMBEL943_2022.xml	obj	R_R716	optimal	0.0
cbmpy	VvuMBEL943_2022.xml	obj	R_R717	optimal	96.402322
cbmpy	VvuMBEL943_2022.xml	obj	R_R718	optimal	96.402322
cbmpy	VvuMBEL943_2022.xml	obj	R_R719	optimal	0.0
cbmpy	VvuMBEL943_2022.xml	obj	R_R720	optimal	0.0
cbmpy	VvuMBEL943_2022.xml	obj	R_R721	optimal	0.0
cbmpy	VvuMBEL943_2022.xml	obj	R_R722	optimal	0.0
cbmpy	VvuMBEL943_2022.xml	obj	R_R723	optimal	96.402322
cbmpy	VvuMBEL943_2022.xml	obj	R_R724	optimal	96.402322
cbmpy	VvuMBEL943_2022.xml	obj	R_R725	optimal	96.402322
cbmpy	VvuMBEL943_2022.xml	obj	R_R726	optimal	96.402322
cbmpy	VvuMBEL943_2022.xml	obj	R_R727	optimal	96.402322
cbmpy	VvuMBEL943_2022.xml	obj	R_R728	optimal	96.402322
cbmpy	VvuMBEL943_2022.xml	obj	R_R729	optimal	96.402322
cbmpy	VvuMBEL943_2022.xml	obj	R_R730	optimal	96.402322
cbmpy	VvuMBEL943_2022.xml	obj	R_R731	optimal	96.402322
cbmpy	VvuMBEL943_2022.xml	obj	R_R732	optimal	0.0
cbmpy	VvuMBEL943_2022.xml	obj	R_R733	optimal	0.0
cbmpy	VvuMBEL943_2022.xml	obj	R_R734	optimal	0.0
cbmpy	VvuMBEL943_2022.xml	obj	R_R735	optimal	96.402322
cbmpy	VvuMBEL943_2022.xml	obj	R_R736	optimal	0.0
cbmpy	VvuMBEL943_2022.xml	obj	R_R737	optimal	0.0
cbmpy	VvuMBEL943_2022.xml	obj	R_R738	optimal	96.402322
cbmpy	VvuMBEL943_2022.xml	obj	R_R739	optimal	96.391132
cbmpy	VvuMBEL943_2022.xml	obj	R_R740	optimal	0.0
cbmpy	VvuMBEL943_2022.xml	obj	R_R741	optimal	96.402322
cbmpy	VvuMBEL943_2022.xml	obj	R_R742	optimal	96.402322
cbmpy	VvuMBEL943_2022.xml	obj	R_R743	optimal	96.402322
cbmpy	VvuMBEL943_2022.xml	obj	R_R744	optimal	96.402322
cbmpy	VvuMBEL943_2022.xml	obj	R_R745	optimal	96.402322
cbmpy	VvuMBEL943_2022.xml	obj	R_R746	optimal	96.402322
cbmpy	VvuMBEL943_2022.xml	obj	R_R747	optimal	96.402322
cbmpy	VvuMBEL943_2022.xml	obj	R_R748	optimal	96.402322
cbmpy	VvuMBEL943_2022.xml	obj	R_R749	optimal	96.402322
cbmpy	VvuMBEL943_2022.xml	obj	R_R750	optimal	96.402322
cbmpy	VvuMBEL943_2022.xml	obj	R_R751	optimal	96.402322
cbmpy	VvuMBEL943_2022.xml	obj	R_R752	optimal	96.402322
cbmpy	VvuMBEL943_2022.xml	obj	R_R753	optimal	96.402322
cbmpy	VvuMBEL943_2022.xml	obj	R_R754	optimal	96.402322
cbmpy	VvuMBEL943_2022.xml	obj	R_R755	optimal	96.402322
cbmpy	VvuMBEL943_2022.xml	obj	R_R756	optimal	96.402322
cbmpy	VvuMBEL943_2022.xml	obj	R_R757	optimal	96.402322
cbmpy	VvuMBEL943_2022.xml	obj	R_R758	optimal	96.402322
cbmpy	VvuMBEL943_2022.xml	obj	R_R759	optimal	96.402322
cbmpy	VvuMBEL943_2022.xml	obj	R_R760	optimal	96.402322
cbmpy	VvuMBEL943_2022.xml	obj	R_R761	optimal	96.402322
cbmpy	VvuMBEL943_2022.xml	obj	R_R762	optimal	96.402322
cbmpy	VvuMBEL943_2022.xml	obj	R_R763	optimal	96.402322
cbmpy	VvuMBEL943_2022.xml	obj	R_R764	optimal	96.402322
cbmpy	VvuMBEL943_2022.xml	obj	R_R765	optimal	96.402322
cbmpy	VvuMBEL943_2022.xml	obj	R_R766	optimal	96.402322
cbmpy	VvuMBEL943_2022.xml	obj	R_R767	optimal	96.402322
cbmpy	VvuMBEL943_2022.xml	obj	R_R768	optimal	96.402322
cbmpy	VvuMBEL943_2022.xml	obj	R_R769	optimal	96.402322
cbmpy	VvuMBEL943_2022.xml	obj	R_R770	optimal	96.402322
cbmpy	VvuMBEL943_2022.xml	obj	R_R771	optimal	96.402322
cbmpy	VvuMBEL943_2022.xml	obj	R_R772	optimal	96.402322
cbmpy	VvuMBEL943_2022.xml	obj	R_R773	optimal	96.402322
cbmpy	VvuMBEL943_2022.xml	obj	R_R774	optimal	96.402322
cbmpy	VvuMBEL943_2022.xml	obj	R_R775	optimal	96.402322
cbmpy	VvuMBEL943_2022.xml	obj	R_R776	optimal	96.402322
cbmpy	VvuMBEL943_2022.xml	obj	R_R777	optimal	96.402322
cbmpy	VvuMBEL943_2022.xml	obj	R_R778	optimal	96.402322
cbmpy	VvuMBEL943_2022.xml	obj	R_R779	optimal	96.402322
cbmpy	VvuMBEL943_2022.xml	obj	R_R780	optimal	96.402322
cbmpy	VvuMBEL943_2022.xml	obj	R_R781	optimal	96.402322
cbmpy	VvuMBEL943_2022.xml	obj	R_R782	optimal	96.402322
cbmpy	VvuMBEL943_2022.xml	obj	R_R783	optimal	0.0
cbmpy	VvuMBEL943_2022.xml	obj	R_R784	optimal	96.402322
cbmpy	VvuMBEL943_2022.xml	obj	R_R785	optimal	96.402322
cbmpy	VvuMBEL943_2022.xml	obj	R_R786	optimal	96.402322
cbmpy	VvuMBEL943_2022.xml	obj	R_R787	optimal	96.402322
cbmpy	VvuMBEL943_2022.xml	obj	R_R788	optimal	96.402322
cbmpy	VvuMBEL943_2022.xml	obj	R_R789	optimal	96.402322
cbmpy	VvuMBEL943_2022.xml	obj	R_R790	optimal	96.402322
cbmpy	VvuMBEL943_2022.xml	obj	R_R791	optimal	96.402322
cbmpy	VvuMBEL943_2022.xml	obj	R_R792	optimal	96.402322
cbmpy	VvuMBEL943_2022.xml	obj	R_R793	optimal	0.0
cbmpy	VvuMBEL943_2022.xml	obj	R_R794	optimal	0.0
cbmpy	VvuMBEL943_2022.xml	obj	R_R795	optimal	0.0
cbmpy	VvuMBEL943_2022.xml	obj	R_R796	optimal	0.0
cbmpy	VvuMBEL943_2022.xml	obj	R_R797	optimal	0.0
cbmpy	VvuMBEL943_2022.xml	obj	R_R798	optimal	0.0
cbmpy	VvuMBEL943_2022.xml	obj	R_R799	optimal	96.402322
cbmpy	VvuMBEL943_2022.xml	obj	R_R800	optimal	96.402322
cbmpy	VvuMBEL943_2022.xml	obj	R_R801	optimal	0.0
cbmpy	VvuMBEL943_2022.xml	obj	R_R802	optimal	0.0
cbmpy	VvuMBEL943_2022.xml	obj	R_R803	optimal	0.0
cbmpy	VvuMBEL943_2022.xml	obj	R_R804	optimal	0.0
cbmpy	VvuMBEL943_2022.xml	obj	R_R805	optimal	0.0
cbmpy	VvuMBEL943_2022.xml	obj	R_R806	optimal	0.0
cbmpy	VvuMBEL943_2022.xml	obj	R_R807	optimal	96.402322
cbmpy	VvuMBEL943_2022.xml	obj	R_R808	optimal	96.402322
cbmpy	VvuMBEL943_2022.xml	obj	R_R809	optimal	96.402322
cbmpy	VvuMBEL943_2022.xml	obj	R_R810	optimal	96.402322
cbmpy	VvuMBEL943_2022.xml	obj	R_R811	optimal	96.402322
cbmpy	VvuMBEL943_2022.xml	obj	R_R812	optimal	96.402322
cbmpy	VvuMBEL943_2022.xml	obj	R_R813	optimal	96.402322
cbmpy	VvuMBEL943_2022.xml	obj	R_R814	optimal	96.402322
cbmpy	VvuMBEL943_2022.xml	obj	R_R815	optimal	96.402322
cbmpy	VvuMBEL943_2022.xml	obj	R_R816	optimal	96.402322
cbmpy	VvuMBEL943_2022.xml	obj	R_R817	optimal	96.402322
cbmpy	VvuMBEL943_2022.xml	obj	R_R818	optimal	96.402322
cbmpy	VvuMBEL943_2022.xml	obj	R_R819	optimal	96.402322
cbmpy	VvuMBEL943_2022.xml	obj	R_R820	optimal	96.402322
cbmpy	VvuMBEL943_2022.xml	obj	R_R821	optimal	82.630562
cbmpy	VvuMBEL943_2022.xml	obj	R_R822	optimal	96.402322
cbmpy	VvuMBEL943_2022.xml	obj	R_R823	optimal	96.402322
cbmpy	VvuMBEL943_2022.xml	obj	R_R824	optimal	96.402322
cbmpy	VvuMBEL943_2022.xml	obj	R_R825	optimal	96.402322
cbmpy	VvuMBEL943_2022.xml	obj	R_R826	optimal	96.402322
cbmpy	VvuMBEL943_2022.xml	obj	R_R827	optimal	96.402322
cbmpy	VvuMBEL943_2022.xml	obj	R_R828	optimal	96.402322
cbmpy	VvuMBEL943_2022.xml	obj	R_R829	optimal	96.402322
cbmpy	VvuMBEL943_2022.xml	obj	R_R830	optimal	96.402322
cbmpy	VvuMBEL943_2022.xml	obj	R_R831	optimal	96.402322
cbmpy	VvuMBEL943_2022.xml	obj	R_R832	optimal	96.402322
cbmpy	VvuMBEL943_2022.xml	obj	R_R833	optimal	96.402322
cbmpy	VvuMBEL943_2022.xml	obj	R_R834	optimal	96.402322
cbmpy	VvuMBEL943_2022.xml	obj	R_R835	optimal	96.402322
cbmpy	VvuMBEL943_2022.xml	obj	R_R836	optimal	82.630562
cbmpy	VvuMBEL943_2022.xml	obj	R_R837	optimal	96.402322
cbmpy	VvuMBEL943_2022.xml	obj	R_R838	optimal	0.0
cbmpy	VvuMBEL943_2022.xml	obj	R_R839	optimal	82.630562
cbmpy	VvuMBEL943_2022.xml	obj	R_R840	optimal	96.402322
cbmpy	VvuMBEL943_2022.xml	obj	R_R841	optimal	96.402322
cbmpy	VvuMBEL943_2022.xml	obj	R_R842	optimal	96.402322
cbmpy	VvuMBEL943_2022.xml	obj	R_R843	optimal	96.402322
cbmpy	VvuMBEL943_2022.xml	obj	R_R844	optimal	96.402322
cbmpy	VvuMBEL943_2022.xml	obj	R_R845	optimal	96.402322
cbmpy	VvuMBEL943_2022.xml	obj	R_R846	optimal	96.402322
cbmpy	VvuMBEL943_2022.xml	obj	R_R847	optimal	96.402322
cbmpy	VvuMBEL943_2022.xml	obj	R_R848	optimal	82.675673
cbmpy	VvuMBEL943_2022.xml	obj	R_R849	optimal	96.402322
cbmpy	VvuMBEL943_2022.xml	obj	R_R850	optimal	96.402322
cbmpy	VvuMBEL943_2022.xml	obj	R_R851	optimal	96.402322
cbmpy	VvuMBEL943_2022.xml	obj	R_R852	optimal	96.402322
cbmpy	VvuMBEL943_2022.xml	obj	R_R853	optimal	96.402322
cbmpy	VvuMBEL943_2022.xml	obj	R_R854	optimal	96.402322
cbmpy	VvuMBEL943_2022.xml	obj	R_R855	optimal	96.402322
cbmpy	VvuMBEL943_2022.xml	obj	R_R856	optimal	96.402322
cbmpy	VvuMBEL943_2022.xml	obj	R_R857	optimal	96.402322
cbmpy	VvuMBEL943_2022.xml	obj	R_R858	optimal	96.402322
cbmpy	VvuMBEL943_2022.xml	obj	R_R859	optimal	96.402322
cbmpy	VvuMBEL943_2022.xml	obj	R_R860	optimal	96.402322
cbmpy	VvuMBEL943_2022.xml	obj	R_R861	optimal	96.402322
cbmpy	VvuMBEL943_2022.xml	obj	R_R862	optimal	96.402322
cbmpy	VvuMBEL943_2022.xml	obj	R_R863	optimal	96.402322
cbmpy	VvuMBEL943_2022.xml	obj	R_R864	optimal	96.402322
cbmpy	VvuMBEL943_2022.xml	obj	R_R865	optimal	96.402322
cbmpy	VvuMBEL943_2022.xml	obj	R_R866	optimal	96.402322
cbmpy	VvuMBEL943_2022.xml	obj	R_R867	optimal	96.402322
cbmpy	VvuMBEL943_2022.xml	obj	R_R868	optimal	96.402322
cbmpy	VvuMBEL943_2022.xml	obj	R_R869	optimal	96.402322
cbmpy	VvuMBEL943_2022.xml	obj	R_R870	optimal	96.402322
cbmpy	VvuMBEL943_2022.xml	obj	R_R871	optimal	96.402322
cbmpy	VvuMBEL943_2022.xml	obj	R_R872	optimal	96.402322
cbmpy	VvuMBEL943_2022.xml	obj	R_R873	optimal	96.402322
cbmpy	VvuMBEL943_2022.xml	obj	R_R874	optimal	96.402322
cbmpy	VvuMBEL943_2022.xml	obj	R_R875	optimal	96.402322
cbmpy	VvuMBEL943_2022.xml	obj	R_R876	optimal	96.402322
cbmpy	VvuMBEL943_2022.xml	obj	R_R877	optimal	96.402322
cbmpy	VvuMBEL943_2022.xml	obj	R_R878	optimal	96.402322
cbmpy	VvuMBEL943_2022.xml	obj	R_R879	optimal	96.402322
cbmpy	VvuMBEL943_2022.xml	obj	R_R880	optimal	96.402322
cbmpy	VvuMBEL943_2022.xml	obj	R_R881	optimal	96.402322
cbmpy	VvuMBEL943_2022.xml	obj	R_R882	optimal	96.402322
cbmpy	VvuMBEL943_2022.xml	obj	R_R883	optimal	96.402322
cbmpy	VvuMBEL943_2022.xml	obj	R_R884	optimal	96.402322
cbmpy	VvuMBEL943_2022.xml	obj	R_R885	optimal	96.402322
cbmpy	VvuMBEL943_2022.xml	obj	R_R886	optimal	96.402322
cbmpy	VvuMBEL943_2022.xml	obj	R_R887	optimal	96.402322
cbmpy	VvuMBEL943_2022.xml	obj	R_R888	optimal	96.402322
cbmpy	VvuMBEL943_2022.xml	obj	R_R889	optimal	96.402322
cbmpy	VvuMBEL943_2022.xml	obj	R_R890	optimal	96.402322
cbmpy	VvuMBEL943_2022.xml	obj	R_R891	optimal	96.402322
cbmpy	VvuMBEL943_2022.xml	obj	R_R892	optimal	96.402322
cbmpy	VvuMBEL943_2022.xml	obj	R_R893	optimal	96.402322
cbmpy	VvuMBEL943_2022.xml	obj	R_R894	optimal	96.402322
cbmpy	VvuMBEL943_2022.xml	obj	R_R895	optimal	96.402322
cbmpy	VvuMBEL943_2022.xml	obj	R_R896	optimal	96.402322
cbmpy	VvuMBEL943_2022.xml	obj	R_R897	optimal	96.402322
cbmpy	VvuMBEL943_2022.xml	obj	R_R898	optimal	96.402322
cbmpy	VvuMBEL943_2022.xml	obj	R_R899	optimal	96.402322
cbmpy	VvuMBEL943_2022.xml	obj	R_R900	optimal	96.402322
cbmpy	VvuMBEL943_2022.xml	obj	R_R901	optimal	96.402322
cbmpy	VvuMBEL943_2022.xml	obj	R_R902	optimal	96.402322
cbmpy	VvuMBEL943_2022.xml	obj	R_R903	optimal	96.402322
cbmpy	VvuMBEL943_2022.xml	obj	R_R904	optimal	96.402322
cbmpy	VvuMBEL943_2022.xml	obj	R_R905	optimal	96.402322
cbmpy	VvuMBEL943_2022.xml	obj	R_R906	optimal	96.402322
cbmpy	VvuMBEL943_2022.xml	obj	R_R907	optimal	96.402322
cbmpy	VvuMBEL943_2022.xml	obj	R_R908	optimal	96.402322
cbmpy	VvuMBEL943_2022.xml	obj	R_R909	optimal	96.402322
cbmpy	VvuMBEL943_2022.xml	obj	R_R910	optimal	96.402322
cbmpy	VvuMBEL943_2022.xml	obj	R_R911	optimal	96.402322
cbmpy	VvuMBEL943_2022.xml	obj	R_R912	optimal	96.402322
cbmpy	VvuMBEL943_2022.xml	obj	R_R913	optimal	96.402322
cbmpy	VvuMBEL943_2022.xml	obj	R_R914	optimal	96.402322
cbmpy	VvuMBEL943_2022.xml	obj	R_R915	optimal	96.402322
cbmpy	VvuMBEL943_2022.xml	obj	R_R916	optimal	96.402322
cbmpy	VvuMBEL943_2022.xml	obj	R_R917	optimal	96.402322
cbmpy	VvuMBEL943_2022.xml	obj	R_R918	optimal	96.402322
cbmpy	VvuMBEL943_2022.xml	obj	R_R919	optimal	96.402322
cbmpy	VvuMBEL943_2022.xml	obj	R_R920	optimal	96.402322
cbmpy	VvuMBEL943_2022.xml	obj	R_R921	optimal	96.402322
cbmpy	VvuMBEL943_2022.xml	obj	R_R922	optimal	96.402322
cbmpy	VvuMBEL943_2022.xml	obj	R_R923	optimal	96.369143
cbmpy	VvuMBEL943_2022.xml	obj	R_R924	optimal	96.402322
cbmpy	VvuMBEL943_2022.xml	obj	R_R925	optimal	96.402322
cbmpy	VvuMBEL943_2022.xml	obj	R_R926	optimal	96.402322
cbmpy	VvuMBEL943_2022.xml	obj	R_R927	optimal	96.402322
cbmpy	VvuMBEL943_2022.xml	obj	R_R928	optimal	96.402322
cbmpy	VvuMBEL943_2022.xml	obj	R_R929	optimal	96.402322
cbmpy	VvuMBEL943_2022.xml	obj	R_R930	optimal	96.402322
cbmpy	VvuMBEL943_2022.xml	obj	R_R931	optimal	96.402322
cbmpy	VvuMBEL943_2022.xml	obj	R_R932	optimal	96.182285
cbmpy	VvuMBEL943_2022.xml	obj	R_R933	optimal	96.402322
cbmpy	VvuMBEL943_2022.xml	obj	R_R934	optimal	96.402322
cbmpy	VvuMBEL943_2022.xml	obj	R_R935	optimal	96.402322
cbmpy	VvuMBEL943_2022.xml	obj	R_R936	optimal	96.402322
cbmpy	VvuMBEL943_2022.xml	obj	R_R937	optimal	96.402322
cbmpy	VvuMBEL943_2022.xml	obj	R_R938	optimal	96.402322
cbmpy	VvuMBEL943_2022.xml	obj	R_R939	optimal	96.402322
cbmpy	VvuMBEL943_2022.xml	obj	R_R940	optimal	96.402322
cbmpy	VvuMBEL943_2022.xml	obj	R_R941	optimal	96.402322
cbmpy	VvuMBEL943_2022.xml	obj	R_R942	optimal	96.402322
cbmpy	VvuMBEL943_2022.xml	obj	R_R943	optimal	96.402322
