{
 "curator.name": "CBMPyFROGG",
 "curator.version": "0.4.9",
 "curator.url": "http://145.38.197.206:80/",
 "curator.date": "2022-11-18-10-01",
 "curator.id": "frogg hackathon",
 "curator.sessionid": "cbmpyfrogg-11483961-955015162",
 "software.name": "cbmpy",
 "software.version": "0.8.4",
 "software.url": "https://github.com/SystemsBioinformatics/cbmpy",
 "software.environment": "Linux 5.4.0-121-generic (64bit)",
 "solver.name": "cbmpy",
 "solver.version": "0.2",
 "model.filename": "VvuMBEL943_2022.(1148396092445002).xml",
 "model.md5": "2ee46072d6a306787be9a05450fb489c"
}