model	objective	reaction	status	value
iDS372.xml	obj	R_ATP_m_cytop	optimal	1.294638
iDS372.xml	obj	R_Acyl__ACP__biosynthesis__cytop	optimal	0.0
iDS372.xml	obj	R_Biomass_C3_cytop	optimal	0.0
iDS372.xml	obj	R_Biomass_assembly_C3_cytop	optimal	0.0
iDS372.xml	obj	R_Cell_wall_cytmem	optimal	0.0
iDS372.xml	obj	R_EX_Biomass_extr	optimal	0.0
iDS372.xml	obj	R_EX_C00001_extr	optimal	0.919423
iDS372.xml	obj	R_EX_C00007_extr	optimal	1.209508
iDS372.xml	obj	R_EX_C00009_extr	optimal	0.0
iDS372.xml	obj	R_EX_C00011_extr	optimal	1.167379
iDS372.xml	obj	R_EX_C00014_extr	optimal	1.19339
iDS372.xml	obj	R_EX_C00022_extr	optimal	1.200353
iDS372.xml	obj	R_EX_C00025_extr	optimal	1.209508
iDS372.xml	obj	R_EX_C00027_extr	optimal	1.209508
iDS372.xml	obj	R_EX_C00033_extr	optimal	0.788614
iDS372.xml	obj	R_EX_C00037_extr	optimal	0.0
iDS372.xml	obj	R_EX_C00041_extr	optimal	1.193534
iDS372.xml	obj	R_EX_C00042_extr	optimal	1.209508
iDS372.xml	obj	R_EX_C00047_extr	optimal	1.203646
iDS372.xml	obj	R_EX_C00049_extr	optimal	1.209508
iDS372.xml	obj	R_EX_C00058_extr	optimal	0.785112
iDS372.xml	obj	R_EX_C00059_extr	optimal	1.209508
iDS372.xml	obj	R_EX_C00062_extr	optimal	0.0
iDS372.xml	obj	R_EX_C00064_extr	optimal	1.209508
iDS372.xml	obj	R_EX_C00065_extr	optimal	1.183405
iDS372.xml	obj	R_EX_C00073_extr	optimal	1.20483
iDS372.xml	obj	R_EX_C00078_extr	optimal	1.202394
iDS372.xml	obj	R_EX_C00079_extr	optimal	1.182033
iDS372.xml	obj	R_EX_C00080_extr	optimal	0.0
iDS372.xml	obj	R_EX_C00082_extr	optimal	1.20088
iDS372.xml	obj	R_EX_C00089_extr	optimal	1.209508
iDS372.xml	obj	R_EX_C00097_extr	optimal	0.0
iDS372.xml	obj	R_EX_C00106_extr	optimal	1.207308
iDS372.xml	obj	R_EX_C00114_extr	optimal	0.0
iDS372.xml	obj	R_EX_C00116_extr	optimal	1.209508
iDS372.xml	obj	R_EX_C00120_extr	optimal	0.0
iDS372.xml	obj	R_EX_C00122_extr	optimal	1.209508
iDS372.xml	obj	R_EX_C00123_extr	optimal	0.0
iDS372.xml	obj	R_EX_C00124_extr	optimal	1.209508
iDS372.xml	obj	R_EX_C00134_extr	optimal	1.209508
iDS372.xml	obj	R_EX_C00135_extr	optimal	0.0
iDS372.xml	obj	R_EX_C00140_extr	optimal	1.209508
iDS372.xml	obj	R_EX_C00147_extr	optimal	1.208969
iDS372.xml	obj	R_EX_C00148_extr	optimal	1.202672
iDS372.xml	obj	R_EX_C00152_extr	optimal	1.205845
iDS372.xml	obj	R_EX_C00153_extr	optimal	1.209508
iDS372.xml	obj	R_EX_C00159_extr	optimal	1.209508
iDS372.xml	obj	R_EX_C00183_extr	optimal	1.202324
iDS372.xml	obj	R_EX_C00186_extr	optimal	1.209508
iDS372.xml	obj	R_EX_C00188_extr	optimal	1.201653
iDS372.xml	obj	R_EX_C00242_extr	optimal	1.208483
iDS372.xml	obj	R_EX_C00243_extr	optimal	1.209508
iDS372.xml	obj	R_EX_C00250_extr	optimal	1.208415
iDS372.xml	obj	R_EX_C00253_extr	optimal	0.0
iDS372.xml	obj	R_EX_C00255_extr	optimal	0.0
iDS372.xml	obj	R_EX_C00262_extr	optimal	1.209508
iDS372.xml	obj	R_EX_C00266_extr	optimal	1.209508
iDS372.xml	obj	R_EX_C00267_extr	infeasible	nan
iDS372.xml	obj	R_EX_C00288_extr	optimal	1.209508
iDS372.xml	obj	R_EX_C00378_extr	optimal	0.0
iDS372.xml	obj	R_EX_C00392_extr	optimal	1.209508
iDS372.xml	obj	R_EX_C00407_extr	optimal	1.207995
iDS372.xml	obj	R_EX_C00469_extr	optimal	0.809926
iDS372.xml	obj	R_EX_C00492_extr	optimal	1.209508
iDS372.xml	obj	R_EX_C00504_extr	optimal	1.203797
iDS372.xml	obj	R_EX_C00750_extr	optimal	1.209508
iDS372.xml	obj	R_EX_C00864_extr	optimal	0.0
iDS372.xml	obj	R_EX_C01330_extr	optimal	1.209508
iDS372.xml	obj	R_EX_C01613_extr	optimal	1.209508
iDS372.xml	obj	R_EX_C01762_extr	optimal	1.209508
iDS372.xml	obj	R_EX_C03089_extr	optimal	0.0
iDS372.xml	obj	R_EX_C14818_extr	optimal	1.209508
iDS372.xml	obj	R_Fatty_acid_cytop	optimal	0.0
iDS372.xml	obj	R_LCTO_cytop	optimal	1.209508
iDS372.xml	obj	R_Lipid_entity_cytop	optimal	0.0
iDS372.xml	obj	R_Lipoteichoic_Acid_cytop	optimal	0.0
iDS372.xml	obj	R_Protein_cytop	optimal	0.0
iDS372.xml	obj	R_R00004_C3_cytop	optimal	0.0
iDS372.xml	obj	R_R00014_C3_cytop	optimal	1.209508
iDS372.xml	obj	R_R00066_C3_cytop	optimal	1.209508
iDS372.xml	obj	R_R00086_C3_cytop	optimal	1.209508
iDS372.xml	obj	R_R00104_C3_cytop	optimal	0.0
iDS372.xml	obj	R_R00127_C3_cytop	optimal	1.209508
iDS372.xml	obj	R_R00130_C3_cytop	optimal	0.0
iDS372.xml	obj	R_R00137_C3_cytop	optimal	1.209508
iDS372.xml	obj	R_R00150_C3_cytop	optimal	1.209508
iDS372.xml	obj	R_R00156_C3_cytop	optimal	0.0
iDS372.xml	obj	R_R00158_C3_cytop	optimal	0.0
iDS372.xml	obj	R_R00161_C3_cytop	optimal	0.0
iDS372.xml	obj	R_R00174_C3_cytop	optimal	1.208415
iDS372.xml	obj	R_R00177_C3_cytop	optimal	0.0
iDS372.xml	obj	R_R00178_C3_cytop	optimal	0.0
iDS372.xml	obj	R_R00183_C3_cytop	optimal	1.209508
iDS372.xml	obj	R_R00188_C3_cytop	optimal	1.209508
iDS372.xml	obj	R_R00189_C3_cytop	optimal	0.0
iDS372.xml	obj	R_R00190_C3_cytop	optimal	0.0
iDS372.xml	obj	R_R00199_C3_cytop	optimal	1.207176
iDS372.xml	obj	R_R00200_C3_cytop	optimal	1.209508
iDS372.xml	obj	R_R00207_C3_cytop	optimal	1.209508
iDS372.xml	obj	R_R00209_C3_cytop	optimal	1.209508
iDS372.xml	obj	R_R00212_C3_cytop	optimal	0.783668
iDS372.xml	obj	R_R00220_C3_cytop	optimal	1.209508
iDS372.xml	obj	R_R00226_C3_cytop	optimal	1.209508
iDS372.xml	obj	R_R00228_C3_cytop	optimal	0.809865
iDS372.xml	obj	R_R00230_C3_cytop	optimal	0.788614
iDS372.xml	obj	R_R00238_C3_cytop	optimal	0.0
iDS372.xml	obj	R_R00239_C3_cytop	optimal	1.209508
iDS372.xml	obj	R_R00248_C3_cytop	optimal	1.209508
iDS372.xml	obj	R_R00253_C3_cytop	optimal	1.209508
iDS372.xml	obj	R_R00256_C3_cytop	optimal	1.209508
iDS372.xml	obj	R_R00258_C3_cytop	optimal	1.209508
iDS372.xml	obj	R_R00260_C3_cytop	optimal	1.209508
iDS372.xml	obj	R_R00281_C3_cytop	optimal	1.209508
iDS372.xml	obj	R_R00289_C3_cytop	optimal	0.0
iDS372.xml	obj	R_R00291_C3_cytop	optimal	1.209508
iDS372.xml	obj	R_R00315_C3_cytop	optimal	0.788614
iDS372.xml	obj	R_R00317_C3_cytop	optimal	1.209508
iDS372.xml	obj	R_R00330_C3_cytop	optimal	1.209508
iDS372.xml	obj	R_R00332_C3_cytop	optimal	0.0
iDS372.xml	obj	R_R00345_C3_cytop	optimal	1.209508
iDS372.xml	obj	R_R00355_C3_cytop	optimal	1.209508
iDS372.xml	obj	R_R00401_C3_cytop	optimal	0.0
iDS372.xml	obj	R_R00416_C3_cytop	optimal	0.0
iDS372.xml	obj	R_R00418_C3_cytop	optimal	0.0
iDS372.xml	obj	R_R00426_C3_cytop	optimal	1.209508
iDS372.xml	obj	R_R00428_C3_cytop	optimal	1.209508
iDS372.xml	obj	R_R00430_C3_cytop	optimal	1.209508
iDS372.xml	obj	R_R00451_C3_cytop	optimal	1.209508
iDS372.xml	obj	R_R00462_C3_cytop	optimal	0.0
iDS372.xml	obj	R_R00480_C3_cytop	optimal	1.209508
iDS372.xml	obj	R_R00483_C3_cytop	optimal	1.209508
iDS372.xml	obj	R_R00485_C3_cytop	optimal	1.209508
iDS372.xml	obj	R_R00506_C3_cytop	optimal	1.209508
iDS372.xml	obj	R_R00511_C3_cytop	optimal	1.209508
iDS372.xml	obj	R_R00512_C3_cytop	optimal	1.209088
iDS372.xml	obj	R_R00513_C3_cytop	optimal	1.209508
iDS372.xml	obj	R_R00516_C3_cytop	optimal	1.209508
iDS372.xml	obj	R_R00517_C3_cytop	optimal	1.209508
iDS372.xml	obj	R_R00549_C3_cytop	optimal	0.0
iDS372.xml	obj	R_R00566_C3_cytop	optimal	0.0
iDS372.xml	obj	R_R00570_C3_cytop	optimal	1.209264
iDS372.xml	obj	R_R00571_C3_cytop	optimal	1.209508
iDS372.xml	obj	R_R00573_C3_cytop	optimal	1.209508
iDS372.xml	obj	R_R00575_C3_cytop	optimal	1.209508
iDS372.xml	obj	R_R00590_C3_cytop	optimal	1.209508
iDS372.xml	obj	R_R00619_C3_cytop	optimal	0.0
iDS372.xml	obj	R_R00658_C3_cytop	infeasible	nan
iDS372.xml	obj	R_R00660_C3_cytop	optimal	0.0
iDS372.xml	obj	R_R00662_C3_cytop	optimal	1.209508
iDS372.xml	obj	R_R00694_C3_cytop	optimal	1.209508
iDS372.xml	obj	R_R00703_C3_cytop	optimal	1.209508
iDS372.xml	obj	R_R00734_C3_cytop	optimal	0.42315
iDS372.xml	obj	R_R00742_C3_cytop	optimal	0.0
iDS372.xml	obj	R_R00754_C3_cytop	optimal	0.809926
iDS372.xml	obj	R_R00760_C3_cytop	optimal	1.209508
iDS372.xml	obj	R_R00765_C3_cytop	optimal	1.209508
iDS372.xml	obj	R_R00768_C3_cytop	optimal	0.0
iDS372.xml	obj	R_R00771_C3_cytop	optimal	1.209508
iDS372.xml	obj	R_R00802_C3_cytop	optimal	1.209508
iDS372.xml	obj	R_R00803_C3_cytop	optimal	1.209508
iDS372.xml	obj	R_R00842_C3_cytop	optimal	1.209142
iDS372.xml	obj	R_R00844_C3_cytop	optimal	1.209508
iDS372.xml	obj	R_R00847_C3_cytop	optimal	1.209508
iDS372.xml	obj	R_R00867_C3_cytop	optimal	1.209508
iDS372.xml	obj	R_R00921_C3_cytop	optimal	1.209508
iDS372.xml	obj	R_R00936_C3_cytop	optimal	1.209407
iDS372.xml	obj	R_R00937_C3_cytop	optimal	1.203797
iDS372.xml	obj	R_R00939_C3_cytop	optimal	1.209508
iDS372.xml	obj	R_R00943_C3_cytop	optimal	1.209508
iDS372.xml	obj	R_R00945_C3_cytop	optimal	1.206128
iDS372.xml	obj	R_R00946_C3_cytop	optimal	1.209508
iDS372.xml	obj	R_R00955_C3_cytop	optimal	1.209508
iDS372.xml	obj	R_R00959_C3_cytop	optimal	1.209508
iDS372.xml	obj	R_R00963_C3_cytop	optimal	1.209508
iDS372.xml	obj	R_R00964_C3_cytop	optimal	1.209508
iDS372.xml	obj	R_R00965_C3_cytop	optimal	1.209508
iDS372.xml	obj	R_R00966_C3_cytop	optimal	1.209508
iDS372.xml	obj	R_R00967_C3_cytop	optimal	1.209508
iDS372.xml	obj	R_R00968_C3_cytop	optimal	1.209508
iDS372.xml	obj	R_R00985_C3_cytop	optimal	1.209508
iDS372.xml	obj	R_R00986_C3_cytop	optimal	1.209508
iDS372.xml	obj	R_R00996_C3_cytop	optimal	1.209508
iDS372.xml	obj	R_R00999_C3_cytop	optimal	1.209508
iDS372.xml	obj	R_R01015_C3_cytop	optimal	-0.0
iDS372.xml	obj	R_R01021_C3_cytop	optimal	0.0
iDS372.xml	obj	R_R01049_C3_cytop	optimal	1.209508
iDS372.xml	obj	R_R01056_C3_cytop	optimal	0.0
iDS372.xml	obj	R_R01057_C3_cytop	optimal	1.209508
iDS372.xml	obj	R_R01058_C3_cytop	optimal	1.209508
iDS372.xml	obj	R_R01061_C3_cytop	optimal	0.394623
iDS372.xml	obj	R_R01066_C3_cytop	optimal	1.209407
iDS372.xml	obj	R_R01069_C3_cytop	optimal	1.209508
iDS372.xml	obj	R_R01070_C3_cytop	optimal	0.0
iDS372.xml	obj	R_R01072_C3_cytop	optimal	1.209508
iDS372.xml	obj	R_R01073_C3_cytop	optimal	1.209508
iDS372.xml	obj	R_R01083_C3_cytop	optimal	1.209508
iDS372.xml	obj	R_R01086_C3_cytop	optimal	1.209508
iDS372.xml	obj	R_R01090_C3_cytop	optimal	1.209508
iDS372.xml	obj	R_R01092_C3_cytop	optimal	1.209508
iDS372.xml	obj	R_R01105_C3_cytop	optimal	1.209508
iDS372.xml	obj	R_R01121_C3_cytop	optimal	0.0
iDS372.xml	obj	R_R01123_C3_cytop	optimal	0.0
iDS372.xml	obj	R_R01126_C3_cytop	optimal	1.209508
iDS372.xml	obj	R_R01127_C3_cytop	optimal	1.209508
iDS372.xml	obj	R_R01130_C3_cytop	optimal	1.209508
iDS372.xml	obj	R_R01132_C3_cytop	optimal	1.209508
iDS372.xml	obj	R_R01134_C3_cytop	optimal	1.209508
iDS372.xml	obj	R_R01135_C3_cytop	optimal	1.209508
iDS372.xml	obj	R_R01148_C3_cytop	optimal	1.209508
iDS372.xml	obj	R_R01150_C3_cytop	optimal	0.0
iDS372.xml	obj	R_R01152_C3_cytop	optimal	0.0
iDS372.xml	obj	R_R01214_C3_cytop	optimal	1.209508
iDS372.xml	obj	R_R01220_C3_cytop	optimal	1.209451
iDS372.xml	obj	R_R01221_C3_cytop	optimal	1.205854
iDS372.xml	obj	R_R01224_C3_cytop	optimal	1.209508
iDS372.xml	obj	R_R01227_C3_cytop	optimal	1.209508
iDS372.xml	obj	R_R01229_C3_cytop	optimal	1.208483
iDS372.xml	obj	R_R01230_C3_cytop	optimal	1.209508
iDS372.xml	obj	R_R01231_C3_cytop	optimal	1.209508
iDS372.xml	obj	R_R01251_C3_cytop	optimal	1.209508
iDS372.xml	obj	R_R01286_C3_cytop	optimal	1.209508
iDS372.xml	obj	R_R01373_C3_cytop	optimal	1.209508
iDS372.xml	obj	R_R01397_C3_cytop	optimal	1.209508
iDS372.xml	obj	R_R01401_C3_cytop	optimal	0.0
iDS372.xml	obj	R_R01416_C3_cytop	optimal	0.0
iDS372.xml	obj	R_R01466_C3_cytop	optimal	1.209508
iDS372.xml	obj	R_R01512_C3_cytop	optimal	0.394623
iDS372.xml	obj	R_R01515_C3_cytop	optimal	1.209508
iDS372.xml	obj	R_R01518_C3_cytop	infeasible	nan
iDS372.xml	obj	R_R01524_C3_cytop	optimal	1.208071
iDS372.xml	obj	R_R01525_C3_cytop	optimal	1.209508
iDS372.xml	obj	R_R01528_C3_cytop	optimal	1.207279
iDS372.xml	obj	R_R01529_C3_cytop	optimal	1.208379
iDS372.xml	obj	R_R01547_C3_cytop	optimal	1.209508
iDS372.xml	obj	R_R01561_C3_cytop	optimal	1.209508
iDS372.xml	obj	R_R01600_C3_cytop	optimal	1.209508
iDS372.xml	obj	R_R01602_C3_cytop	optimal	1.209508
iDS372.xml	obj	R_R01624_C3_cytop	optimal	0.0
iDS372.xml	obj	R_R01625_C3_cytop	optimal	1.209508
iDS372.xml	obj	R_R01626_C3_cytop	optimal	0.0
iDS372.xml	obj	R_R01641_C3_cytop	optimal	1.209508
iDS372.xml	obj	R_R01652_C3_cytop	optimal	1.209508
iDS372.xml	obj	R_R01655_C3_cytop	optimal	1.209451
iDS372.xml	obj	R_R01658_C3_cytop	optimal	0.0
iDS372.xml	obj	R_R01664_C3_cytop	optimal	1.209508
iDS372.xml	obj	R_R01665_C3_cytop	optimal	1.209508
iDS372.xml	obj	R_R01678_C3_cytop	optimal	1.209508
iDS372.xml	obj	R_R01706_C3_cytop	optimal	1.209508
iDS372.xml	obj	R_R01714_C3_cytop	optimal	0.42315
iDS372.xml	obj	R_R01715_C3_cytop	optimal	0.42315
iDS372.xml	obj	R_R01716_C3_cytop	optimal	1.209508
iDS372.xml	obj	R_R01724_C3_cytop	optimal	0.0
iDS372.xml	obj	R_R01728_C3_cytop	optimal	0.42315
iDS372.xml	obj	R_R01771_C3_cytop	optimal	1.209508
iDS372.xml	obj	R_R01773_C3_cytop	optimal	1.209508
iDS372.xml	obj	R_R01775_C3_cytop	optimal	1.209508
iDS372.xml	obj	R_R01777_C3_cytop	optimal	1.209508
iDS372.xml	obj	R_R01786_C3_cytop	optimal	1.209508
iDS372.xml	obj	R_R01799_C3_cytop	optimal	0.0
iDS372.xml	obj	R_R01801_C3_cytop	optimal	0.0
iDS372.xml	obj	R_R01819_C3_cytop	optimal	1.209508
iDS372.xml	obj	R_R01826_C3_cytop	optimal	0.42315
iDS372.xml	obj	R_R01827_C3_cytop	optimal	1.209086
iDS372.xml	obj	R_R01830_C3_cytop	optimal	1.205678
iDS372.xml	obj	R_R01855_C3_cytop	optimal	1.209508
iDS372.xml	obj	R_R01863_C3_cytop	optimal	1.209508
iDS372.xml	obj	R_R01867_C3_cytop	optimal	1.209508
iDS372.xml	obj	R_R01869_C3_cytop	optimal	1.209508
iDS372.xml	obj	R_R01870_C3_cytop	optimal	1.209508
iDS372.xml	obj	R_R01876_C3_cytop	optimal	1.209508
iDS372.xml	obj	R_R01878_C3_cytop	optimal	1.209508
iDS372.xml	obj	R_R01880_C3_cytop	optimal	1.209508
iDS372.xml	obj	R_R01920_C3_cytop	optimal	0.0
iDS372.xml	obj	R_R01954_C3_cytop	optimal	1.209508
iDS372.xml	obj	R_R01978_C3_cytop	optimal	0.0
iDS372.xml	obj	R_R01993_C3_cytop	optimal	1.209508
iDS372.xml	obj	R_R02003_C3_cytop	optimal	0.0
iDS372.xml	obj	R_R02014_C3_cytop	optimal	0.0
iDS372.xml	obj	R_R02016_C3_cytop	optimal	0.0
iDS372.xml	obj	R_R02017_C3_cytop	optimal	1.209508
iDS372.xml	obj	R_R02018_C3_cytop	optimal	1.209508
iDS372.xml	obj	R_R02019_C3_cytop	optimal	1.209508
iDS372.xml	obj	R_R02020_C3_cytop	optimal	0.0
iDS372.xml	obj	R_R02022_C3_cytop	optimal	1.209508
iDS372.xml	obj	R_R02023_C3_cytop	optimal	1.209508
iDS372.xml	obj	R_R02024_C3_cytop	optimal	1.209508
iDS372.xml	obj	R_R02029_C3_cytop	optimal	0.0
iDS372.xml	obj	R_R02030_C3_cytop	optimal	1.209508
iDS372.xml	obj	R_R02035_C3_cytop	optimal	1.207279
iDS372.xml	obj	R_R02059_C3_cytop	optimal	1.209508
iDS372.xml	obj	R_R02060_C3_cytop	optimal	0.0
iDS372.xml	obj	R_R02081_C3_cytop	optimal	0.0
iDS372.xml	obj	R_R02090_C3_cytop	optimal	1.209508
iDS372.xml	obj	R_R02091_C3_cytop	optimal	1.209508
iDS372.xml	obj	R_R02093_C3_cytop	optimal	0.0
iDS372.xml	obj	R_R02094_C3_cytop	optimal	0.0
iDS372.xml	obj	R_R02096_C3_cytop	optimal	1.209508
iDS372.xml	obj	R_R02097_C3_cytop	optimal	1.209508
iDS372.xml	obj	R_R02098_C3_cytop	optimal	1.209508
iDS372.xml	obj	R_R02099_C3_cytop	optimal	1.209407
iDS372.xml	obj	R_R02101_C3_cytop	optimal	0.0
iDS372.xml	obj	R_R02102_C3_cytop	optimal	1.209508
iDS372.xml	obj	R_R02142_C3_cytop	optimal	1.209508
iDS372.xml	obj	R_R02147_C3_cytop	optimal	1.209508
iDS372.xml	obj	R_R02199_C3_cytop	optimal	1.209508
iDS372.xml	obj	R_R02237_C3_cytop	optimal	1.209508
iDS372.xml	obj	R_R02239_C3_cytop	optimal	0.0
iDS372.xml	obj	R_R02240_C3_cytop	optimal	1.209508
iDS372.xml	obj	R_R02245_C3_cytop	optimal	0.0
iDS372.xml	obj	R_R02291_C3_cytop	optimal	1.209508
iDS372.xml	obj	R_R02294_C3_cytop	optimal	1.209508
iDS372.xml	obj	R_R02295_C3_cytop	optimal	1.209508
iDS372.xml	obj	R_R02297_C3_cytop	optimal	1.209508
iDS372.xml	obj	R_R02323_C3_cytop	optimal	1.209508
iDS372.xml	obj	R_R02326_C3_cytop	optimal	1.209508
iDS372.xml	obj	R_R02327_C3_cytop	optimal	1.209508
iDS372.xml	obj	R_R02331_C3_cytop	optimal	1.209508
iDS372.xml	obj	R_R02371_C3_cytop	optimal	1.209508
iDS372.xml	obj	R_R02412_C3_cytop	optimal	0.42315
iDS372.xml	obj	R_R02413_C3_cytop	optimal	0.42315
iDS372.xml	obj	R_R02484_C3_cytop	optimal	1.209407
iDS372.xml	obj	R_R02485_C3_cytop	optimal	1.209508
iDS372.xml	obj	R_R02569_C3_cytop	optimal	1.209508
iDS372.xml	obj	R_R02689_C3_cytop	optimal	0.0
iDS372.xml	obj	R_R02703_C3_cytop	optimal	1.209508
iDS372.xml	obj	R_R02719_C3_cytop	optimal	1.209508
iDS372.xml	obj	R_R02722_C3_cytop	optimal	1.209508
iDS372.xml	obj	R_R02733_C3_cytop	optimal	1.209508
iDS372.xml	obj	R_R02735_C3_cytop	optimal	1.209508
iDS372.xml	obj	R_R02736_C3_cytop	optimal	1.207279
iDS372.xml	obj	R_R02739_C3_cytop	optimal	1.209508
iDS372.xml	obj	R_R02740_C3_cytop	optimal	1.209508
iDS372.xml	obj	R_R02749_C3_cytop	optimal	1.209407
iDS372.xml	obj	R_R02783_C3_cytop	optimal	0.0
iDS372.xml	obj	R_R02786_C3_cytop	optimal	0.0
iDS372.xml	obj	R_R02869_C3_cytop	optimal	0.0
iDS372.xml	obj	R_R03005_C3_cytop	optimal	0.0
iDS372.xml	obj	R_R03018_C3_cytop	optimal	0.0
iDS372.xml	obj	R_R03035_C3_cytop	optimal	0.0
iDS372.xml	obj	R_R03066_C3_cytop	optimal	1.209508
iDS372.xml	obj	R_R03067_C3_cytop	optimal	1.209508
iDS372.xml	obj	R_R03083_C3_cytop	optimal	0.42315
iDS372.xml	obj	R_R03084_C3_cytop	optimal	0.42315
iDS372.xml	obj	R_R03191_C3_cytop	optimal	1.209508
iDS372.xml	obj	R_R03192_C3_cytop	optimal	0.0
iDS372.xml	obj	R_R03193_C3_cytop	optimal	0.0
iDS372.xml	obj	R_R03236_C3_cytop	optimal	1.209508
iDS372.xml	obj	R_R03240_C3_cytop	optimal	1.209508
iDS372.xml	obj	R_R03245_C3_cytop	optimal	0.0
iDS372.xml	obj	R_R03256_C3_cytop	optimal	1.209508
iDS372.xml	obj	R_R03260_C3_cytop	optimal	1.209508
iDS372.xml	obj	R_R03269_C3_cytop	optimal	0.0
iDS372.xml	obj	R_R03270_C3_cytop	optimal	1.209508
iDS372.xml	obj	R_R03313_C3_cytop	optimal	1.209508
iDS372.xml	obj	R_R03314_C3_cytop	optimal	1.209508
iDS372.xml	obj	R_R03321_C3_cytop	optimal	1.209508
iDS372.xml	obj	R_R03346_C3_cytop	optimal	1.209508
iDS372.xml	obj	R_R03460_C3_cytop	optimal	0.42315
iDS372.xml	obj	R_R03503_C3_cytop	optimal	1.209508
iDS372.xml	obj	R_R03504_C3_cytop	optimal	1.209508
iDS372.xml	obj	R_R03508_C3_cytop	optimal	1.209508
iDS372.xml	obj	R_R03509_C3_cytop	optimal	1.209508
iDS372.xml	obj	R_R03634_C3_cytop	optimal	1.209508
iDS372.xml	obj	R_R03921_C3_cytop	optimal	1.209508
iDS372.xml	obj	R_R04014_C3_cytop	optimal	1.209508
iDS372.xml	obj	R_R04144_C3_cytop	optimal	1.209508
iDS372.xml	obj	R_R04198_C3_cytop	optimal	1.209508
iDS372.xml	obj	R_R04199_C3_cytop	optimal	1.209508
iDS372.xml	obj	R_R04208_C3_cytop	optimal	1.209508
iDS372.xml	obj	R_R04230_C3_cytop	optimal	1.209437
iDS372.xml	obj	R_R04231_C3_cytop	optimal	1.209508
iDS372.xml	obj	R_R04325_C3_cytop	optimal	1.209508
iDS372.xml	obj	R_R04355_C3_cytop	optimal	0.0
iDS372.xml	obj	R_R04364_C3_cytop	optimal	1.209508
iDS372.xml	obj	R_R04377_C3_cytop	optimal	0.0
iDS372.xml	obj	R_R04426_C3_cytop	optimal	1.209508
iDS372.xml	obj	R_R04428_C3_cytop	optimal	0.0
iDS372.xml	obj	R_R04429_C3_cytop	optimal	0.0
iDS372.xml	obj	R_R04440_C3_cytop	optimal	1.209508
iDS372.xml	obj	R_R04441_C3_cytop	optimal	1.209508
iDS372.xml	obj	R_R04457_C3_cytop	optimal	1.209508
iDS372.xml	obj	R_R04463_C3_cytop	optimal	1.209508
iDS372.xml	obj	R_R04467_C3_cytop	optimal	1.209508
iDS372.xml	obj	R_R04533_C3_cytop	optimal	0.0
iDS372.xml	obj	R_R04534_C3_cytop	optimal	0.0
iDS372.xml	obj	R_R04535_C3_cytop	optimal	0.0
iDS372.xml	obj	R_R04536_C3_cytop	optimal	0.0
iDS372.xml	obj	R_R04537_C3_cytop	optimal	0.0
iDS372.xml	obj	R_R04543_C3_cytop	optimal	0.0
iDS372.xml	obj	R_R04544_C3_cytop	optimal	0.0
iDS372.xml	obj	R_R04559_C3_cytop	optimal	1.209508
iDS372.xml	obj	R_R04560_C3_cytop	optimal	1.209508
iDS372.xml	obj	R_R04566_C3_cytop	optimal	0.0
iDS372.xml	obj	R_R04568_C3_cytop	optimal	0.0
iDS372.xml	obj	R_R04573_C3_cytop	optimal	0.0
iDS372.xml	obj	R_R04591_C3_cytop	optimal	1.209508
iDS372.xml	obj	R_R04620_C3_cytop	optimal	1.209508
iDS372.xml	obj	R_R04639_C3_cytop	optimal	1.209508
iDS372.xml	obj	R_R04724_C3_cytop	optimal	0.0
iDS372.xml	obj	R_R04726_C3_cytop	optimal	0.0
iDS372.xml	obj	R_R04779_C3_cytop	optimal	-0.0
iDS372.xml	obj	R_R04952_C3_cytop	optimal	0.0
iDS372.xml	obj	R_R04953_C3_cytop	optimal	0.0
iDS372.xml	obj	R_R04954_C3_cytop	optimal	0.0
iDS372.xml	obj	R_R04955_C3_cytop	optimal	0.0
iDS372.xml	obj	R_R04957_C3_cytop	optimal	0.0
iDS372.xml	obj	R_R04958_C3_cytop	optimal	0.0
iDS372.xml	obj	R_R04960_C3_cytop	optimal	0.0
iDS372.xml	obj	R_R04961_C3_cytop	optimal	0.0
iDS372.xml	obj	R_R04963_C3_cytop	optimal	0.0
iDS372.xml	obj	R_R04964_C3_cytop	optimal	0.0
iDS372.xml	obj	R_R04965_C3_cytop	optimal	0.0
iDS372.xml	obj	R_R04966_C3_cytop	optimal	0.0
iDS372.xml	obj	R_R04968_C3_cytop	optimal	0.0
iDS372.xml	obj	R_R04969_C3_cytop	optimal	0.0
iDS372.xml	obj	R_R05046_C3_cytop	optimal	1.209508
iDS372.xml	obj	R_R05048_C3_cytop	optimal	1.209508
iDS372.xml	obj	R_R05068_C3_cytop	optimal	1.209508
iDS372.xml	obj	R_R05069_C3_cytop	optimal	1.209508
iDS372.xml	obj	R_R05070_C3_cytop	optimal	1.209508
iDS372.xml	obj	R_R05071_C3_cytop	optimal	1.209508
iDS372.xml	obj	R_R05332_C3_cytop	optimal	0.0
iDS372.xml	obj	R_R05553_C3_cytop	optimal	1.209508
iDS372.xml	obj	R_R05627_C3_cytop	optimal	0.0
iDS372.xml	obj	R_R05629_C3_cytop	optimal	0.0
iDS372.xml	obj	R_R05662_C3_cytop	optimal	0.0
iDS372.xml	obj	R_R06178_C3_cytop	optimal	0.0
iDS372.xml	obj	R_R06447_C3_cytop	optimal	0.0
iDS372.xml	obj	R_R06861_C3_cytop	optimal	1.209508
iDS372.xml	obj	R_R06863_C3_cytop	optimal	1.209508
iDS372.xml	obj	R_R07168_C3_cytop	optimal	1.20942
iDS372.xml	obj	R_R07281_C3_cytop	optimal	1.209508
iDS372.xml	obj	R_R07390_C3_cytop	optimal	0.0
iDS372.xml	obj	R_R07404_C3_cytop	optimal	1.209508
iDS372.xml	obj	R_R07405_C3_cytop	optimal	1.209508
iDS372.xml	obj	R_R07456_C3_cytop	optimal	1.209508
iDS372.xml	obj	R_R07618_C3_cytop	optimal	1.209508
iDS372.xml	obj	R_R07762_C3_cytop	optimal	0.0
iDS372.xml	obj	R_R07763_C3_cytop	optimal	0.0
iDS372.xml	obj	R_R07764_C3_cytop	optimal	0.0
iDS372.xml	obj	R_R07765_C3_cytop	optimal	0.0
iDS372.xml	obj	R_R08159_C3_cytop	optimal	1.209508
iDS372.xml	obj	R_R08549_C3_cytop	optimal	1.209508
iDS372.xml	obj	R_R08639_C3_cytop	optimal	1.209508
iDS372.xml	obj	R_R08648_C3_cytop	optimal	1.209508
iDS372.xml	obj	R_R08698_C3_cytop	optimal	1.209508
iDS372.xml	obj	R_R09380_C3_cytop	optimal	0.0
iDS372.xml	obj	R_R09381_C3_cytop	optimal	0.0
iDS372.xml	obj	R_R10092_C3_cytop	optimal	0.0
iDS372.xml	obj	R_R10147_C3_cytop	optimal	1.209508
iDS372.xml	obj	R_T00015_C4_cytmem	optimal	0.785112
iDS372.xml	obj	R_T00021_7_C4_cytmem	optimal	1.202672
iDS372.xml	obj	R_T00054_C4_cytmem	optimal	1.209508
iDS372.xml	obj	R_T00068_C4_cytmem	optimal	0.919423
iDS372.xml	obj	R_T00257_C4_cytmem	optimal	1.209508
iDS372.xml	obj	R_T00346_C4_cytmem	optimal	1.208415
iDS372.xml	obj	R_T00357_C4_cytmem	optimal	1.209508
iDS372.xml	obj	R_T00357_spermine_C4_cytmem	optimal	1.209508
iDS372.xml	obj	R_T00417_C4_cytmem	optimal	0.0
iDS372.xml	obj	R_T00497_C4_cytmem	optimal	0.0
iDS372.xml	obj	R_T00555_1_C4_cytmem	optimal	1.204856
iDS372.xml	obj	R_T00637_C4_cytmem	optimal	0.0
iDS372.xml	obj	R_T00692_1_0_C4_cytmem	optimal	1.207995
iDS372.xml	obj	R_T00693_C4_cytmem	optimal	0.0
iDS372.xml	obj	R_T00698_C4_cytmem	optimal	1.202324
iDS372.xml	obj	R_T01004_1_C4_cytmem	optimal	1.193534
iDS372.xml	obj	R_T01004_1_phenylalanine_C4_cytmem	optimal	1.182033
iDS372.xml	obj	R_T01122_C4_cytmem	optimal	1.207308
iDS372.xml	obj	R_T01141_C4_cytmem	optimal	1.209508
iDS372.xml	obj	R_T01146_C4_cytmem	optimal	1.209508
iDS372.xml	obj	R_T01147_C4_cytmem	optimal	1.209508
iDS372.xml	obj	R_T01283_C4_cytmem	optimal	-0.0
iDS372.xml	obj	R_T01556_C4_cytmem	optimal	1.183405
iDS372.xml	obj	R_T01557_2_0_C4_cytmem	optimal	1.201653
iDS372.xml	obj	R_T01590_C4_cytmem	optimal	1.209508
iDS372.xml	obj	R_T01591_C4_cytmem	optimal	0.0
iDS372.xml	obj	R_T01593_C4_cytmem	optimal	0.0
iDS372.xml	obj	R_T01595_C4_cytmem	optimal	1.209287
iDS372.xml	obj	R_T01602_C4_cytmem	optimal	1.209508
iDS372.xml	obj	R_T01631_C4_cytmem	optimal	1.209508
iDS372.xml	obj	R_T01642_gal_C4_cytmem	optimal	1.209508
iDS372.xml	obj	R_T01669_C4_cytmem	optimal	1.209508
iDS372.xml	obj	R_T01670_C4_cytmem	optimal	1.209508
iDS372.xml	obj	R_T01732_C7_cellw	optimal	1.209508
iDS372.xml	obj	R_T01769_C4_cytmem	optimal	0.0
iDS372.xml	obj	R_T01786_1_0_0_0_0_C4_cytmem	optimal	0.0
iDS372.xml	obj	R_T01848_C4_cytmem	optimal	1.209508
iDS372.xml	obj	R_T01849_C4_cytmem	optimal	1.209508
iDS372.xml	obj	R_T01850_C4_cytmem	optimal	1.209508
iDS372.xml	obj	R_T01851_C4_cytmem	optimal	1.209508
iDS372.xml	obj	R_T02011_C4_cytmem	optimal	1.20483
iDS372.xml	obj	R_T02015_C4_cytmem	optimal	1.209508
iDS372.xml	obj	R_T02026_1_0_0_0_0_C4_cytmem	optimal	1.209508
iDS372.xml	obj	R_T02026_glutamine_C4_cytmem	optimal	1.209508
iDS372.xml	obj	R_T02027_2_0_0_0_0_C4_cytmem	optimal	1.203646
iDS372.xml	obj	R_T02032_C4_cytmem	optimal	1.209508
iDS372.xml	obj	R_T02037_C4_cytmem	optimal	1.209508
iDS372.xml	obj	R_T02047_C4_cytmem	optimal	1.202394
iDS372.xml	obj	R_T02384_C4_cytmem	optimal	1.209508
iDS372.xml	obj	R_T02385_C4_cytmem	optimal	1.209508
iDS372.xml	obj	R_T02394_C4_cytmem	optimal	1.209508
iDS372.xml	obj	R_T02397_C4_cytmem	optimal	1.209508
iDS372.xml	obj	R_T02400_C4_cytmem	optimal	1.209508
iDS372.xml	obj	R_T02406_0_3_11_0_C4_cytmem	infeasible	nan
iDS372.xml	obj	R_T02412_gal_C4_cytmem	optimal	1.209508
iDS372.xml	obj	R_T02481_27_C4_cytmem	optimal	1.209508
iDS372.xml	obj	R_T02481_6_C4_cytmem	optimal	1.209508
iDS372.xml	obj	R_T_Acetate_transport_cytmem	optimal	0.788614
iDS372.xml	obj	R_T_Adenine_transport_cytmem	optimal	1.208969
iDS372.xml	obj	R_T_Carbon_dioxide_transport_cytmem	optimal	1.167379
iDS372.xml	obj	R_T_Ethanol_transport_cytmem	optimal	0.809926
iDS372.xml	obj	R_T_Folate_transport_cytmem	optimal	1.203797
iDS372.xml	obj	R_T_Glycolaldehyde_transport_cytmem	optimal	1.209508
iDS372.xml	obj	R_T_Guanine_transport_cytmem	optimal	1.208483
iDS372.xml	obj	R_T_H2O2_transport_cytmem	optimal	1.209508
iDS372.xml	obj	R_T_H__transport_cytmem	optimal	0.974168
iDS372.xml	obj	R_T_L_Asparagine_transport_cytmem	optimal	1.205845
iDS372.xml	obj	R_T_L_Aspartate_transport_cytmem	optimal	1.209508
iDS372.xml	obj	R_T_L_Tyrosine_transport_cytmem	optimal	1.20088
iDS372.xml	obj	R_T_Lactate_transport_cytmem	optimal	1.209508
iDS372.xml	obj	R_T_NH3_cytmem	optimal	1.19339
iDS372.xml	obj	R_T_Nicotinate_transport_cytmem	optimal	0.0
iDS372.xml	obj	R_T_Oxygen_transport_cytmem	optimal	1.209508
iDS372.xml	obj	R_T_Pantothenate_transport_cytmem	optimal	0.0
iDS372.xml	obj	R_T_Pyruvate_transport_cytmem	optimal	1.200353
iDS372.xml	obj	R_Teichoic_Acid_cytop	optimal	0.0
iDS372.xml	obj	R_e_Cofactor_cytop	optimal	0.0
iDS372.xml	obj	R_e_DNA_cytop	optimal	0.0
iDS372.xml	obj	R_e_RNA_cytop	optimal	0.0
