{
 "frog_date": "2023-03-29",
 "frog_version": "0.1.2",
 "frog_curators": [
  "run-0329-2248"
 ],
 "software": {
  "frog": {
   "name": "cbmpyweb offline-curator",
   "version": "3.0",
   "url": "https://osf.io/t6mh3"
  },
  "toolbox": {
   "name": "cbmpy",
   "version": "0.8.5",
   "url": "https://systemsbioinformatics.github.io/cbmpy"
  },
  "solver": {
   "name": "CPLEX",
   "version": "22.1.0.0"
  }
 },
 "model_filename": "Canto-Encalada2022-FBA+of+simultaneous+degradation+of+ammonia+and+pollutants.xml",
 "model_md5": "e2ff97deaaa7992ba07a0cb5981295b7",
 "model_sha256": "2019a2a24914fd18829c7e988b83f9e5a7cc997a7cdad850d378b0021f0fdb30",
 "environment": "Windows 10 (64bit)"
}