model	objective	reaction	flux	status	minimum	maximum	fraction_optimum
iDS372.xml	obj	R_ATP_m_cytop	6.5	optimal	6.5	6.5	1.0
iDS372.xml	obj	R_Acyl__ACP__biosynthesis__cytop	0.055673	optimal	0.055672939376098844	0.055672939376098844	1.0
iDS372.xml	obj	R_Biomass_C3_cytop	1.209508	optimal	1.2095078005799422	1.2095078005799438	1.0
iDS372.xml	obj	R_Biomass_assembly_C3_cytop	1.209508	optimal	1.2095078005799422	1.2095078005799438	1.0
iDS372.xml	obj	R_Cell_wall_cytmem	0.314472	optimal	0.314472028150785	0.31447202815078545	1.0
iDS372.xml	obj	R_EX_Biomass_extr	1.209508	optimal	1.2095078005799422	1.2095078005799438	1.0
iDS372.xml	obj	R_EX_C00001_extr	-20.044425	optimal	-21.2349933520109	-20.04442480692481	1.0
iDS372.xml	obj	R_EX_C00007_extr	0.0	optimal	0.0	0.0	1.0
iDS372.xml	obj	R_EX_C00009_extr	-0.833055	optimal	-0.8330546736270885	-0.8330546736275508	1.0
iDS372.xml	obj	R_EX_C00011_extr	2.022076	optimal	2.0220755550294336	2.02207555503556	1.0
iDS372.xml	obj	R_EX_C00014_extr	1.995543	optimal	1.9955430995868304	3.186111644675234	1.0
iDS372.xml	obj	R_EX_C00022_extr	-0.699	optimal	-0.699	-0.6989999999997614	1.0
iDS372.xml	obj	R_EX_C00025_extr	-0.841502	optimal	-0.8415018888493744	0.0	1.0
iDS372.xml	obj	R_EX_C00027_extr	0.0	optimal	0.0	0.0	1.0
iDS372.xml	obj	R_EX_C00033_extr	30.628428	optimal	30.62842805773029	30.628428057731433	1.0
iDS372.xml	obj	R_EX_C00037_extr	-1.477	optimal	-1.477	-1.4769999999967405	1.0
iDS372.xml	obj	R_EX_C00041_extr	-0.989889	optimal	-0.9898889016644512	-0.9898889016637407	1.0
iDS372.xml	obj	R_EX_C00042_extr	-0.0	optimal	0.0	4.760636329592671e-13	1.0
iDS372.xml	obj	R_EX_C00047_extr	-0.599711	optimal	-0.5997112234150053	-0.5997112234150044	1.0
iDS372.xml	obj	R_EX_C00049_extr	-0.349067	optimal	-0.3490666562351141	0.0	1.0
iDS372.xml	obj	R_EX_C00058_extr	63.47703	optimal	63.47703019723171	63.47703019723206	1.0
iDS372.xml	obj	R_EX_C00059_extr	-0.0	optimal	0.0	0.0	1.0
iDS372.xml	obj	R_EX_C00062_extr	-0.356524	optimal	-0.3565243781805915	-0.35652437818059113	1.0
iDS372.xml	obj	R_EX_C00064_extr	-0.0	optimal	-0.8415018888496617	0.0	1.0
iDS372.xml	obj	R_EX_C00065_extr	-1.993	optimal	-1.993	-1.9929999999990298	1.0
iDS372.xml	obj	R_EX_C00073_extr	-0.23902	optimal	-0.2390200477814896	-0.2390200477807537	1.0
iDS372.xml	obj	R_EX_C00078_extr	-0.059064	optimal	-0.0590635313765123	-0.05906353137651222	1.0
iDS372.xml	obj	R_EX_C00079_extr	-0.296072	optimal	-0.2960722557503041	-0.29607225575030366	1.0
iDS372.xml	obj	R_EX_C00080_extr	-0.01175	optimal	-0.011750368282613	-0.01175036828272713	1.0
iDS372.xml	obj	R_EX_C00082_extr	-0.085	optimal	-0.085	-0.08499999999995803	1.0
iDS372.xml	obj	R_EX_C00089_extr	0.0	optimal	0.0	0.0	1.0
iDS372.xml	obj	R_EX_C00097_extr	-0.043923	optimal	-0.0439228234148657	-0.04392282341418402	1.0
iDS372.xml	obj	R_EX_C00106_extr	-0.082824	optimal	-0.08282447401089134	-0.0828244740105955	1.0
iDS372.xml	obj	R_EX_C00114_extr	-0.262677	optimal	-0.2626769819380565	-0.2626769819380561	1.0
iDS372.xml	obj	R_EX_C00116_extr	0.0	optimal	0.0	1.4504630135858676e-13	1.0
iDS372.xml	obj	R_EX_C00120_extr	-0.016892	optimal	-0.016892469746019725	-0.016892469746019705	1.0
iDS372.xml	obj	R_EX_C00122_extr	0.0	optimal	0.0	2.4788504582318183e-13	1.0
iDS372.xml	obj	R_EX_C00123_extr	-0.650313	optimal	-0.6503133042196562	-0.6503133042196554	1.0
iDS372.xml	obj	R_EX_C00124_extr	0.0	optimal	0.0	2.0605739337042905e-13	1.0
iDS372.xml	obj	R_EX_C00134_extr	0.0	optimal	-2.8066438062523957e-13	0.0	1.0
iDS372.xml	obj	R_EX_C00135_extr	-0.122471	optimal	-0.12247139623444525	-0.12247139623444506	1.0
iDS372.xml	obj	R_EX_C00140_extr	0.0	optimal	0.0	0.0	1.0
iDS372.xml	obj	R_EX_C00147_extr	-0.082332	optimal	-0.08233196724288241	-0.08233196724176944	1.0
iDS372.xml	obj	R_EX_C00148_extr	-0.209973	optimal	-0.20997252494099497	-0.20997252494072466	1.0
iDS372.xml	obj	R_EX_C00152_extr	-0.280506	optimal	-0.6295726153422905	-0.28050595910695275	1.0
iDS372.xml	obj	R_EX_C00153_extr	0.0	optimal	0.0	2.6037505485021484e-13	1.0
iDS372.xml	obj	R_EX_C00159_extr	0.0	optimal	0.0	0.0	1.0
iDS372.xml	obj	R_EX_C00183_extr	-0.441419	optimal	-0.44141877766114673	-0.44141877766062726	1.0
iDS372.xml	obj	R_EX_C00186_extr	-0.0	optimal	0.0	4.405364961712621e-13	1.0
iDS372.xml	obj	R_EX_C00188_extr	-0.344927	optimal	-0.3449271424450733	-0.34492714244417233	1.0
iDS372.xml	obj	R_EX_C00242_extr	-0.052227	optimal	-0.052227420726006196	-0.052227420725167756	1.0
iDS372.xml	obj	R_EX_C00243_extr	0.0	optimal	0.0	0.0	1.0
iDS372.xml	obj	R_EX_C00250_extr	-0.016696	optimal	-0.016696045679205542	-0.016696045679205525	1.0
iDS372.xml	obj	R_EX_C00253_extr	-0.01175	optimal	-0.011750368282890805	-0.01175036828263043	1.0
iDS372.xml	obj	R_EX_C00255_extr	-0.025262	optimal	-0.025261538021352586	-0.02526153802135256	1.0
iDS372.xml	obj	R_EX_C00262_extr	-0.0	optimal	-6.323830348264892e-13	0.0	1.0
iDS372.xml	obj	R_EX_C00266_extr	-0.0	optimal	0.0	0.0	1.0
iDS372.xml	obj	R_EX_C00267_extr	-31.71	optimal	-31.71	-31.709999999999898	1.0
iDS372.xml	obj	R_EX_C00288_extr	0.0	optimal	0.0	0.0	1.0
iDS372.xml	obj	R_EX_C00378_extr	-0.009702	optimal	-0.009701945871571962	-0.00970194587157195	1.0
iDS372.xml	obj	R_EX_C00392_extr	0.0	optimal	0.0	0.0	1.0
iDS372.xml	obj	R_EX_C00407_extr	-0.462591	optimal	-0.4625906658932117	-0.4625906658927933	1.0
iDS372.xml	obj	R_EX_C00469_extr	29.831147	optimal	29.831147058395853	29.83114705839683	1.0
iDS372.xml	obj	R_EX_C00492_extr	0.0	optimal	0.0	0.0	1.0
iDS372.xml	obj	R_EX_C00504_extr	-0.026959	optimal	-0.02695920317024659	-0.026959203170226903	1.0
iDS372.xml	obj	R_EX_C00750_extr	0.0	optimal	0.0	0.0	1.0
iDS372.xml	obj	R_EX_C00864_extr	-0.005374	optimal	-0.005373601256416574	-0.005373601256415839	1.0
iDS372.xml	obj	R_EX_C01330_extr	0.0	optimal	0.0	0.0	1.0
iDS372.xml	obj	R_EX_C01613_extr	0.0	optimal	0.0	0.0	1.0
iDS372.xml	obj	R_EX_C01762_extr	0.0	optimal	0.0	0.0	1.0
iDS372.xml	obj	R_EX_C03089_extr	0.069197	optimal	0.0691973926805392	0.06919739268053929	1.0
iDS372.xml	obj	R_EX_C14818_extr	0.0	optimal	0.0	0.0	1.0
iDS372.xml	obj	R_Fatty_acid_cytop	0.01307	optimal	0.013070338011625444	0.013070338011625465	1.0
iDS372.xml	obj	R_LCTO_cytop	0.0	optimal	0.0	0.0	1.0
iDS372.xml	obj	R_Lipid_entity_cytop	0.015506	optimal	0.01550589000343486	0.01550589000343488	1.0
iDS372.xml	obj	R_Lipoteichoic_Acid_cytop	0.036479	optimal	0.036478755265491054	0.03647875526549111	1.0
iDS372.xml	obj	R_Protein_cytop	0.71361	optimal	0.7136096023421659	0.7136096023421669	1.0
iDS372.xml	obj	R_R00004_C3_cytop	1.486355	optimal	1.4863545840794745	1.7744676214977866	1.0
iDS372.xml	obj	R_R00014_C3_cytop	0.0	optimal	0.0	0.0	1.0
iDS372.xml	obj	R_R00066_C3_cytop	0.0	optimal	0.0	0.0	1.0
iDS372.xml	obj	R_R00086_C3_cytop	0.0	optimal	0.0	0.0	1.0
iDS372.xml	obj	R_R00104_C3_cytop	0.005542	optimal	0.0055419647422573215	0.005541964742257299	1.0
iDS372.xml	obj	R_R00127_C3_cytop	0.0	optimal	0.0	1.7852386235972517e-13	1.0
iDS372.xml	obj	R_R00130_C3_cytop	0.005374	optimal	0.005373601256415839	0.005373601256416574	1.0
iDS372.xml	obj	R_R00137_C3_cytop	0.0	optimal	0.0	0.0	1.0
iDS372.xml	obj	R_R00150_C3_cytop	0.0	optimal	0.0	2.8066438062523957e-13	1.0
iDS372.xml	obj	R_R00156_C3_cytop	0.626964	optimal	0.6269637005752862	0.9150767379925876	1.0
iDS372.xml	obj	R_R00158_C3_cytop	0.195061	optimal	0.19506129624780078	0.19506129624823768	1.0
iDS372.xml	obj	R_R00161_C3_cytop	0.005254	optimal	0.005254343787279386	0.005254343787279392	1.0
iDS372.xml	obj	R_R00174_C3_cytop	0.016696	optimal	0.016696045679205525	0.016696045679205542	1.0
iDS372.xml	obj	R_R00177_C3_cytop	0.079552	optimal	0.07955174705974398	0.07955174705974406	1.0
iDS372.xml	obj	R_R00178_C3_cytop	0.069197	optimal	0.0691973926805392	0.06919739268053927	1.0
iDS372.xml	obj	R_R00183_C3_cytop	0.0	optimal	0.0	1.6064927166326015e-13	1.0
iDS372.xml	obj	R_R00188_C3_cytop	0.0	optimal	0.0	0.0	1.0
iDS372.xml	obj	R_R00189_C3_cytop	0.01175	optimal	0.011750368282633872	0.011750368282846424	1.0
iDS372.xml	obj	R_R00190_C3_cytop	0.151529	optimal	0.15152935992158212	0.15152935992378375	1.0
iDS372.xml	obj	R_R00199_C3_cytop	0.178355	optimal	0.1783552753338995	0.4664683127517151	1.0
iDS372.xml	obj	R_R00200_C3_cytop	28.617812	optimal	0.0	28.61781240161698	1.0
iDS372.xml	obj	R_R00207_C3_cytop	0.0	optimal	0.0	0.0	1.0
iDS372.xml	obj	R_R00209_C3_cytop	0.0	optimal	0.0	0.0	1.0
iDS372.xml	obj	R_R00212_C3_cytop	63.47703	optimal	63.47703019723025	63.47703019723281	1.0
iDS372.xml	obj	R_R00220_C3_cytop	2.113903	optimal	0.0	2.113903244836005	1.0
iDS372.xml	obj	R_R00226_C3_cytop	0.0	optimal	0.0	8.328893130737924e-13	1.0
iDS372.xml	obj	R_R00228_C3_cytop	-29.841366	optimal	-29.841365643921836	-29.84136564392086	1.0
iDS372.xml	obj	R_R00230_C3_cytop	-30.628428	optimal	-30.628428057732126	-30.628428057730204	1.0
iDS372.xml	obj	R_R00238_C3_cytop	0.673505	optimal	0.6735047426905364	0.6735047426905367	1.0
iDS372.xml	obj	R_R00239_C3_cytop	0.0	optimal	0.0	1.7053025658242404e-13	1.0
iDS372.xml	obj	R_R00248_C3_cytop	0.0	optimal	0.0	2.928768338961163e-13	1.0
iDS372.xml	obj	R_R00253_C3_cytop	0.0	optimal	0.0	1.0196288258157438e-12	1.0
iDS372.xml	obj	R_R00256_C3_cytop	0.841226	optimal	0.0	1000.0	1.0
iDS372.xml	obj	R_R00258_C3_cytop	0.157959	optimal	-999.5971299090319	0.15795927544554195	1.0
iDS372.xml	obj	R_R00260_C3_cytop	0.122455	optimal	-999.6326337767143	0.12245540776191584	1.0
iDS372.xml	obj	R_R00281_C3_cytop	0.0	optimal	0.0	0.0	1.0
iDS372.xml	obj	R_R00289_C3_cytop	0.009957	optimal	0.009957047924664652	0.009957047924664652	1.0
iDS372.xml	obj	R_R00291_C3_cytop	0.0	optimal	0.0	1.3385993702375032e-13	1.0
iDS372.xml	obj	R_R00315_C3_cytop	-30.628428	optimal	-30.62842805773134	-30.628428057730375	1.0
iDS372.xml	obj	R_R00317_C3_cytop	0.0	optimal	0.0	9.663381206337363e-13	1.0
iDS372.xml	obj	R_R00330_C3_cytop	0.052227	optimal	-28.565584980892062	0.34034045814343017	1.0
iDS372.xml	obj	R_R00332_C3_cytop	0.052227	optimal	0.052227420725324075	0.05222742072556308	1.0
iDS372.xml	obj	R_R00345_C3_cytop	0.0	optimal	0.0	-2.972067036921544e-13	1.0
iDS372.xml	obj	R_R00355_C3_cytop	0.0	optimal	0.0	0.0	1.0
iDS372.xml	obj	R_R00401_C3_cytop	0.244911	optimal	0.24491081552383137	1000.0	1.0
iDS372.xml	obj	R_R00416_C3_cytop	0.544401	optimal	0.5444007641647364	0.5444007641647371	1.0
iDS372.xml	obj	R_R00418_C3_cytop	0.29949	optimal	0.299489948640905	0.29948994864090517	1.0
iDS372.xml	obj	R_R00426_C3_cytop	0.0	optimal	0.0	4.1130987504800487e-13	1.0
iDS372.xml	obj	R_R00428_C3_cytop	0.0	optimal	0.0	0.0	1.0
iDS372.xml	obj	R_R00430_C3_cytop	0.0	optimal	0.0	28.617812401617137	1.0
iDS372.xml	obj	R_R00451_C3_cytop	0.0	optimal	0.0	0.0	1.0
iDS372.xml	obj	R_R00462_C3_cytop	0.040386	optimal	0.040386191166044624	0.04038619116604467	1.0
iDS372.xml	obj	R_R00480_C3_cytop	0.0	optimal	0.0	0.0	1.0
iDS372.xml	obj	R_R00483_C3_cytop	0.0	optimal	0.0	4.296007993787043e-13	1.0
iDS372.xml	obj	R_R00485_C3_cytop	0.0	optimal	0.0	0.34906665623388566	1.0
iDS372.xml	obj	R_R00506_C3_cytop	0.0	optimal	0.0	0.0	1.0
iDS372.xml	obj	R_R00511_C3_cytop	0.0	optimal	0.0	8.314529620356836e-13	1.0
iDS372.xml	obj	R_R00512_C3_cytop	0.016015	optimal	0.01601450898188922	0.016014508982099284	1.0
iDS372.xml	obj	R_R00513_C3_cytop	0.0	optimal	0.0	3.126388037344441e-13	1.0
iDS372.xml	obj	R_R00516_C3_cytop	0.0	optimal	0.0	2.8292646003791333e-13	1.0
iDS372.xml	obj	R_R00517_C3_cytop	0.0	optimal	0.0	3.1893931939919185e-13	1.0
iDS372.xml	obj	R_R00549_C3_cytop	0.014297	optimal	0.01429686600597515	0.014296866005975167	1.0
iDS372.xml	obj	R_R00566_C3_cytop	0.095616	optimal	0.09561642966614083	0.09561642966704681	1.0
iDS372.xml	obj	R_R00570_C3_cytop	0.016015	optimal	0.009293499766867108	0.016014508982397712	1.0
iDS372.xml	obj	R_R00571_C3_cytop	0.0	optimal	0.0	0.038439434457861535	1.0
iDS372.xml	obj	R_R00573_C3_cytop	0.038439	optimal	0.0	0.03843943445759153	1.0
iDS372.xml	obj	R_R00575_C3_cytop	0.0	optimal	0.0	4.689582056016661e-13	1.0
iDS372.xml	obj	R_R00590_C3_cytop	0.0	optimal	0.0	2.113903244836005	1.0
iDS372.xml	obj	R_R00619_C3_cytop	0.009702	optimal	0.00970194587157195	0.00970194587157196	1.0
iDS372.xml	obj	R_R00658_C3_cytop	60.944542	optimal	60.9445416356023	60.944541635604075	1.0
iDS372.xml	obj	R_R00660_C3_cytop	0.122455	optimal	0.12245540776191569	0.12245540776191587	1.0
iDS372.xml	obj	R_R00662_C3_cytop	0.0	optimal	0.0	4.640732242933154e-13	1.0
iDS372.xml	obj	R_R00694_C3_cytop	0.0	optimal	-1.2934098236883074e-13	0.0	1.0
iDS372.xml	obj	R_R00703_C3_cytop	0.0	optimal	0.0	1.5987211554602254e-12	1.0
iDS372.xml	obj	R_R00734_C3_cytop	-0.157959	optimal	-0.15795927544524682	-0.15795927544512417	1.0
iDS372.xml	obj	R_R00742_C3_cytop	0.386649	optimal	0.3866485639670065	0.38664856396700736	1.0
iDS372.xml	obj	R_R00754_C3_cytop	-29.831147	optimal	-29.831147058396805	-29.831147058395082	1.0
iDS372.xml	obj	R_R00760_C3_cytop	0.0	optimal	0.0	0.0	1.0
iDS372.xml	obj	R_R00765_C3_cytop	0.0	optimal	0.0	999.4555992358353	1.0
iDS372.xml	obj	R_R00768_C3_cytop	0.544401	optimal	0.5444007641647364	1000.0	1.0
iDS372.xml	obj	R_R00771_C3_cytop	31.564707	optimal	0.0	1000.0	1.0
iDS372.xml	obj	R_R00802_C3_cytop	0.0	optimal	0.0	0.0	1.0
iDS372.xml	obj	R_R00803_C3_cytop	0.0	optimal	-1.8829382497642655e-13	0.0	1.0
iDS372.xml	obj	R_R00842_C3_cytop	0.037302	optimal	0.03730211317511589	0.037315798595418864	1.0
iDS372.xml	obj	R_R00844_C3_cytop	0.0	optimal	0.0	6.536993168992922e-13	1.0
iDS372.xml	obj	R_R00847_C3_cytop	0.0	optimal	0.0	2.977817645244407e-13	1.0
iDS372.xml	obj	R_R00867_C3_cytop	0.0	optimal	0.0	0.0	1.0
iDS372.xml	obj	R_R00921_C3_cytop	0.0	optimal	0.0	0.0	1.0
iDS372.xml	obj	R_R00936_C3_cytop	0.010219	optimal	0.01021858552365984	0.010218585525064383	1.0
iDS372.xml	obj	R_R00937_C3_cytop	0.026959	optimal	0.026959203170188406	0.02695920317024659	1.0
iDS372.xml	obj	R_R00939_C3_cytop	0.0	optimal	0.0	1.3463605230690234e-12	1.0
iDS372.xml	obj	R_R00943_C3_cytop	0.0	optimal	0.0	1.8189894035458565e-12	1.0
iDS372.xml	obj	R_R00945_C3_cytop	0.515472	optimal	0.5154722127930673	0.5154722127942282	1.0
iDS372.xml	obj	R_R00946_C3_cytop	0.0	optimal	-6.039647948430371e-13	7.105427357601002e-13	1.0
iDS372.xml	obj	R_R00955_C3_cytop	0.0	optimal	0.0	2.0605739337042905e-13	1.0
iDS372.xml	obj	R_R00959_C3_cytop	999.990043	optimal	-1000.0	999.9900429520753	1.0
iDS372.xml	obj	R_R00963_C3_cytop	0.0	optimal	0.0	1.6064927166326015e-13	1.0
iDS372.xml	obj	R_R00964_C3_cytop	0.0	optimal	0.0	0.2881130374176877	1.0
iDS372.xml	obj	R_R00965_C3_cytop	0.0	optimal	0.0	6.892264536872972e-13	1.0
iDS372.xml	obj	R_R00966_C3_cytop	0.215507	optimal	-0.07260588848715571	0.21550714893172004	1.0
iDS372.xml	obj	R_R00967_C3_cytop	0.0	optimal	0.0	0.28811303741730143	1.0
iDS372.xml	obj	R_R00968_C3_cytop	0.0	optimal	0.0	0.2881130374176869	1.0
iDS372.xml	obj	R_R00985_C3_cytop	0.0	optimal	0.0	0.0	1.0
iDS372.xml	obj	R_R00986_C3_cytop	0.0	optimal	0.0	0.0	1.0
iDS372.xml	obj	R_R00996_C3_cytop	0.0	optimal	0.0	4.177769241664464e-13	1.0
iDS372.xml	obj	R_R00999_C3_cytop	0.0	optimal	0.0	3.22741833258533e-13	1.0
iDS372.xml	obj	R_R01015_C3_cytop	-30.526968	optimal	-30.526968223785058	-30.52696822378439	1.0
iDS372.xml	obj	R_R01021_C3_cytop	0.262677	optimal	0.2626769819380561	0.2626769819380565	1.0
iDS372.xml	obj	R_R01049_C3_cytop	0.0	optimal	0.0	0.28811303741849414	1.0
iDS372.xml	obj	R_R01056_C3_cytop	0.309594	optimal	0.30959397324465954	0.30959397324625115	1.0
iDS372.xml	obj	R_R01057_C3_cytop	0.288113	optimal	7.949751967828433e-13	0.2881130374176877	1.0
iDS372.xml	obj	R_R01058_C3_cytop	0.0	optimal	0.0	4.575895218295045e-12	1.0
iDS372.xml	obj	R_R01061_C3_cytop	60.944542	optimal	60.944541635601134	60.944541635603095	1.0
iDS372.xml	obj	R_R01066_C3_cytop	-0.010219	optimal	-0.010218585525006207	-0.010218585523735642	1.0
iDS372.xml	obj	R_R01069_C3_cytop	0.0	optimal	0.0	0.0	1.0
iDS372.xml	obj	R_R01070_C3_cytop	30.56427	optimal	30.564270336960167	30.564270336960853	1.0
iDS372.xml	obj	R_R01072_C3_cytop	0.0	optimal	0.0	0.0	1.0
iDS372.xml	obj	R_R01073_C3_cytop	0.0	optimal	0.0	0.0	1.0
iDS372.xml	obj	R_R01083_C3_cytop	0.0	optimal	0.0	2.2453150450019166e-12	1.0
iDS372.xml	obj	R_R01086_C3_cytop	0.0	optimal	0.0	0.0	1.0
iDS372.xml	obj	R_R01090_C3_cytop	0.0	optimal	0.0	0.0	1.0
iDS372.xml	obj	R_R01092_C3_cytop	0.0	optimal	0.0	0.0	1.0
iDS372.xml	obj	R_R01105_C3_cytop	0.0	optimal	0.0	0.0	1.0
iDS372.xml	obj	R_R01121_C3_cytop	0.673505	optimal	0.6735047426905364	0.6735047426905373	1.0
iDS372.xml	obj	R_R01123_C3_cytop	0.061228	optimal	0.06122770388095784	0.06122770388095799	1.0
iDS372.xml	obj	R_R01126_C3_cytop	0.0	optimal	0.0	1.45328193923433e-13	1.0
iDS372.xml	obj	R_R01127_C3_cytop	0.0	optimal	0.0	0.0	1.0
iDS372.xml	obj	R_R01130_C3_cytop	0.0	optimal	0.0	6.465938895416912e-13	1.0
iDS372.xml	obj	R_R01132_C3_cytop	0.0	optimal	-2.0242418852234323e-12	0.0	1.0
iDS372.xml	obj	R_R01134_C3_cytop	0.0	optimal	0.0	6.821210263296962e-13	1.0
iDS372.xml	obj	R_R01135_C3_cytop	0.0	optimal	0.0	1.8189894035458565e-12	1.0
iDS372.xml	obj	R_R01148_C3_cytop	0.0	optimal	0.0	999.7550891844762	1.0
iDS372.xml	obj	R_R01150_C3_cytop	0.122455	optimal	0.12245540776191569	0.12245540776191577	1.0
iDS372.xml	obj	R_R01152_C3_cytop	0.095616	optimal	0.09561642966704677	0.09561642966704688	1.0
iDS372.xml	obj	R_R01214_C3_cytop	0.0	optimal	0.0	6.623590564913684e-13	1.0
iDS372.xml	obj	R_R01220_C3_cytop	0.008713	optimal	0.008712810389983937	0.008712810392257674	1.0
iDS372.xml	obj	R_R01221_C3_cytop	0.543383	optimal	0.5433829946209201	0.5433829946230118	1.0
iDS372.xml	obj	R_R01224_C3_cytop	0.0	optimal	0.0	1.3820090905003468e-12	1.0
iDS372.xml	obj	R_R01227_C3_cytop	0.0	optimal	0.0	0.0	1.0
iDS372.xml	obj	R_R01229_C3_cytop	0.052227	optimal	0.0522274207247059	0.05222742072657463	1.0
iDS372.xml	obj	R_R01230_C3_cytop	0.0	optimal	0.0	1.5631940186722204e-13	1.0
iDS372.xml	obj	R_R01231_C3_cytop	0.0	optimal	0.0	1.5631940186722204e-13	1.0
iDS372.xml	obj	R_R01251_C3_cytop	0.0	optimal	0.0	4.831690603168681e-13	1.0
iDS372.xml	obj	R_R01286_C3_cytop	0.0	optimal	0.0	5.684341886080801e-13	1.0
iDS372.xml	obj	R_R01373_C3_cytop	0.0	optimal	0.0	1.3133938381315602e-13	1.0
iDS372.xml	obj	R_R01397_C3_cytop	0.0	optimal	0.0	6.181721801112872e-13	1.0
iDS372.xml	obj	R_R01401_C3_cytop	0.069197	optimal	0.0691973926805392	0.06919739268053927	1.0
iDS372.xml	obj	R_R01416_C3_cytop	0.095616	optimal	0.09561642966704677	0.09561642966704686	1.0
iDS372.xml	obj	R_R01466_C3_cytop	0.0	optimal	0.0	2.2737367544323206e-13	1.0
iDS372.xml	obj	R_R01512_C3_cytop	60.944542	optimal	60.944541635601965	60.944541635603	1.0
iDS372.xml	obj	R_R01515_C3_cytop	0.0	optimal	0.0	2.7711166694643907e-13	1.0
iDS372.xml	obj	R_R01518_C3_cytop	-60.944542	optimal	-60.94454163560336	-60.944541635602725	1.0
iDS372.xml	obj	R_R01524_C3_cytop	0.146442	optimal	0.14644192837766923	0.14644192837929187	1.0
iDS372.xml	obj	R_R01525_C3_cytop	0.0	optimal	0.0	1.6224799281872038e-12	1.0
iDS372.xml	obj	R_R01528_C3_cytop	0.341038	optimal	0.3410384978337746	0.34103849783707424	1.0
iDS372.xml	obj	R_R01529_C3_cytop	-0.114997	optimal	-0.11499740379017664	-0.11499740378801387	1.0
iDS372.xml	obj	R_R01547_C3_cytop	0.0	optimal	0.0	0.0	1.0
iDS372.xml	obj	R_R01561_C3_cytop	0.0	optimal	-7.279732372467151e-13	0.0	1.0
iDS372.xml	obj	R_R01600_C3_cytop	0.0	optimal	0.0	0.0	1.0
iDS372.xml	obj	R_R01602_C3_cytop	0.0	optimal	0.0	0.0	1.0
iDS372.xml	obj	R_R01624_C3_cytop	0.055673	optimal	0.055672939376098844	0.0556729393760989	1.0
iDS372.xml	obj	R_R01625_C3_cytop	0.0	optimal	0.0	0.0	1.0
iDS372.xml	obj	R_R01626_C3_cytop	0.386649	optimal	0.3866485639670065	0.386648563967007	1.0
iDS372.xml	obj	R_R01641_C3_cytop	-999.978519	optimal	-999.9785190641727	0.021480935828549264	1.0
iDS372.xml	obj	R_R01652_C3_cytop	0.0	optimal	0.0	0.0	1.0
iDS372.xml	obj	R_R01655_C3_cytop	0.008713	optimal	0.008712810390438685	0.008712810392257674	1.0
iDS372.xml	obj	R_R01658_C3_cytop	0.061228	optimal	0.06122770388095784	0.06122770388095794	1.0
iDS372.xml	obj	R_R01664_C3_cytop	0.0	optimal	0.0	2.865485626557529e-13	1.0
iDS372.xml	obj	R_R01665_C3_cytop	0.0	optimal	-2.176106517204346e-13	0.0	1.0
iDS372.xml	obj	R_R01678_C3_cytop	0.0	optimal	0.0	0.0	1.0
iDS372.xml	obj	R_R01706_C3_cytop	0.0	optimal	0.0	0.0	1.0
iDS372.xml	obj	R_R01714_C3_cytop	0.157959	optimal	0.15795927544512417	0.1579592754451888	1.0
iDS372.xml	obj	R_R01715_C3_cytop	0.157959	optimal	0.15795927544512417	0.1579592754452555	1.0
iDS372.xml	obj	R_R01716_C3_cytop	0.0	optimal	0.0	0.0	1.0
iDS372.xml	obj	R_R01724_C3_cytop	0.01175	optimal	0.011750368282634205	0.011750368282387236	1.0
iDS372.xml	obj	R_R01728_C3_cytop	0.157959	optimal	0.15795927544512417	0.15795927544522662	1.0
iDS372.xml	obj	R_R01771_C3_cytop	0.0	optimal	0.0	2.2737367544323206e-13	1.0
iDS372.xml	obj	R_R01773_C3_cytop	0.0	optimal	-6.821210263296962e-13	2.5579538487363607e-13	1.0
iDS372.xml	obj	R_R01775_C3_cytop	0.0	optimal	0.0	0.0	1.0
iDS372.xml	obj	R_R01777_C3_cytop	0.0	optimal	0.0	2.5579538487363607e-13	1.0
iDS372.xml	obj	R_R01786_C3_cytop	0.0	optimal	0.0	0.0	1.0
iDS372.xml	obj	R_R01799_C3_cytop	0.016015	optimal	0.016014508981842597	0.0160145089818426	1.0
iDS372.xml	obj	R_R01801_C3_cytop	0.016001	optimal	0.01600081249354417	0.01601450660672077	1.0
iDS372.xml	obj	R_R01819_C3_cytop	0.0	optimal	-2.569888746251081e-13	0.0	1.0
iDS372.xml	obj	R_R01826_C3_cytop	0.157959	optimal	0.15795927544512417	0.15795927544524263	1.0
iDS372.xml	obj	R_R01827_C3_cytop	0.021481	optimal	0.021480935827246084	0.021480935828549264	1.0
iDS372.xml	obj	R_R01830_C3_cytop	0.136478	optimal	0.1364783396165749	0.13647833961787834	1.0
iDS372.xml	obj	R_R01855_C3_cytop	0.0	optimal	0.0	0.0	1.0
iDS372.xml	obj	R_R01863_C3_cytop	0.0	optimal	0.0	-2.468025783741723e-13	1.0
iDS372.xml	obj	R_R01867_C3_cytop	0.0	optimal	0.0	1.8189894035458565e-12	1.0
iDS372.xml	obj	R_R01869_C3_cytop	0.0	optimal	-6.181721801112872e-13	1.8189894035458565e-12	1.0
iDS372.xml	obj	R_R01870_C3_cytop	0.0	optimal	0.0	1.4921397450962104e-13	1.0
iDS372.xml	obj	R_R01876_C3_cytop	-0.288113	optimal	-0.2881130374183335	-1.7680301667155618e-13	1.0
iDS372.xml	obj	R_R01878_C3_cytop	0.0	optimal	0.0	6.958426890246727e-13	1.0
iDS372.xml	obj	R_R01880_C3_cytop	0.0	optimal	0.0	0.0	1.0
iDS372.xml	obj	R_R01920_C3_cytop	0.048804	optimal	0.04880436545808103	0.04880436545808105	1.0
iDS372.xml	obj	R_R01954_C3_cytop	0.0	optimal	0.0	0.0	1.0
iDS372.xml	obj	R_R01978_C3_cytop	0.673505	optimal	0.6735047426905364	0.6735047426905371	1.0
iDS372.xml	obj	R_R01993_C3_cytop	0.0	optimal	0.0	1.4921397450962104e-13	1.0
iDS372.xml	obj	R_R02003_C3_cytop	0.061228	optimal	0.06122770388095784	0.061227703880957884	1.0
iDS372.xml	obj	R_R02014_C3_cytop	0.010245	optimal	0.010244910884781327	0.010244910884781341	1.0
iDS372.xml	obj	R_R02016_C3_cytop	0.023727	optimal	0.023726558888630872	0.023726558889692995	1.0
iDS372.xml	obj	R_R02017_C3_cytop	0.0	optimal	0.0	0.0	1.0
iDS372.xml	obj	R_R02018_C3_cytop	0.0	optimal	0.0	4.368727601899991e-13	1.0
iDS372.xml	obj	R_R02019_C3_cytop	0.0	optimal	0.0	0.0	1.0
iDS372.xml	obj	R_R02020_C3_cytop	0.006761	optimal	0.0067606387888522875	0.006760638788852298	1.0
iDS372.xml	obj	R_R02022_C3_cytop	0.006721	optimal	0.0	0.006721009215214867	1.0
iDS372.xml	obj	R_R02023_C3_cytop	0.0	optimal	0.0	4.368727601899991e-13	1.0
iDS372.xml	obj	R_R02024_C3_cytop	0.0	optimal	0.0	0.006721009215113205	1.0
iDS372.xml	obj	R_R02029_C3_cytop	0.016001	optimal	0.01600081249354417	0.0160145066067208	1.0
iDS372.xml	obj	R_R02030_C3_cytop	1.4e-05	optimal	1.3696487872749685e-05	1.369648829842809e-05	1.0
iDS372.xml	obj	R_R02035_C3_cytop	0.341038	optimal	0.3410384978331634	0.34103849783706713	1.0
iDS372.xml	obj	R_R02059_C3_cytop	0.0	optimal	0.0	0.0	1.0
iDS372.xml	obj	R_R02060_C3_cytop	-0.544401	optimal	-0.5444007641647371	-0.5444007641647364	1.0
iDS372.xml	obj	R_R02081_C3_cytop	0.673505	optimal	0.6735047426905364	0.6735047426905373	1.0
iDS372.xml	obj	R_R02090_C3_cytop	0.0	optimal	0.0	0.0	1.0
iDS372.xml	obj	R_R02091_C3_cytop	0.0	optimal	0.0	0.0	1.0
iDS372.xml	obj	R_R02093_C3_cytop	0.010219	optimal	0.0102185855250062	0.29833162294309545	1.0
iDS372.xml	obj	R_R02094_C3_cytop	0.010219	optimal	0.0102185855250062	0.010218585525006214	1.0
iDS372.xml	obj	R_R02096_C3_cytop	0.0	optimal	0.0	1.1735751259678295e-13	1.0
iDS372.xml	obj	R_R02097_C3_cytop	0.0	optimal	0.0	0.28811303741808925	1.0
iDS372.xml	obj	R_R02098_C3_cytop	0.0	optimal	-4.3685541295523933e-13	0.0	1.0
iDS372.xml	obj	R_R02099_C3_cytop	0.010219	optimal	0.010218585524569345	0.010218585525304746	1.0
iDS372.xml	obj	R_R02101_C3_cytop	0.010219	optimal	0.0102185855250062	0.010218585525006214	1.0
iDS372.xml	obj	R_R02102_C3_cytop	0.0	optimal	0.0	8.314529620356836e-13	1.0
iDS372.xml	obj	R_R02142_C3_cytop	0.0	optimal	0.0	0.0	1.0
iDS372.xml	obj	R_R02147_C3_cytop	0.0	optimal	2.1452284393319587e-13	0.0	1.0
iDS372.xml	obj	R_R02199_C3_cytop	0.0	optimal	0.0	4.177769241664464e-13	1.0
iDS372.xml	obj	R_R02237_C3_cytop	0.0	optimal	0.0	0.0	1.0
iDS372.xml	obj	R_R02239_C3_cytop	0.005287	optimal	0.0052867917003940985	0.005286791701413727	1.0
iDS372.xml	obj	R_R02240_C3_cytop	0.0	optimal	0.0	5.790923296444817e-13	1.0
iDS372.xml	obj	R_R02245_C3_cytop	0.673505	optimal	0.6735047426905364	0.6735047426905373	1.0
iDS372.xml	obj	R_R02291_C3_cytop	0.0	optimal	0.0	0.0	1.0
iDS372.xml	obj	R_R02294_C3_cytop	0.0	optimal	0.0	0.0	1.0
iDS372.xml	obj	R_R02295_C3_cytop	0.0	optimal	0.0	-3.5205172110863714e-13	1.0
iDS372.xml	obj	R_R02297_C3_cytop	0.0	optimal	-1.7763568394002505e-13	0.0	1.0
iDS372.xml	obj	R_R02323_C3_cytop	0.0	optimal	0.0	0.0	1.0
iDS372.xml	obj	R_R02326_C3_cytop	0.288113	optimal	-1.7501972093825202e-13	0.29483404663267976	1.0
iDS372.xml	obj	R_R02327_C3_cytop	0.288113	optimal	0.0	0.2881130374176825	1.0
iDS372.xml	obj	R_R02331_C3_cytop	0.0	optimal	0.0	0.0	1.0
iDS372.xml	obj	R_R02371_C3_cytop	0.0	optimal	0.0	3.181213972802688e-13	1.0
iDS372.xml	obj	R_R02412_C3_cytop	0.157959	optimal	0.15795927544512417	0.1579592754451868	1.0
iDS372.xml	obj	R_R02413_C3_cytop	0.157959	optimal	0.15795927544512417	0.15795927544528954	1.0
iDS372.xml	obj	R_R02484_C3_cytop	-0.010219	optimal	-0.010218585525006213	-0.010218585523735642	1.0
iDS372.xml	obj	R_R02485_C3_cytop	0.0	optimal	0.0	0.0	1.0
iDS372.xml	obj	R_R02569_C3_cytop	0.0	optimal	0.0	0.0	1.0
iDS372.xml	obj	R_R02689_C3_cytop	0.005287	optimal	0.0052867917003940985	0.005286791700394105	1.0
iDS372.xml	obj	R_R02703_C3_cytop	0.0	optimal	0.0	0.0	1.0
iDS372.xml	obj	R_R02719_C3_cytop	0.0	optimal	0.0	0.0	1.0
iDS372.xml	obj	R_R02722_C3_cytop	0.0	optimal	0.0	1.2789769243681803e-13	1.0
iDS372.xml	obj	R_R02733_C3_cytop	0.0	optimal	0.0	0.0	1.0
iDS372.xml	obj	R_R02735_C3_cytop	0.0	optimal	0.0	0.0	1.0
iDS372.xml	obj	R_R02736_C3_cytop	0.341038	optimal	0.3410384978339096	0.34103849783681844	1.0
iDS372.xml	obj	R_R02739_C3_cytop	1000.0	optimal	-999.658961502165	1000.0	1.0
iDS372.xml	obj	R_R02740_C3_cytop	-1000.0	optimal	-1000.0	1000.0	1.0
iDS372.xml	obj	R_R02749_C3_cytop	-0.010219	optimal	-0.010218585525006214	-0.010218585524569345	1.0
iDS372.xml	obj	R_R02783_C3_cytop	0.122455	optimal	0.12245540776191569	0.12245540776191582	1.0
iDS372.xml	obj	R_R02786_C3_cytop	0.122455	optimal	0.12245540776191569	0.12245540776191582	1.0
iDS372.xml	obj	R_R02869_C3_cytop	0.020393	optimal	0.020393027222458178	0.020393027222458178	1.0
iDS372.xml	obj	R_R03005_C3_cytop	0.01175	optimal	0.011750368282636953	0.011750368282890805	1.0
iDS372.xml	obj	R_R03018_C3_cytop	0.005374	optimal	0.005373601256415839	0.005373601256432298	1.0
iDS372.xml	obj	R_R03035_C3_cytop	0.005374	optimal	0.005373601256415839	0.005373601256416574	1.0
iDS372.xml	obj	R_R03066_C3_cytop	0.0	optimal	-9.202638651117923e-13	0.0	1.0
iDS372.xml	obj	R_R03067_C3_cytop	0.0	optimal	0.0	0.0	1.0
iDS372.xml	obj	R_R03083_C3_cytop	0.157959	optimal	0.15795927544512417	0.1579592754451888	1.0
iDS372.xml	obj	R_R03084_C3_cytop	0.157959	optimal	0.15795927544512417	0.1579592754452535	1.0
iDS372.xml	obj	R_R03191_C3_cytop	0.0	optimal	0.0	7.989997552471095e-13	1.0
iDS372.xml	obj	R_R03192_C3_cytop	0.122455	optimal	0.12245540776191569	0.12245540776271469	1.0
iDS372.xml	obj	R_R03193_C3_cytop	0.122455	optimal	0.12245540776191569	0.12245540776191582	1.0
iDS372.xml	obj	R_R03236_C3_cytop	0.0	optimal	0.0	0.0	1.0
iDS372.xml	obj	R_R03240_C3_cytop	0.0	optimal	0.0	0.0	1.0
iDS372.xml	obj	R_R03245_C3_cytop	0.673505	optimal	0.6735047426905364	0.6735047426905367	1.0
iDS372.xml	obj	R_R03256_C3_cytop	0.0	optimal	0.0	0.0	1.0
iDS372.xml	obj	R_R03260_C3_cytop	0.0	optimal	0.0	5.968558980384842e-13	1.0
iDS372.xml	obj	R_R03269_C3_cytop	0.005374	optimal	0.005373601256415839	0.005373601256416574	1.0
iDS372.xml	obj	R_R03270_C3_cytop	0.0	optimal	0.0	0.0	1.0
iDS372.xml	obj	R_R03313_C3_cytop	0.0	optimal	0.0	1.4643841694805815e-13	1.0
iDS372.xml	obj	R_R03314_C3_cytop	0.0	optimal	0.0	1.7053025658242404e-13	1.0
iDS372.xml	obj	R_R03321_C3_cytop	999.658962	optimal	-1000.0	999.6589615021669	1.0
iDS372.xml	obj	R_R03346_C3_cytop	0.0	optimal	0.0	8.736344980775357e-13	1.0
iDS372.xml	obj	R_R03460_C3_cytop	0.157959	optimal	0.15795927544512417	0.15795927544524263	1.0
iDS372.xml	obj	R_R03503_C3_cytop	0.0	optimal	0.0	0.0	1.0
iDS372.xml	obj	R_R03504_C3_cytop	0.0	optimal	0.0	0.0	1.0
iDS372.xml	obj	R_R03508_C3_cytop	0.0	optimal	0.0	1.2789769243681803e-13	1.0
iDS372.xml	obj	R_R03509_C3_cytop	0.0	optimal	0.0	2.2737367544323206e-13	1.0
iDS372.xml	obj	R_R03634_C3_cytop	0.0	optimal	-1.2886393341293712e-13	0.0	1.0
iDS372.xml	obj	R_R03921_C3_cytop	0.0	optimal	0.0	0.0	1.0
iDS372.xml	obj	R_R04014_C3_cytop	0.0	optimal	0.0	0.0	1.0
iDS372.xml	obj	R_R04144_C3_cytop	0.0	optimal	0.0	0.0	1.0
iDS372.xml	obj	R_R04198_C3_cytop	0.0	optimal	0.0	0.0	1.0
iDS372.xml	obj	R_R04199_C3_cytop	0.0	optimal	0.0	2.920996777788787e-13	1.0
iDS372.xml	obj	R_R04208_C3_cytop	0.0	optimal	0.0	0.0	1.0
iDS372.xml	obj	R_R04230_C3_cytop	0.005374	optimal	0.005373601255612925	0.00537360125641657	1.0
iDS372.xml	obj	R_R04231_C3_cytop	0.0	optimal	0.0	8.038014698286133e-13	1.0
iDS372.xml	obj	R_R04325_C3_cytop	0.0	optimal	0.0	0.0	1.0
iDS372.xml	obj	R_R04355_C3_cytop	0.055673	optimal	0.055672939376098844	0.0556729393760989	1.0
iDS372.xml	obj	R_R04364_C3_cytop	0.0	optimal	0.0	0.0	1.0
iDS372.xml	obj	R_R04377_C3_cytop	0.00467	optimal	0.004670256224270554	0.004670256224270561	1.0
iDS372.xml	obj	R_R04426_C3_cytop	0.0	optimal	0.0	0.0	1.0
iDS372.xml	obj	R_R04428_C3_cytop	0.055673	optimal	0.055672939376098844	0.0556729393760989	1.0
iDS372.xml	obj	R_R04429_C3_cytop	-0.055673	optimal	-0.055672939376098914	-0.055672939376098844	1.0
iDS372.xml	obj	R_R04440_C3_cytop	0.0	optimal	0.0	2.928768338961163e-13	1.0
iDS372.xml	obj	R_R04441_C3_cytop	0.0	optimal	0.0	2.928768338961163e-13	1.0
iDS372.xml	obj	R_R04457_C3_cytop	0.0	optimal	0.0	0.0	1.0
iDS372.xml	obj	R_R04463_C3_cytop	0.0	optimal	0.0	0.0	1.0
iDS372.xml	obj	R_R04467_C3_cytop	0.0	optimal	0.0	0.0	1.0
iDS372.xml	obj	R_R04533_C3_cytop	-0.055673	optimal	-0.055672939376098914	-0.055672939376098844	1.0
iDS372.xml	obj	R_R04534_C3_cytop	-0.055673	optimal	-0.055672939376098914	-0.055672939376098844	1.0
iDS372.xml	obj	R_R04535_C3_cytop	0.055673	optimal	0.055672939376098844	0.055672939376098914	1.0
iDS372.xml	obj	R_R04536_C3_cytop	-0.055673	optimal	-0.055672939376175866	-0.055672939376098844	1.0
iDS372.xml	obj	R_R04537_C3_cytop	0.055673	optimal	0.055672939376098844	0.055672939376175866	1.0
iDS372.xml	obj	R_R04543_C3_cytop	-0.046543	optimal	-0.046542577318497036	-0.04654257731841864	1.0
iDS372.xml	obj	R_R04544_C3_cytop	0.046543	optimal	0.04654257731841864	0.046542577318497036	1.0
iDS372.xml	obj	R_R04559_C3_cytop	0.0	optimal	0.0	0.0	1.0
iDS372.xml	obj	R_R04560_C3_cytop	0.0	optimal	0.0	0.0	1.0
iDS372.xml	obj	R_R04566_C3_cytop	-0.052611	optimal	-0.05261092771041348	-0.05261092771041341	1.0
iDS372.xml	obj	R_R04568_C3_cytop	0.052611	optimal	0.05261092771041341	0.05261092771041348	1.0
iDS372.xml	obj	R_R04573_C3_cytop	0.122455	optimal	0.12245540776191569	0.12245540776191582	1.0
iDS372.xml	obj	R_R04591_C3_cytop	0.0	optimal	0.0	0.0	1.0
iDS372.xml	obj	R_R04620_C3_cytop	0.0	optimal	0.0	0.0	1.0
iDS372.xml	obj	R_R04639_C3_cytop	0.0	optimal	0.0	0.0	1.0
iDS372.xml	obj	R_R04724_C3_cytop	-0.055673	optimal	-0.055672939376175866	-0.055672939376098844	1.0
iDS372.xml	obj	R_R04726_C3_cytop	0.052611	optimal	0.05261092771041341	0.052610927710413466	1.0
iDS372.xml	obj	R_R04779_C3_cytop	30.56427	optimal	30.564270336959606	30.56427033696111	1.0
iDS372.xml	obj	R_R04952_C3_cytop	0.055673	optimal	0.055672939376098844	0.0556729393760989	1.0
iDS372.xml	obj	R_R04953_C3_cytop	-0.055673	optimal	-0.055672939376175866	-0.055672939376098844	1.0
iDS372.xml	obj	R_R04954_C3_cytop	0.055673	optimal	0.055672939376098844	0.055672939376098914	1.0
iDS372.xml	obj	R_R04955_C3_cytop	-0.055673	optimal	-0.055672939376098914	-0.055672939376098844	1.0
iDS372.xml	obj	R_R04957_C3_cytop	0.055673	optimal	0.055672939376098844	0.0556729393760989	1.0
iDS372.xml	obj	R_R04958_C3_cytop	-0.055673	optimal	-0.055672939376098914	-0.055672939376098844	1.0
iDS372.xml	obj	R_R04960_C3_cytop	0.055673	optimal	0.055672939376098844	0.0556729393760989	1.0
iDS372.xml	obj	R_R04961_C3_cytop	-0.055673	optimal	-0.055672939376175866	-0.055672939376098844	1.0
iDS372.xml	obj	R_R04963_C3_cytop	0.055673	optimal	0.055672939376098844	0.0556729393760989	1.0
iDS372.xml	obj	R_R04964_C3_cytop	-0.055673	optimal	-0.055672939376098914	-0.055672939376098844	1.0
iDS372.xml	obj	R_R04965_C3_cytop	0.055673	optimal	0.055672939376098844	0.055672939376175866	1.0
iDS372.xml	obj	R_R04966_C3_cytop	-0.052611	optimal	-0.05261092771049016	-0.05261092771041341	1.0
iDS372.xml	obj	R_R04968_C3_cytop	0.046543	optimal	0.04654257731841864	0.04654257731841868	1.0
iDS372.xml	obj	R_R04969_C3_cytop	-0.035798	optimal	-0.03579770001890996	-0.035797700018831556	1.0
iDS372.xml	obj	R_R05046_C3_cytop	0.0	optimal	0.0	0.0	1.0
iDS372.xml	obj	R_R05048_C3_cytop	0.0	optimal	0.0	0.0	1.0
iDS372.xml	obj	R_R05068_C3_cytop	0.0	optimal	-4.177769241664464e-13	0.0	1.0
iDS372.xml	obj	R_R05069_C3_cytop	0.0	optimal	0.0	4.177769241664464e-13	1.0
iDS372.xml	obj	R_R05070_C3_cytop	0.0	optimal	0.0	4.177769241664464e-13	1.0
iDS372.xml	obj	R_R05071_C3_cytop	0.0	optimal	0.0	2.644551244657123e-13	1.0
iDS372.xml	obj	R_R05332_C3_cytop	0.544401	optimal	0.5444007641647364	0.5444007641647371	1.0
iDS372.xml	obj	R_R05553_C3_cytop	0.0	optimal	0.0	0.0	1.0
iDS372.xml	obj	R_R05627_C3_cytop	0.122455	optimal	0.12245540776191569	0.12245540776191587	1.0
iDS372.xml	obj	R_R05629_C3_cytop	0.122455	optimal	0.12245540776191569	0.12245540776191598	1.0
iDS372.xml	obj	R_R05662_C3_cytop	0.122455	optimal	0.12245540776191569	0.12245540776191599	1.0
iDS372.xml	obj	R_R06178_C3_cytop	0.061228	optimal	0.06122770388095784	0.06122770388095791	1.0
iDS372.xml	obj	R_R06447_C3_cytop	0.061228	optimal	0.06122770388095784	0.06122770388095792	1.0
iDS372.xml	obj	R_R06861_C3_cytop	1000.0	optimal	0.0	1000.0	1.0
iDS372.xml	obj	R_R06863_C3_cytop	-1000.0	optimal	-1000.0	0.0	1.0
iDS372.xml	obj	R_R07168_C3_cytop	0.008979	optimal	0.008979385910123483	0.008979385912073926	1.0
iDS372.xml	obj	R_R07281_C3_cytop	0.0	optimal	0.0	0.0	1.0
iDS372.xml	obj	R_R07390_C3_cytop	0.006537	optimal	0.006536992943575997	0.006550688460337596	1.0
iDS372.xml	obj	R_R07404_C3_cytop	0.0	optimal	0.0	0.0	1.0
iDS372.xml	obj	R_R07405_C3_cytop	0.0	optimal	0.0	0.0	1.0
iDS372.xml	obj	R_R07456_C3_cytop	0.0	optimal	0.0	1.7974510768681284e-13	1.0
iDS372.xml	obj	R_R07618_C3_cytop	0.0	optimal	0.0	0.0	1.0
iDS372.xml	obj	R_R07762_C3_cytop	0.00913	optimal	0.00913036205768021	0.009130362057680223	1.0
iDS372.xml	obj	R_R07763_C3_cytop	0.00913	optimal	0.00913036205768021	0.00913036205768022	1.0
iDS372.xml	obj	R_R07764_C3_cytop	0.00913	optimal	0.00913036205768021	0.009130362057680223	1.0
iDS372.xml	obj	R_R07765_C3_cytop	0.002728	optimal	0.0027279740294288437	0.0027279740294288463	1.0
iDS372.xml	obj	R_R08159_C3_cytop	0.0	optimal	0.0	0.0	1.0
iDS372.xml	obj	R_R08549_C3_cytop	0.0	optimal	0.0	6.252776074688882e-13	1.0
iDS372.xml	obj	R_R08639_C3_cytop	-1000.0	optimal	-1000.0	999.9900429520753	1.0
iDS372.xml	obj	R_R08648_C3_cytop	0.0	optimal	0.0	3.714695218093311e-12	1.0
iDS372.xml	obj	R_R08698_C3_cytop	0.0	optimal	0.0	2.113903244836005	1.0
iDS372.xml	obj	R_R09380_C3_cytop	0.021301	optimal	0.0213013006822367	0.021301300682236717	1.0
iDS372.xml	obj	R_R09381_C3_cytop	0.021301	optimal	0.0213013006822367	0.021301300682236707	1.0
iDS372.xml	obj	R_R10092_C3_cytop	-0.386649	optimal	-0.3866485639670065	-0.3866485639670064	1.0
iDS372.xml	obj	R_R10147_C3_cytop	0.0	optimal	0.0	0.0	1.0
iDS372.xml	obj	R_T00015_C4_cytmem	-63.47703	optimal	-63.47703019723238	-63.47703019723117	1.0
iDS372.xml	obj	R_T00021_7_C4_cytmem	0.209973	optimal	0.20997252494076296	0.2099725249409952	1.0
iDS372.xml	obj	R_T00054_C4_cytmem	0.0	optimal	-1.369648423575967e-05	0.0	1.0
iDS372.xml	obj	R_T00068_C4_cytmem	-20.044425	optimal	-21.23499335201113	-20.044424806925576	1.0
iDS372.xml	obj	R_T00257_C4_cytmem	0.0	optimal	0.0	0.0	1.0
iDS372.xml	obj	R_T00346_C4_cytmem	-0.016696	optimal	-0.01669604567920554	-0.016696045679019007	1.0
iDS372.xml	obj	R_T00357_C4_cytmem	0.0	optimal	0.0	0.0	1.0
iDS372.xml	obj	R_T00357_spermine_C4_cytmem	0.0	optimal	0.0	0.0	1.0
iDS372.xml	obj	R_T00417_C4_cytmem	-0.043923	optimal	-0.04392282341419734	-0.04392282341418313	1.0
iDS372.xml	obj	R_T00497_C4_cytmem	3.976164	optimal	3.9761640208788274	3.9761640208812334	1.0
iDS372.xml	obj	R_T00555_1_C4_cytmem	0.356524	optimal	0.35652437818031046	0.3565243781805916	1.0
iDS372.xml	obj	R_T00637_C4_cytmem	1.477	optimal	1.4769999999981331	1.477	1.0
iDS372.xml	obj	R_T00692_1_0_C4_cytmem	0.462591	optimal	0.4625906658927933	0.46259066589321174	1.0
iDS372.xml	obj	R_T00693_C4_cytmem	0.650313	optimal	0.6503133042196554	0.6503133042196563	1.0
iDS372.xml	obj	R_T00698_C4_cytmem	0.441419	optimal	0.4414187776608533	0.4414187776611468	1.0
iDS372.xml	obj	R_T01004_1_C4_cytmem	0.989889	optimal	0.9898889016637407	0.9898889016644512	1.0
iDS372.xml	obj	R_T01004_1_phenylalanine_C4_cytmem	0.296072	optimal	0.2960722557501538	0.29607225575030394	1.0
iDS372.xml	obj	R_T01122_C4_cytmem	0.082824	optimal	0.0828244740112693	0.08282447401089138	1.0
iDS372.xml	obj	R_T01141_C4_cytmem	0.0	optimal	0.0	0.0	1.0
iDS372.xml	obj	R_T01146_C4_cytmem	0.0	optimal	0.0	4.760636329592671e-13	1.0
iDS372.xml	obj	R_T01147_C4_cytmem	0.0	optimal	0.0	0.0	1.0
iDS372.xml	obj	R_T01283_C4_cytmem	0.833055	optimal	0.833054673627065	0.8330546736270779	1.0
iDS372.xml	obj	R_T01556_C4_cytmem	-1.993	optimal	-1.993	-1.992999999999044	1.0
iDS372.xml	obj	R_T01557_2_0_C4_cytmem	0.344927	optimal	0.3449271424444281	0.3449271424450733	1.0
iDS372.xml	obj	R_T01590_C4_cytmem	0.0	optimal	0.0	0.0	1.0
iDS372.xml	obj	R_T01591_C4_cytmem	0.025262	optimal	0.02526153802135256	0.025261538021352586	1.0
iDS372.xml	obj	R_T01593_C4_cytmem	0.009702	optimal	0.00970194587157195	0.009701945871571962	1.0
iDS372.xml	obj	R_T01595_C4_cytmem	0.016892	optimal	0.01689246974573904	0.016892469746019725	1.0
iDS372.xml	obj	R_T01602_C4_cytmem	0.0	optimal	0.0	0.0	1.0
iDS372.xml	obj	R_T01631_C4_cytmem	0.0	optimal	0.0	0.0	1.0
iDS372.xml	obj	R_T01642_gal_C4_cytmem	0.0	optimal	0.0	0.0	1.0
iDS372.xml	obj	R_T01669_C4_cytmem	0.0	optimal	0.0	2.8066438062523957e-13	1.0
iDS372.xml	obj	R_T01670_C4_cytmem	0.0	optimal	0.0	0.0	1.0
iDS372.xml	obj	R_T01732_C7_cellw	0.0	optimal	0.0	3.801403636316536e-13	1.0
iDS372.xml	obj	R_T01769_C4_cytmem	0.262677	optimal	0.2626769819380561	0.2626769819380565	1.0
iDS372.xml	obj	R_T01786_1_0_0_0_0_C4_cytmem	0.122471	optimal	0.12247139623444506	0.12247139623444515	1.0
iDS372.xml	obj	R_T01848_C4_cytmem	0.0	optimal	0.0	0.0	1.0
iDS372.xml	obj	R_T01849_C4_cytmem	0.0	optimal	0.0	0.0	1.0
iDS372.xml	obj	R_T01850_C4_cytmem	0.0	optimal	0.0	0.0	1.0
iDS372.xml	obj	R_T01851_C4_cytmem	0.0	optimal	-1.7763568394002505e-13	0.0	1.0
iDS372.xml	obj	R_T02011_C4_cytmem	0.23902	optimal	0.23902004778083896	0.23902004778118016	1.0
iDS372.xml	obj	R_T02015_C4_cytmem	0.0	optimal	0.0	3.126388037344441e-13	1.0
iDS372.xml	obj	R_T02026_1_0_0_0_0_C4_cytmem	0.0	optimal	0.0	6.359357485052897e-13	1.0
iDS372.xml	obj	R_T02026_glutamine_C4_cytmem	0.0	optimal	0.0	0.8415018888496617	1.0
iDS372.xml	obj	R_T02027_2_0_0_0_0_C4_cytmem	0.599711	optimal	0.5997112234150044	0.5997112234150053	1.0
iDS372.xml	obj	R_T02032_C4_cytmem	0.0	optimal	0.0	0.0	1.0
iDS372.xml	obj	R_T02037_C4_cytmem	0.841502	optimal	0.0	0.8415018888493744	1.0
iDS372.xml	obj	R_T02047_C4_cytmem	0.059064	optimal	0.05906353137651222	0.0590635313765123	1.0
iDS372.xml	obj	R_T02384_C4_cytmem	0.0	optimal	0.0	0.0	1.0
iDS372.xml	obj	R_T02385_C4_cytmem	0.0	optimal	0.0	0.0	1.0
iDS372.xml	obj	R_T02394_C4_cytmem	0.0	optimal	0.0	0.0	1.0
iDS372.xml	obj	R_T02397_C4_cytmem	0.0	optimal	0.0	0.0	1.0
iDS372.xml	obj	R_T02400_C4_cytmem	0.0	optimal	0.0	0.0	1.0
iDS372.xml	obj	R_T02406_0_3_11_0_C4_cytmem	31.71	optimal	31.709999999999894	31.71	1.0
iDS372.xml	obj	R_T02412_gal_C4_cytmem	0.0	optimal	0.0	0.0	1.0
iDS372.xml	obj	R_T02481_27_C4_cytmem	0.0	optimal	-3.1893931939919185e-13	0.0	1.0
iDS372.xml	obj	R_T02481_6_C4_cytmem	0.0	optimal	-4.760636329592671e-13	0.0	1.0
iDS372.xml	obj	R_T_Acetate_transport_cytmem	-30.628428	optimal	-30.628428057733455	-30.628428057729835	1.0
iDS372.xml	obj	R_T_Adenine_transport_cytmem	0.082332	optimal	0.08233196724242128	0.08233196724286627	1.0
iDS372.xml	obj	R_T_Carbon_dioxide_transport_cytmem	-2.022076	optimal	-2.022075555031382	-2.0220755550295872	1.0
iDS372.xml	obj	R_T_Ethanol_transport_cytmem	-29.831147	optimal	-29.831147058396787	-29.83114705839627	1.0
iDS372.xml	obj	R_T_Folate_transport_cytmem	0.026959	optimal	0.026959203170226903	0.02695920317024659	1.0
iDS372.xml	obj	R_T_Glycolaldehyde_transport_cytmem	0.0	optimal	0.0	0.0	1.0
iDS372.xml	obj	R_T_Guanine_transport_cytmem	0.052227	optimal	0.052227420725167756	0.05222742072611988	1.0
iDS372.xml	obj	R_T_H2O2_transport_cytmem	0.0	optimal	0.0	0.0	1.0
iDS372.xml	obj	R_T_H__transport_cytmem	-3.228276	optimal	-3.2282764008681064	-3.228276400858821	1.0
iDS372.xml	obj	R_T_L_Asparagine_transport_cytmem	0.280506	optimal	0.28050595910755427	0.6295726153410619	1.0
iDS372.xml	obj	R_T_L_Aspartate_transport_cytmem	0.349067	optimal	0.0	0.3490666562336938	1.0
iDS372.xml	obj	R_T_L_Tyrosine_transport_cytmem	0.085	optimal	0.08499999999985716	0.085	1.0
iDS372.xml	obj	R_T_Lactate_transport_cytmem	0.0	optimal	-1.8545165403338615e-12	0.0	1.0
iDS372.xml	obj	R_T_NH3_cytmem	-1.995543	optimal	-3.186111644675234	-1.9955430995868304	1.0
iDS372.xml	obj	R_T_Nicotinate_transport_cytmem	0.01175	optimal	0.011750368282631096	0.011750368283214102	1.0
iDS372.xml	obj	R_T_Oxygen_transport_cytmem	0.0	optimal	0.0	0.0	1.0
iDS372.xml	obj	R_T_Pantothenate_transport_cytmem	0.005374	optimal	0.005373601256422944	0.005373601256416573	1.0
iDS372.xml	obj	R_T_Pyruvate_transport_cytmem	0.699	optimal	0.6989999999993279	0.699	1.0
iDS372.xml	obj	R_Teichoic_Acid_cytop	0.690989	optimal	0.6909893874557198	0.6909893874557208	1.0
iDS372.xml	obj	R_e_Cofactor_cytop	0.070151	optimal	0.07015145243363666	0.07015145243363674	1.0
iDS372.xml	obj	R_e_DNA_cytop	0.010486	optimal	0.0104864326310281	0.0104864326310281	1.0
iDS372.xml	obj	R_e_RNA_cytop	0.048792	optimal	0.04879154467539487	0.04879154467539488	1.0
