<?xml version="1.0" encoding="UTF-8"?>
<omexManifest xmlns="http://identifiers.org/combine.specifications/omex-manifest">
 <content location="." format="https://identifiers.org/combine.specifications:omex"/>
 <content location="./manifest.xml" format="https://identifiers.org/combine.specifications:omex-manifest"/>
 <content location="./frog/01_objective.tsv" format="https://identifiers.org/combine.specifications:frog-objective-version-1"/>
 <content location="./frog/02_fva.tsv" format="https://identifiers.org/combine.specifications:frog-fva-version-1"/>
 <content location="./frog/03_gene_deletion.tsv" format="https://identifiers.org/combine.specifications:frog-genedeletion-version-1"/>
 <content location="./frog/04_reaction_deletion.tsv" format="https://identifiers.org/combine.specifications:frog-reactiondeletion-version-1"/>
 <content location="./frog/metadata.json" format="https://identifiers.org/combine.specifications:frog-metadata-version-1"/>
<content location="./metadata.rdf" format="http://identifiers.org/combine.specifications/omex-metadata"/>
 <content location="./iDK1463.xml" format="https://identifiers.org/combine.specifications:sbml" master="true"/>
</omexManifest>
