{
 "frog_date": "2023-04-24",
 "frog_version": "0.1.2",
 "frog_curators": [
  "run-0424-2140"
 ],
 "software": {
  "frog": {
   "name": "cbmpyweb offline-curator",
   "version": "3.0",
   "url": "https://osf.io/t6mh3"
  },
  "toolbox": {
   "name": "cbmpy",
   "version": "0.8.5",
   "url": "https://systemsbioinformatics.github.io/cbmpy"
  },
  "solver": {
   "name": "CPLEX",
   "version": "22.1.0.0"
  }
 },
 "model_filename": "iDK1463.xml",
 "model_md5": "4e41a99fbc086ae46219397587586d93",
 "model_sha256": "2d8f1357e7a06ce6695afaed8ecb6866981498402e667534f2f8aee9d0479cb8",
 "environment": "Windows 10 (64bit)"
}