<?xml version="1.0" encoding="UTF-8"?>
<omexManifest xmlns="http://identifiers.org/combine.specifications/omex-manifest">
 <content location="." format="https://identifiers.org/combine.specifications:omex"/>
 <content location="./manifest.xml" format="https://identifiers.org/combine.specifications:omex-manifest"/>
 <content location="./01_objective.tsv" format="https://identifiers.org/combine.specifications:frog-objective-version-1"/>
 <content location="./02_fva.tsv" format="https://identifiers.org/combine.specifications:frog-fva-version-1"/>
 <content location="./03_gene_deletion.tsv" format="https://identifiers.org/combine.specifications:frog-genedeletion-version-1"/>
 <content location="./04_reaction_deletion.tsv" format="https://identifiers.org/combine.specifications:frog-reactiondeletion-version-1"/>
 <content location="./metadata.json" format="https://identifiers.org/combine.specifications:frog-metadata-version-1"/>
<content location="./metadata.rdf" format="http://identifiers.org/combine.specifications/omex-metadata"/>
 <content location="./VvuMBEL943_2022.xml" format="https://identifiers.org/combine.specifications:sbml" master="true"/>
</omexManifest>
