{
 "curator.name": "CBMPyFROGG",
 "curator.version": "0.4.9",
 "curator.url": "http://145.38.197.206:80/",
 "curator.date": "2022-11-22-23-36",
 "curator.id": "frogg hackathon",
 "curator.sessionid": "cbmpyfrogg-50732-046",
 "software.name": "cbmpy",
 "software.version": "0.8.4",
 "software.url": "https://github.com/SystemsBioinformatics/cbmpy",
 "software.environment": "Windows 10 (64bit)",
 "solver.name": "cbmpy",
 "solver.version": "0.1",
 "model.filename": "iDK1463.(5073114).xml",
 "model.md5": "4e41a99fbc086ae46219397587586d93"
}