{
 "frog_date": "2023-03-29",
 "frog_version": "0.1.2",
 "frog_curators": [
  "run-0329-2306"
 ],
 "software": {
  "frog": {
   "name": "cbmpyweb offline-curator",
   "version": "3.0",
   "url": "https://osf.io/t6mh3"
  },
  "toolbox": {
   "name": "cbmpy",
   "version": "0.8.5",
   "url": "https://systemsbioinformatics.github.io/cbmpy"
  },
  "solver": {
   "name": "CPLEX",
   "version": "22.1.0.0"
  }
 },
 "model_filename": "Human-GEM.xml",
 "model_md5": "ce8df861ca945ef27dc66a7689c86884",
 "model_sha256": "c68659888db0498fddff027f11aff3ffce225d31792d26c0e5216a8550ec6d40",
 "environment": "Windows 10 (64bit)"
}