{
 "frog_date": "2023-04-23",
 "frog_version": "0.1.2",
 "frog_curators": [
  "run-0423-1505"
 ],
 "software": {
  "frog": {
   "name": "cbmpyweb offline-curator",
   "version": "3.0",
   "url": "https://osf.io/t6mh3"
  },
  "toolbox": {
   "name": "cbmpy",
   "version": "0.8.5",
   "url": "https://systemsbioinformatics.github.io/cbmpy"
  },
  "solver": {
   "name": "CPLEX",
   "version": "22.1.0.0"
  }
 },
 "model_filename": "iDS372.xml",
 "model_md5": "02ec5a52e9270dd2f875e41238ab2904",
 "model_sha256": "f1beea2e4fce56a42743cecd211802ab26f66828adefdc60ecfe90610de89477",
 "environment": "Windows 10 (64bit)"
}