model	objective	gene	status	value
iJN1463.xml	obj	G_PP_0026	optimal	0.586118
iJN1463.xml	obj	G_PP_0037	optimal	0.584294
iJN1463.xml	obj	G_PP_0041	optimal	0.586118
iJN1463.xml	obj	G_PP_0043	optimal	0.586118
iJN1463.xml	obj	G_PP_0044	optimal	0.586118
iJN1463.xml	obj	G_PP_0045	optimal	0.586118
iJN1463.xml	obj	G_PP_0058	optimal	0.586118
iJN1463.xml	obj	G_PP_0059	optimal	0.0
iJN1463.xml	obj	G_PP_0060	optimal	0.586118
iJN1463.xml	obj	G_PP_0061	optimal	0.586118
iJN1463.xml	obj	G_PP_0063	optimal	0.586118
iJN1463.xml	obj	G_PP_0065	optimal	0.586118
iJN1463.xml	obj	G_PP_0067	optimal	0.586118
iJN1463.xml	obj	G_PP_0072	optimal	0.586118
iJN1463.xml	obj	G_PP_0073	optimal	0.586066
iJN1463.xml	obj	G_PP_0074	optimal	0.586118
iJN1463.xml	obj	G_PP_0075	optimal	0.586118
iJN1463.xml	obj	G_PP_0076	optimal	0.586118
iJN1463.xml	obj	G_PP_0077	optimal	0.586118
iJN1463.xml	obj	G_PP_0082	optimal	0.0
iJN1463.xml	obj	G_PP_0083	optimal	0.0
iJN1463.xml	obj	G_PP_0100	optimal	0.55679
iJN1463.xml	obj	G_PP_0103	optimal	0.586118
iJN1463.xml	obj	G_PP_0104	optimal	0.586118
iJN1463.xml	obj	G_PP_0105	optimal	0.586118
iJN1463.xml	obj	G_PP_0106	optimal	0.586118
iJN1463.xml	obj	G_PP_0110	optimal	0.586118
iJN1463.xml	obj	G_PP_0112	optimal	0.586118
iJN1463.xml	obj	G_PP_0113	optimal	0.586118
iJN1463.xml	obj	G_PP_0114	optimal	0.586118
iJN1463.xml	obj	G_PP_0115	optimal	0.586118
iJN1463.xml	obj	G_PP_0117	optimal	0.586118
iJN1463.xml	obj	G_PP_0118	optimal	0.586118
iJN1463.xml	obj	G_PP_0120	optimal	0.586118
iJN1463.xml	obj	G_PP_0121	optimal	0.586118
iJN1463.xml	obj	G_PP_0127	optimal	0.586118
iJN1463.xml	obj	G_PP_0129	optimal	0.586118
iJN1463.xml	obj	G_PP_0137	optimal	0.586118
iJN1463.xml	obj	G_PP_0145	optimal	0.586118
iJN1463.xml	obj	G_PP_0147	optimal	0.586118
iJN1463.xml	obj	G_PP_0154	optimal	0.586118
iJN1463.xml	obj	G_PP_0155	optimal	0.586118
iJN1463.xml	obj	G_PP_0156	optimal	0.586118
iJN1463.xml	obj	G_PP_0158	optimal	0.586118
iJN1463.xml	obj	G_PP_0160	optimal	0.586118
iJN1463.xml	obj	G_PP_0165	optimal	0.586118
iJN1463.xml	obj	G_PP_0169	optimal	0.586118
iJN1463.xml	obj	G_PP_0184	optimal	0.0
iJN1463.xml	obj	G_PP_0186	optimal	0.0
iJN1463.xml	obj	G_PP_0187	optimal	0.0
iJN1463.xml	obj	G_PP_0188	optimal	0.586118
iJN1463.xml	obj	G_PP_0189	optimal	0.0
iJN1463.xml	obj	G_PP_0190	optimal	0.586118
iJN1463.xml	obj	G_PP_0203	optimal	0.586118
iJN1463.xml	obj	G_PP_0207	optimal	0.586118
iJN1463.xml	obj	G_PP_0208	optimal	0.586118
iJN1463.xml	obj	G_PP_0209	optimal	0.586118
iJN1463.xml	obj	G_PP_0213	optimal	0.586118
iJN1463.xml	obj	G_PP_0214	optimal	0.586118
iJN1463.xml	obj	G_PP_0217	optimal	0.586118
iJN1463.xml	obj	G_PP_0219	optimal	0.586118
iJN1463.xml	obj	G_PP_0220	optimal	0.586118
iJN1463.xml	obj	G_PP_0221	optimal	0.586118
iJN1463.xml	obj	G_PP_0225	optimal	0.586118
iJN1463.xml	obj	G_PP_0226	optimal	0.586118
iJN1463.xml	obj	G_PP_0227	optimal	0.586118
iJN1463.xml	obj	G_PP_0228	optimal	0.586118
iJN1463.xml	obj	G_PP_0229	optimal	0.586118
iJN1463.xml	obj	G_PP_0230	optimal	0.586118
iJN1463.xml	obj	G_PP_0231	optimal	0.586118
iJN1463.xml	obj	G_PP_0232	optimal	0.586118
iJN1463.xml	obj	G_PP_0233	optimal	0.586118
iJN1463.xml	obj	G_PP_0234	optimal	0.586118
iJN1463.xml	obj	G_PP_0236	optimal	0.586118
iJN1463.xml	obj	G_PP_0237	optimal	0.586118
iJN1463.xml	obj	G_PP_0238	optimal	0.586118
iJN1463.xml	obj	G_PP_0239	optimal	0.586118
iJN1463.xml	obj	G_PP_0240	optimal	0.586118
iJN1463.xml	obj	G_PP_0243	optimal	0.586118
iJN1463.xml	obj	G_PP_0253	optimal	0.586118
iJN1463.xml	obj	G_PP_0260	optimal	0.586118
iJN1463.xml	obj	G_PP_0261	optimal	0.586118
iJN1463.xml	obj	G_PP_0265	optimal	0.586118
iJN1463.xml	obj	G_PP_0266	optimal	0.586118
iJN1463.xml	obj	G_PP_0280	optimal	0.586118
iJN1463.xml	obj	G_PP_0281	optimal	0.586118
iJN1463.xml	obj	G_PP_0282	optimal	0.586118
iJN1463.xml	obj	G_PP_0283	optimal	0.586118
iJN1463.xml	obj	G_PP_0284	optimal	0.586118
iJN1463.xml	obj	G_PP_0289	optimal	0.0
iJN1463.xml	obj	G_PP_0290	optimal	0.0
iJN1463.xml	obj	G_PP_0292	optimal	0.586118
iJN1463.xml	obj	G_PP_0293	optimal	0.0
iJN1463.xml	obj	G_PP_0294	optimal	0.586118
iJN1463.xml	obj	G_PP_0295	optimal	0.586118
iJN1463.xml	obj	G_PP_0296	optimal	0.586118
iJN1463.xml	obj	G_PP_0297	optimal	0.586118
iJN1463.xml	obj	G_PP_0301	optimal	0.586118
iJN1463.xml	obj	G_PP_0302	optimal	0.586118
iJN1463.xml	obj	G_PP_0303	optimal	0.586118
iJN1463.xml	obj	G_PP_0304	optimal	0.586118
iJN1463.xml	obj	G_PP_0310	optimal	0.586118
iJN1463.xml	obj	G_PP_0311	optimal	0.586118
iJN1463.xml	obj	G_PP_0315	optimal	0.586118
iJN1463.xml	obj	G_PP_0316	optimal	0.586118
iJN1463.xml	obj	G_PP_0321	optimal	0.0
iJN1463.xml	obj	G_PP_0322	optimal	0.586118
iJN1463.xml	obj	G_PP_0323	optimal	0.586118
iJN1463.xml	obj	G_PP_0324	optimal	0.586118
iJN1463.xml	obj	G_PP_0325	optimal	0.586118
iJN1463.xml	obj	G_PP_0326	optimal	0.586118
iJN1463.xml	obj	G_PP_0327	optimal	0.586118
iJN1463.xml	obj	G_PP_0328	optimal	0.586114
iJN1463.xml	obj	G_PP_0336	optimal	0.586118
iJN1463.xml	obj	G_PP_0338	optimal	0.567273
iJN1463.xml	obj	G_PP_0339	optimal	0.567273
iJN1463.xml	obj	G_PP_0341	optimal	0.0
iJN1463.xml	obj	G_PP_0342	optimal	0.0
iJN1463.xml	obj	G_PP_0343	optimal	0.0
iJN1463.xml	obj	G_PP_0344	optimal	0.0
iJN1463.xml	obj	G_PP_0345	optimal	0.586118
iJN1463.xml	obj	G_PP_0346	optimal	0.586118
iJN1463.xml	obj	G_PP_0350	optimal	0.586118
iJN1463.xml	obj	G_PP_0356	optimal	0.586117
iJN1463.xml	obj	G_PP_0362	optimal	0.0
iJN1463.xml	obj	G_PP_0363	optimal	0.0
iJN1463.xml	obj	G_PP_0364	optimal	0.0
iJN1463.xml	obj	G_PP_0365	optimal	0.0
iJN1463.xml	obj	G_PP_0366	optimal	0.0
iJN1463.xml	obj	G_PP_0368	optimal	0.586118
iJN1463.xml	obj	G_PP_0376	optimal	0.0
iJN1463.xml	obj	G_PP_0378	optimal	0.0
iJN1463.xml	obj	G_PP_0380	optimal	0.0
iJN1463.xml	obj	G_PP_0381	optimal	0.0
iJN1463.xml	obj	G_PP_0382	optimal	0.586118
iJN1463.xml	obj	G_PP_0383	optimal	0.586118
iJN1463.xml	obj	G_PP_0391	optimal	0.586118
iJN1463.xml	obj	G_PP_0392	optimal	0.0
iJN1463.xml	obj	G_PP_0393	optimal	0.586118
iJN1463.xml	obj	G_PP_0398	optimal	0.586118
iJN1463.xml	obj	G_PP_0399	optimal	0.586118
iJN1463.xml	obj	G_PP_0402	optimal	0.0
iJN1463.xml	obj	G_PP_0411	optimal	0.586118
iJN1463.xml	obj	G_PP_0412	optimal	0.586118
iJN1463.xml	obj	G_PP_0413	optimal	0.586118
iJN1463.xml	obj	G_PP_0414	optimal	0.586118
iJN1463.xml	obj	G_PP_0415	optimal	0.586074
iJN1463.xml	obj	G_PP_0416	optimal	0.586118
iJN1463.xml	obj	G_PP_0417	optimal	0.0
iJN1463.xml	obj	G_PP_0418	optimal	0.586118
iJN1463.xml	obj	G_PP_0420	optimal	0.0
iJN1463.xml	obj	G_PP_0421	optimal	0.0
iJN1463.xml	obj	G_PP_0422	optimal	0.0
iJN1463.xml	obj	G_PP_0427	optimal	0.586118
iJN1463.xml	obj	G_PP_0432	optimal	0.586118
iJN1463.xml	obj	G_PP_0434	optimal	0.586118
iJN1463.xml	obj	G_PP_0436	optimal	0.586118
iJN1463.xml	obj	G_PP_0437	optimal	0.0
iJN1463.xml	obj	G_PP_0438	optimal	0.0
iJN1463.xml	obj	G_PP_0481	optimal	0.586118
iJN1463.xml	obj	G_PP_0489	optimal	0.586118
iJN1463.xml	obj	G_PP_0490	optimal	0.586118
iJN1463.xml	obj	G_PP_0491	optimal	0.586118
iJN1463.xml	obj	G_PP_0492	optimal	0.586118
iJN1463.xml	obj	G_PP_0493	optimal	0.586118
iJN1463.xml	obj	G_PP_0495	optimal	0.586118
iJN1463.xml	obj	G_PP_0496	optimal	0.586118
iJN1463.xml	obj	G_PP_0500	optimal	0.586118
iJN1463.xml	obj	G_PP_0501	optimal	0.0
iJN1463.xml	obj	G_PP_0510	optimal	0.586118
iJN1463.xml	obj	G_PP_0514	optimal	0.0
iJN1463.xml	obj	G_PP_0515	optimal	0.586118
iJN1463.xml	obj	G_PP_0516	optimal	0.586118
iJN1463.xml	obj	G_PP_0517	optimal	0.0
iJN1463.xml	obj	G_PP_0519	optimal	0.0
iJN1463.xml	obj	G_PP_0520	optimal	0.0
iJN1463.xml	obj	G_PP_0522	optimal	0.586118
iJN1463.xml	obj	G_PP_0524	optimal	0.586118
iJN1463.xml	obj	G_PP_0525	optimal	0.586118
iJN1463.xml	obj	G_PP_0527	optimal	0.0
iJN1463.xml	obj	G_PP_0528	optimal	0.0
iJN1463.xml	obj	G_PP_0530	optimal	0.586118
iJN1463.xml	obj	G_PP_0535	optimal	0.586118
iJN1463.xml	obj	G_PP_0538	optimal	0.586118
iJN1463.xml	obj	G_PP_0542	optimal	0.586118
iJN1463.xml	obj	G_PP_0543	optimal	0.586118
iJN1463.xml	obj	G_PP_0544	optimal	0.586118
iJN1463.xml	obj	G_PP_0545	optimal	0.586118
iJN1463.xml	obj	G_PP_0547	optimal	0.586118
iJN1463.xml	obj	G_PP_0548	optimal	0.586118
iJN1463.xml	obj	G_PP_0551	optimal	0.586118
iJN1463.xml	obj	G_PP_0552	optimal	0.586118
iJN1463.xml	obj	G_PP_0553	optimal	0.586118
iJN1463.xml	obj	G_PP_0554	optimal	0.586118
iJN1463.xml	obj	G_PP_0555	optimal	0.586118
iJN1463.xml	obj	G_PP_0556	optimal	0.586118
iJN1463.xml	obj	G_PP_0558	optimal	0.0
iJN1463.xml	obj	G_PP_0559	optimal	0.0
iJN1463.xml	obj	G_PP_0560	optimal	0.586118
iJN1463.xml	obj	G_PP_0561	optimal	0.586118
iJN1463.xml	obj	G_PP_0565	optimal	0.586118
iJN1463.xml	obj	G_PP_0567	optimal	0.586118
iJN1463.xml	obj	G_PP_0572	optimal	0.586118
iJN1463.xml	obj	G_PP_0586	optimal	0.586118
iJN1463.xml	obj	G_PP_0591	optimal	0.586118
iJN1463.xml	obj	G_PP_0596	optimal	0.586118
iJN1463.xml	obj	G_PP_0597	optimal	0.586118
iJN1463.xml	obj	G_PP_0601	optimal	0.0
iJN1463.xml	obj	G_PP_0602	optimal	0.0
iJN1463.xml	obj	G_PP_0603	optimal	0.586118
iJN1463.xml	obj	G_PP_0606	optimal	0.0
iJN1463.xml	obj	G_PP_0612	optimal	0.586118
iJN1463.xml	obj	G_PP_0614	optimal	0.586118
iJN1463.xml	obj	G_PP_0626	optimal	0.586118
iJN1463.xml	obj	G_PP_0631	optimal	0.0
iJN1463.xml	obj	G_PP_0652	optimal	0.586118
iJN1463.xml	obj	G_PP_0654	optimal	0.581215
iJN1463.xml	obj	G_PP_0658	optimal	0.586118
iJN1463.xml	obj	G_PP_0659	optimal	0.586118
iJN1463.xml	obj	G_PP_0660	optimal	0.586118
iJN1463.xml	obj	G_PP_0662	optimal	0.586118
iJN1463.xml	obj	G_PP_0664	optimal	0.586118
iJN1463.xml	obj	G_PP_0665	optimal	0.586118
iJN1463.xml	obj	G_PP_0669	optimal	0.586118
iJN1463.xml	obj	G_PP_0671	optimal	0.586118
iJN1463.xml	obj	G_PP_0675	optimal	0.586118
iJN1463.xml	obj	G_PP_0686	optimal	0.586118
iJN1463.xml	obj	G_PP_0687	optimal	0.0
iJN1463.xml	obj	G_PP_0691	optimal	0.58542
iJN1463.xml	obj	G_PP_0713	optimal	0.586118
iJN1463.xml	obj	G_PP_0718	optimal	0.586118
iJN1463.xml	obj	G_PP_0722	optimal	0.586118
iJN1463.xml	obj	G_PP_0723	optimal	0.0
iJN1463.xml	obj	G_PP_0732	optimal	0.0
iJN1463.xml	obj	G_PP_0735	optimal	0.0
iJN1463.xml	obj	G_PP_0736	optimal	0.586118
iJN1463.xml	obj	G_PP_0744	optimal	0.0
iJN1463.xml	obj	G_PP_0745	optimal	0.586118
iJN1463.xml	obj	G_PP_0746	optimal	0.586118
iJN1463.xml	obj	G_PP_0747	optimal	0.586118
iJN1463.xml	obj	G_PP_0751	optimal	0.586118
iJN1463.xml	obj	G_PP_0762	optimal	0.586118
iJN1463.xml	obj	G_PP_0763	optimal	0.586118
iJN1463.xml	obj	G_PP_0774	optimal	0.586118
iJN1463.xml	obj	G_PP_0777	optimal	0.586118
iJN1463.xml	obj	G_PP_0786	optimal	0.586118
iJN1463.xml	obj	G_PP_0787	optimal	0.0
iJN1463.xml	obj	G_PP_0789	optimal	0.586118
iJN1463.xml	obj	G_PP_0793	optimal	0.586118
iJN1463.xml	obj	G_PP_0794	optimal	0.586118
iJN1463.xml	obj	G_PP_0795	optimal	0.586118
iJN1463.xml	obj	G_PP_0799	optimal	0.586118
iJN1463.xml	obj	G_PP_0808	optimal	0.586118
iJN1463.xml	obj	G_PP_0809	optimal	0.586118
iJN1463.xml	obj	G_PP_0812	optimal	0.586118
iJN1463.xml	obj	G_PP_0813	optimal	0.586118
iJN1463.xml	obj	G_PP_0814	optimal	0.586118
iJN1463.xml	obj	G_PP_0815	optimal	0.586118
iJN1463.xml	obj	G_PP_0816	optimal	0.586118
iJN1463.xml	obj	G_PP_0817	optimal	0.586118
iJN1463.xml	obj	G_PP_0823	optimal	0.586118
iJN1463.xml	obj	G_PP_0824	optimal	0.586118
iJN1463.xml	obj	G_PP_0825	optimal	0.586118
iJN1463.xml	obj	G_PP_0826	optimal	0.586118
iJN1463.xml	obj	G_PP_0827	optimal	0.586118
iJN1463.xml	obj	G_PP_0832	optimal	0.586118
iJN1463.xml	obj	G_PP_0833	optimal	0.586118
iJN1463.xml	obj	G_PP_0838	optimal	0.586118
iJN1463.xml	obj	G_PP_0840	optimal	0.586118
iJN1463.xml	obj	G_PP_0842	optimal	0.586118
iJN1463.xml	obj	G_PP_0843	optimal	0.0
iJN1463.xml	obj	G_PP_0844	optimal	0.0
iJN1463.xml	obj	G_PP_0847	optimal	0.0
iJN1463.xml	obj	G_PP_0849	optimal	0.586118
iJN1463.xml	obj	G_PP_0853	optimal	0.0
iJN1463.xml	obj	G_PP_0854	optimal	0.586118
iJN1463.xml	obj	G_PP_0860	optimal	0.0
iJN1463.xml	obj	G_PP_0864	optimal	0.585941
iJN1463.xml	obj	G_PP_0867	optimal	0.586118
iJN1463.xml	obj	G_PP_0868	optimal	0.586118
iJN1463.xml	obj	G_PP_0869	optimal	0.586118
iJN1463.xml	obj	G_PP_0870	optimal	0.586118
iJN1463.xml	obj	G_PP_0871	optimal	0.586118
iJN1463.xml	obj	G_PP_0873	optimal	0.586118
iJN1463.xml	obj	G_PP_0878	optimal	0.586093
iJN1463.xml	obj	G_PP_0879	optimal	0.586093
iJN1463.xml	obj	G_PP_0880	optimal	0.586093
iJN1463.xml	obj	G_PP_0881	optimal	0.586093
iJN1463.xml	obj	G_PP_0882	optimal	0.586118
iJN1463.xml	obj	G_PP_0883	optimal	0.586118
iJN1463.xml	obj	G_PP_0884	optimal	0.586118
iJN1463.xml	obj	G_PP_0885	optimal	0.586118
iJN1463.xml	obj	G_PP_0897	optimal	0.586118
iJN1463.xml	obj	G_PP_0914	optimal	0.586118
iJN1463.xml	obj	G_PP_0915	optimal	0.586118
iJN1463.xml	obj	G_PP_0920	optimal	0.586118
iJN1463.xml	obj	G_PP_0922	optimal	0.586118
iJN1463.xml	obj	G_PP_0926	optimal	0.586118
iJN1463.xml	obj	G_PP_0927	optimal	0.586118
iJN1463.xml	obj	G_PP_0928	optimal	0.0
iJN1463.xml	obj	G_PP_0930	optimal	0.586118
iJN1463.xml	obj	G_PP_0931	optimal	0.586118
iJN1463.xml	obj	G_PP_0932	optimal	0.586118
iJN1463.xml	obj	G_PP_0936	optimal	0.586118
iJN1463.xml	obj	G_PP_0944	optimal	0.586118
iJN1463.xml	obj	G_PP_0946	optimal	0.586118
iJN1463.xml	obj	G_PP_0953	optimal	0.0
iJN1463.xml	obj	G_PP_0954	optimal	0.0
iJN1463.xml	obj	G_PP_0955	optimal	0.0
iJN1463.xml	obj	G_PP_0956	optimal	0.0
iJN1463.xml	obj	G_PP_0957	optimal	0.586118
iJN1463.xml	obj	G_PP_0958	optimal	0.586118
iJN1463.xml	obj	G_PP_0959	optimal	0.586118
iJN1463.xml	obj	G_PP_0960	optimal	0.586118
iJN1463.xml	obj	G_PP_0964	optimal	0.0
iJN1463.xml	obj	G_PP_0965	optimal	0.0
iJN1463.xml	obj	G_PP_0966	optimal	0.0
iJN1463.xml	obj	G_PP_0967	optimal	0.0
iJN1463.xml	obj	G_PP_0970	optimal	0.586118
iJN1463.xml	obj	G_PP_0977	optimal	0.586118
iJN1463.xml	obj	G_PP_0980	optimal	0.586118
iJN1463.xml	obj	G_PP_0982	optimal	0.0
iJN1463.xml	obj	G_PP_0983	optimal	0.0
iJN1463.xml	obj	G_PP_0986	optimal	0.586118
iJN1463.xml	obj	G_PP_0987	optimal	0.586118
iJN1463.xml	obj	G_PP_0988	optimal	0.586118
iJN1463.xml	obj	G_PP_0989	optimal	0.586118
iJN1463.xml	obj	G_PP_0996	optimal	0.586118
iJN1463.xml	obj	G_PP_0999	optimal	0.582458
iJN1463.xml	obj	G_PP_1000	optimal	0.0
iJN1463.xml	obj	G_PP_1001	optimal	0.586118
iJN1463.xml	obj	G_PP_1002	optimal	0.586118
iJN1463.xml	obj	G_PP_1003	optimal	0.586118
iJN1463.xml	obj	G_PP_1005	optimal	0.586118
iJN1463.xml	obj	G_PP_1006	optimal	0.586118
iJN1463.xml	obj	G_PP_1009	optimal	0.586118
iJN1463.xml	obj	G_PP_1010	optimal	0.573272
iJN1463.xml	obj	G_PP_1011	optimal	0.586118
iJN1463.xml	obj	G_PP_1014	optimal	0.586118
iJN1463.xml	obj	G_PP_1015	optimal	0.586118
iJN1463.xml	obj	G_PP_1016	optimal	0.586118
iJN1463.xml	obj	G_PP_1017	optimal	0.586118
iJN1463.xml	obj	G_PP_1018	optimal	0.586118
iJN1463.xml	obj	G_PP_1019	optimal	0.586118
iJN1463.xml	obj	G_PP_1022	optimal	0.586118
iJN1463.xml	obj	G_PP_1023	optimal	0.586118
iJN1463.xml	obj	G_PP_1024	optimal	0.573272
iJN1463.xml	obj	G_PP_1025	optimal	0.0
iJN1463.xml	obj	G_PP_1031	optimal	0.584896
iJN1463.xml	obj	G_PP_1032	optimal	0.0
iJN1463.xml	obj	G_PP_1037	optimal	0.0
iJN1463.xml	obj	G_PP_1059	optimal	0.586118
iJN1463.xml	obj	G_PP_1068	optimal	0.586118
iJN1463.xml	obj	G_PP_1069	optimal	0.586118
iJN1463.xml	obj	G_PP_1070	optimal	0.586118
iJN1463.xml	obj	G_PP_1071	optimal	0.586118
iJN1463.xml	obj	G_PP_1073	optimal	0.586118
iJN1463.xml	obj	G_PP_1075	optimal	0.586104
iJN1463.xml	obj	G_PP_1076	optimal	0.58594
iJN1463.xml	obj	G_PP_1078	optimal	0.0
iJN1463.xml	obj	G_PP_1079	optimal	0.0
iJN1463.xml	obj	G_PP_1082	optimal	0.586118
iJN1463.xml	obj	G_PP_1086	optimal	0.0
iJN1463.xml	obj	G_PP_1088	optimal	0.0
iJN1463.xml	obj	G_PP_1097	optimal	0.586118
iJN1463.xml	obj	G_PP_1100	optimal	0.586118
iJN1463.xml	obj	G_PP_1110	optimal	0.586118
iJN1463.xml	obj	G_PP_1129	optimal	0.0
iJN1463.xml	obj	G_PP_1132	optimal	0.586118
iJN1463.xml	obj	G_PP_1137	optimal	0.586118
iJN1463.xml	obj	G_PP_1138	optimal	0.586118
iJN1463.xml	obj	G_PP_1139	optimal	0.586118
iJN1463.xml	obj	G_PP_1140	optimal	0.586118
iJN1463.xml	obj	G_PP_1141	optimal	0.586118
iJN1463.xml	obj	G_PP_1144	optimal	0.586118
iJN1463.xml	obj	G_PP_1156	optimal	0.586118
iJN1463.xml	obj	G_PP_1157	optimal	0.586118
iJN1463.xml	obj	G_PP_1160	optimal	0.586118
iJN1463.xml	obj	G_PP_1167	optimal	0.586118
iJN1463.xml	obj	G_PP_1168	optimal	0.586118
iJN1463.xml	obj	G_PP_1169	optimal	0.586118
iJN1463.xml	obj	G_PP_1171	optimal	0.586118
iJN1463.xml	obj	G_PP_1173	optimal	0.586118
iJN1463.xml	obj	G_PP_1177	optimal	0.0
iJN1463.xml	obj	G_PP_1179	optimal	0.0
iJN1463.xml	obj	G_PP_1183	optimal	0.586118
iJN1463.xml	obj	G_PP_1188	optimal	0.586118
iJN1463.xml	obj	G_PP_1200	optimal	0.586118
iJN1463.xml	obj	G_PP_1205	optimal	0.586118
iJN1463.xml	obj	G_PP_1206	optimal	0.586118
iJN1463.xml	obj	G_PP_1213	optimal	0.586118
iJN1463.xml	obj	G_PP_1225	optimal	0.586118
iJN1463.xml	obj	G_PP_1226	optimal	0.586118
iJN1463.xml	obj	G_PP_1229	optimal	0.586118
iJN1463.xml	obj	G_PP_1231	optimal	0.0
iJN1463.xml	obj	G_PP_1235	optimal	0.586118
iJN1463.xml	obj	G_PP_1237	optimal	0.0
iJN1463.xml	obj	G_PP_1240	optimal	-0.0
iJN1463.xml	obj	G_PP_1251	optimal	0.586118
iJN1463.xml	obj	G_PP_1254	optimal	0.586118
iJN1463.xml	obj	G_PP_1255	optimal	0.586118
iJN1463.xml	obj	G_PP_1256	optimal	0.586118
iJN1463.xml	obj	G_PP_1257	optimal	0.586118
iJN1463.xml	obj	G_PP_1258	optimal	0.586118
iJN1463.xml	obj	G_PP_1259	optimal	0.586118
iJN1463.xml	obj	G_PP_1277	optimal	0.586118
iJN1463.xml	obj	G_PP_1278	optimal	0.586118
iJN1463.xml	obj	G_PP_1279	optimal	0.586118
iJN1463.xml	obj	G_PP_1280	optimal	0.586118
iJN1463.xml	obj	G_PP_1281	optimal	0.586118
iJN1463.xml	obj	G_PP_1282	optimal	0.586118
iJN1463.xml	obj	G_PP_1283	optimal	0.586118
iJN1463.xml	obj	G_PP_1284	optimal	0.586118
iJN1463.xml	obj	G_PP_1285	optimal	0.586118
iJN1463.xml	obj	G_PP_1286	optimal	0.586118
iJN1463.xml	obj	G_PP_1287	optimal	0.586118
iJN1463.xml	obj	G_PP_1288	optimal	0.586118
iJN1463.xml	obj	G_PP_1292	optimal	0.0
iJN1463.xml	obj	G_PP_1293	optimal	0.0
iJN1463.xml	obj	G_PP_1294	optimal	0.0
iJN1463.xml	obj	G_PP_1297	optimal	0.586118
iJN1463.xml	obj	G_PP_1298	optimal	0.586118
iJN1463.xml	obj	G_PP_1299	optimal	0.586118
iJN1463.xml	obj	G_PP_1300	optimal	0.586118
iJN1463.xml	obj	G_PP_1303	optimal	0.0
iJN1463.xml	obj	G_PP_1304	optimal	0.0
iJN1463.xml	obj	G_PP_1308	optimal	0.586118
iJN1463.xml	obj	G_PP_1311	optimal	0.586118
iJN1463.xml	obj	G_PP_1317	optimal	0.586118
iJN1463.xml	obj	G_PP_1318	optimal	0.586118
iJN1463.xml	obj	G_PP_1319	optimal	0.586118
iJN1463.xml	obj	G_PP_1323	optimal	0.0
iJN1463.xml	obj	G_PP_1331	optimal	0.586118
iJN1463.xml	obj	G_PP_1332	optimal	0.0
iJN1463.xml	obj	G_PP_1333	optimal	0.0
iJN1463.xml	obj	G_PP_1334	optimal	0.0
iJN1463.xml	obj	G_PP_1335	optimal	0.0
iJN1463.xml	obj	G_PP_1336	optimal	0.0
iJN1463.xml	obj	G_PP_1337	optimal	0.0
iJN1463.xml	obj	G_PP_1338	optimal	0.586118
iJN1463.xml	obj	G_PP_1339	optimal	0.586118
iJN1463.xml	obj	G_PP_1343	optimal	0.0
iJN1463.xml	obj	G_PP_1346	optimal	0.586118
iJN1463.xml	obj	G_PP_1351	optimal	0.586118
iJN1463.xml	obj	G_PP_1355	optimal	0.586118
iJN1463.xml	obj	G_PP_1362	optimal	0.586118
iJN1463.xml	obj	G_PP_1367	optimal	0.586118
iJN1463.xml	obj	G_PP_1373	optimal	0.586118
iJN1463.xml	obj	G_PP_1376	optimal	0.586118
iJN1463.xml	obj	G_PP_1377	optimal	0.586118
iJN1463.xml	obj	G_PP_1378	optimal	0.586118
iJN1463.xml	obj	G_PP_1379	optimal	0.586118
iJN1463.xml	obj	G_PP_1380	optimal	0.586118
iJN1463.xml	obj	G_PP_1381	optimal	0.586118
iJN1463.xml	obj	G_PP_1382	optimal	0.586118
iJN1463.xml	obj	G_PP_1383	optimal	0.586118
iJN1463.xml	obj	G_PP_1384	optimal	0.586118
iJN1463.xml	obj	G_PP_1385	optimal	0.586118
iJN1463.xml	obj	G_PP_1386	optimal	0.586118
iJN1463.xml	obj	G_PP_1394	optimal	0.586118
iJN1463.xml	obj	G_PP_1400	optimal	0.586118
iJN1463.xml	obj	G_PP_1403	optimal	0.586118
iJN1463.xml	obj	G_PP_1407	optimal	0.586118
iJN1463.xml	obj	G_PP_1408	optimal	0.586045
iJN1463.xml	obj	G_PP_1414	optimal	0.586118
iJN1463.xml	obj	G_PP_1416	optimal	0.586118
iJN1463.xml	obj	G_PP_1417	optimal	0.586118
iJN1463.xml	obj	G_PP_1418	optimal	0.586118
iJN1463.xml	obj	G_PP_1419	optimal	0.586118
iJN1463.xml	obj	G_PP_1426	optimal	0.0
iJN1463.xml	obj	G_PP_1436	optimal	0.0
iJN1463.xml	obj	G_PP_1444	optimal	0.579634
iJN1463.xml	obj	G_PP_1445	optimal	0.586118
iJN1463.xml	obj	G_PP_1457	optimal	0.586118
iJN1463.xml	obj	G_PP_1469	optimal	0.586118
iJN1463.xml	obj	G_PP_1470	optimal	0.586118
iJN1463.xml	obj	G_PP_1471	optimal	0.586118
iJN1463.xml	obj	G_PP_1478	optimal	0.586118
iJN1463.xml	obj	G_PP_1481	optimal	0.586118
iJN1463.xml	obj	G_PP_1484	optimal	0.586118
iJN1463.xml	obj	G_PP_1494	optimal	0.586118
iJN1463.xml	obj	G_PP_1496	optimal	0.586118
iJN1463.xml	obj	G_PP_1505	optimal	0.586118
iJN1463.xml	obj	G_PP_1506	optimal	0.586106
iJN1463.xml	obj	G_PP_1520	optimal	0.586118
iJN1463.xml	obj	G_PP_1525	optimal	0.0
iJN1463.xml	obj	G_PP_1528	optimal	0.586118
iJN1463.xml	obj	G_PP_1529	optimal	0.586118
iJN1463.xml	obj	G_PP_1530	optimal	0.0
iJN1463.xml	obj	G_PP_1587	optimal	0.586118
iJN1463.xml	obj	G_PP_1588	optimal	0.586118
iJN1463.xml	obj	G_PP_1593	optimal	0.586089
iJN1463.xml	obj	G_PP_1595	optimal	0.0
iJN1463.xml	obj	G_PP_1596	optimal	0.0
iJN1463.xml	obj	G_PP_1597	optimal	0.0
iJN1463.xml	obj	G_PP_1601	optimal	0.0
iJN1463.xml	obj	G_PP_1602	optimal	0.0
iJN1463.xml	obj	G_PP_1603	optimal	0.0
iJN1463.xml	obj	G_PP_1604	optimal	0.0
iJN1463.xml	obj	G_PP_1607	optimal	0.0
iJN1463.xml	obj	G_PP_1610	optimal	0.0
iJN1463.xml	obj	G_PP_1611	optimal	0.586118
iJN1463.xml	obj	G_PP_1612	optimal	0.56564
iJN1463.xml	obj	G_PP_1614	optimal	0.0
iJN1463.xml	obj	G_PP_1616	optimal	0.586118
iJN1463.xml	obj	G_PP_1617	optimal	0.586118
iJN1463.xml	obj	G_PP_1618	optimal	0.0
iJN1463.xml	obj	G_PP_1620	optimal	0.586107
iJN1463.xml	obj	G_PP_1625	optimal	0.0
iJN1463.xml	obj	G_PP_1628	optimal	0.586118
iJN1463.xml	obj	G_PP_1636	optimal	0.586118
iJN1463.xml	obj	G_PP_1638	optimal	0.0
iJN1463.xml	obj	G_PP_1645	optimal	0.586118
iJN1463.xml	obj	G_PP_1649	optimal	0.586118
iJN1463.xml	obj	G_PP_1654	optimal	0.586118
iJN1463.xml	obj	G_PP_1656	optimal	0.586118
iJN1463.xml	obj	G_PP_1657	optimal	0.586118
iJN1463.xml	obj	G_PP_1664	optimal	0.58502
iJN1463.xml	obj	G_PP_1665	optimal	0.0
iJN1463.xml	obj	G_PP_1672	optimal	0.0
iJN1463.xml	obj	G_PP_1673	optimal	0.0
iJN1463.xml	obj	G_PP_1674	optimal	0.0
iJN1463.xml	obj	G_PP_1675	optimal	0.0
iJN1463.xml	obj	G_PP_1676	optimal	0.0
iJN1463.xml	obj	G_PP_1677	optimal	0.0
iJN1463.xml	obj	G_PP_1678	optimal	0.0
iJN1463.xml	obj	G_PP_1679	optimal	0.0
iJN1463.xml	obj	G_PP_1680	optimal	0.0
iJN1463.xml	obj	G_PP_1681	optimal	0.0
iJN1463.xml	obj	G_PP_1686	optimal	0.586118
iJN1463.xml	obj	G_PP_1689	optimal	0.586118
iJN1463.xml	obj	G_PP_1700	optimal	0.586118
iJN1463.xml	obj	G_PP_1703	optimal	0.586118
iJN1463.xml	obj	G_PP_1705	optimal	0.586118
iJN1463.xml	obj	G_PP_1706	optimal	0.586118
iJN1463.xml	obj	G_PP_1710	optimal	0.586118
iJN1463.xml	obj	G_PP_1722	optimal	0.586118
iJN1463.xml	obj	G_PP_1735	optimal	0.586118
iJN1463.xml	obj	G_PP_1741	optimal	0.586118
iJN1463.xml	obj	G_PP_1743	optimal	0.586118
iJN1463.xml	obj	G_PP_1750	optimal	0.0
iJN1463.xml	obj	G_PP_1755	optimal	0.586118
iJN1463.xml	obj	G_PP_1761	optimal	0.586118
iJN1463.xml	obj	G_PP_1764	optimal	0.586118
iJN1463.xml	obj	G_PP_1765	optimal	0.0
iJN1463.xml	obj	G_PP_1766	optimal	0.586118
iJN1463.xml	obj	G_PP_1768	optimal	0.0
iJN1463.xml	obj	G_PP_1769	optimal	0.0
iJN1463.xml	obj	G_PP_1770	optimal	0.0
iJN1463.xml	obj	G_PP_1771	optimal	0.584964
iJN1463.xml	obj	G_PP_1776	optimal	0.586118
iJN1463.xml	obj	G_PP_1777	optimal	0.586118
iJN1463.xml	obj	G_PP_1778	optimal	0.586118
iJN1463.xml	obj	G_PP_1779	optimal	0.586118
iJN1463.xml	obj	G_PP_1782	optimal	0.586118
iJN1463.xml	obj	G_PP_1783	optimal	0.586118
iJN1463.xml	obj	G_PP_1784	optimal	0.586118
iJN1463.xml	obj	G_PP_1785	optimal	0.586118
iJN1463.xml	obj	G_PP_1799	optimal	0.586118
iJN1463.xml	obj	G_PP_1800	optimal	0.586118
iJN1463.xml	obj	G_PP_1801	optimal	0.586118
iJN1463.xml	obj	G_PP_1802	optimal	0.586118
iJN1463.xml	obj	G_PP_1803	optimal	0.0
iJN1463.xml	obj	G_PP_1804	optimal	0.0
iJN1463.xml	obj	G_PP_1805	optimal	0.0
iJN1463.xml	obj	G_PP_1806	optimal	0.586118
iJN1463.xml	obj	G_PP_1807	optimal	0.586118
iJN1463.xml	obj	G_PP_1808	optimal	0.586118
iJN1463.xml	obj	G_PP_1811	optimal	0.586118
iJN1463.xml	obj	G_PP_1815	optimal	0.0
iJN1463.xml	obj	G_PP_1823	optimal	0.586118
iJN1463.xml	obj	G_PP_1830	optimal	0.0
iJN1463.xml	obj	G_PP_1842	optimal	0.586118
iJN1463.xml	obj	G_PP_1843	optimal	0.58611
iJN1463.xml	obj	G_PP_1844	optimal	0.586118
iJN1463.xml	obj	G_PP_1866	optimal	0.586118
iJN1463.xml	obj	G_PP_1872	optimal	0.586118
iJN1463.xml	obj	G_PP_1874	optimal	0.586118
iJN1463.xml	obj	G_PP_1877	optimal	0.586118
iJN1463.xml	obj	G_PP_1893	optimal	0.586045
iJN1463.xml	obj	G_PP_1900	optimal	0.0
iJN1463.xml	obj	G_PP_1902	optimal	0.0
iJN1463.xml	obj	G_PP_1904	optimal	0.586118
iJN1463.xml	obj	G_PP_1912	optimal	0.586118
iJN1463.xml	obj	G_PP_1913	optimal	0.0
iJN1463.xml	obj	G_PP_1914	optimal	0.0
iJN1463.xml	obj	G_PP_1915	optimal	0.0
iJN1463.xml	obj	G_PP_1916	optimal	0.586118
iJN1463.xml	obj	G_PP_1917	optimal	0.0
iJN1463.xml	obj	G_PP_1924	optimal	0.586118
iJN1463.xml	obj	G_PP_1928	optimal	0.586118
iJN1463.xml	obj	G_PP_1929	optimal	0.586118
iJN1463.xml	obj	G_PP_1943	optimal	0.586118
iJN1463.xml	obj	G_PP_1945	optimal	0.586118
iJN1463.xml	obj	G_PP_1969	optimal	0.586118
iJN1463.xml	obj	G_PP_1972	optimal	0.586118
iJN1463.xml	obj	G_PP_1977	optimal	0.0
iJN1463.xml	obj	G_PP_1985	optimal	0.0
iJN1463.xml	obj	G_PP_1986	optimal	0.0
iJN1463.xml	obj	G_PP_1988	optimal	0.0
iJN1463.xml	obj	G_PP_1989	optimal	0.0
iJN1463.xml	obj	G_PP_1995	optimal	0.0
iJN1463.xml	obj	G_PP_1996	optimal	0.0
iJN1463.xml	obj	G_PP_1997	optimal	0.0
iJN1463.xml	obj	G_PP_2000	optimal	-0.0
iJN1463.xml	obj	G_PP_2001	optimal	0.586118
iJN1463.xml	obj	G_PP_2008	optimal	0.586118
iJN1463.xml	obj	G_PP_2012	optimal	0.0
iJN1463.xml	obj	G_PP_2017	optimal	0.586118
iJN1463.xml	obj	G_PP_2039	optimal	0.586118
iJN1463.xml	obj	G_PP_2047	optimal	0.586118
iJN1463.xml	obj	G_PP_2048	optimal	0.586118
iJN1463.xml	obj	G_PP_2051	optimal	0.586118
iJN1463.xml	obj	G_PP_2056	optimal	0.586118
iJN1463.xml	obj	G_PP_2057	optimal	0.586118
iJN1463.xml	obj	G_PP_2058	optimal	0.586118
iJN1463.xml	obj	G_PP_2077	optimal	0.586118
iJN1463.xml	obj	G_PP_2080	optimal	0.586118
iJN1463.xml	obj	G_PP_2082	optimal	0.586118
iJN1463.xml	obj	G_PP_2090	optimal	0.586118
iJN1463.xml	obj	G_PP_2092	optimal	0.586118
iJN1463.xml	obj	G_PP_2095	optimal	0.0
iJN1463.xml	obj	G_PP_2098	optimal	0.586118
iJN1463.xml	obj	G_PP_2102	optimal	0.586118
iJN1463.xml	obj	G_PP_2106	optimal	0.586118
iJN1463.xml	obj	G_PP_2112	optimal	0.586118
iJN1463.xml	obj	G_PP_2117	optimal	0.0
iJN1463.xml	obj	G_PP_2122	optimal	0.586118
iJN1463.xml	obj	G_PP_2123	optimal	0.0
iJN1463.xml	obj	G_PP_2125	optimal	0.586118
iJN1463.xml	obj	G_PP_2130	optimal	0.586118
iJN1463.xml	obj	G_PP_2136	optimal	0.586045
iJN1463.xml	obj	G_PP_2137	optimal	0.586118
iJN1463.xml	obj	G_PP_2145	optimal	0.586118
iJN1463.xml	obj	G_PP_2149	optimal	0.586118
iJN1463.xml	obj	G_PP_2151	optimal	0.586118
iJN1463.xml	obj	G_PP_2152	optimal	0.586118
iJN1463.xml	obj	G_PP_2160	optimal	0.586118
iJN1463.xml	obj	G_PP_2168	optimal	0.585945
iJN1463.xml	obj	G_PP_2178	optimal	0.586118
iJN1463.xml	obj	G_PP_2179	optimal	0.586118
iJN1463.xml	obj	G_PP_2180	optimal	0.586118
iJN1463.xml	obj	G_PP_2183	optimal	0.586118
iJN1463.xml	obj	G_PP_2184	optimal	0.586118
iJN1463.xml	obj	G_PP_2185	optimal	0.586118
iJN1463.xml	obj	G_PP_2186	optimal	0.586118
iJN1463.xml	obj	G_PP_2193	optimal	0.586118
iJN1463.xml	obj	G_PP_2196	optimal	0.586118
iJN1463.xml	obj	G_PP_2205	optimal	0.586118
iJN1463.xml	obj	G_PP_2208	optimal	0.586118
iJN1463.xml	obj	G_PP_2209	optimal	0.586118
iJN1463.xml	obj	G_PP_2213	optimal	0.586118
iJN1463.xml	obj	G_PP_2214	optimal	0.586118
iJN1463.xml	obj	G_PP_2215	optimal	0.586118
iJN1463.xml	obj	G_PP_2216	optimal	0.586118
iJN1463.xml	obj	G_PP_2217	optimal	0.586118
iJN1463.xml	obj	G_PP_2225	optimal	0.586118
iJN1463.xml	obj	G_PP_2226	optimal	0.586118
iJN1463.xml	obj	G_PP_2227	optimal	0.586118
iJN1463.xml	obj	G_PP_2228	optimal	0.586118
iJN1463.xml	obj	G_PP_2229	optimal	0.586118
iJN1463.xml	obj	G_PP_2230	optimal	0.586118
iJN1463.xml	obj	G_PP_2239	optimal	0.586118
iJN1463.xml	obj	G_PP_2242	optimal	0.586118
iJN1463.xml	obj	G_PP_2246	optimal	0.586118
iJN1463.xml	obj	G_PP_2255	optimal	0.586118
iJN1463.xml	obj	G_PP_2265	optimal	0.586118
iJN1463.xml	obj	G_PP_2318	optimal	0.586118
iJN1463.xml	obj	G_PP_2324	optimal	0.586118
iJN1463.xml	obj	G_PP_2325	optimal	0.586118
iJN1463.xml	obj	G_PP_2328	optimal	0.0
iJN1463.xml	obj	G_PP_2329	optimal	0.0
iJN1463.xml	obj	G_PP_2334	optimal	0.586118
iJN1463.xml	obj	G_PP_2335	optimal	0.586118
iJN1463.xml	obj	G_PP_2336	optimal	0.586118
iJN1463.xml	obj	G_PP_2338	optimal	0.586118
iJN1463.xml	obj	G_PP_2339	optimal	0.586118
iJN1463.xml	obj	G_PP_2341	optimal	0.586118
iJN1463.xml	obj	G_PP_2351	optimal	0.586118
iJN1463.xml	obj	G_PP_2368	optimal	0.586118
iJN1463.xml	obj	G_PP_2371	optimal	0.0
iJN1463.xml	obj	G_PP_2375	optimal	0.586118
iJN1463.xml	obj	G_PP_2376	optimal	0.586118
iJN1463.xml	obj	G_PP_2406	optimal	0.586118
iJN1463.xml	obj	G_PP_2407	optimal	0.586118
iJN1463.xml	obj	G_PP_2408	optimal	0.586118
iJN1463.xml	obj	G_PP_2409	optimal	0.586118
iJN1463.xml	obj	G_PP_2410	optimal	0.586118
iJN1463.xml	obj	G_PP_2416	optimal	0.586118
iJN1463.xml	obj	G_PP_2417	optimal	0.586118
iJN1463.xml	obj	G_PP_2418	optimal	0.586118
iJN1463.xml	obj	G_PP_2423	optimal	0.586118
iJN1463.xml	obj	G_PP_2426	optimal	0.586118
iJN1463.xml	obj	G_PP_2428	optimal	0.586118
iJN1463.xml	obj	G_PP_2432	optimal	0.586118
iJN1463.xml	obj	G_PP_2435	optimal	0.586118
iJN1463.xml	obj	G_PP_2437	optimal	0.586118
iJN1463.xml	obj	G_PP_2439	optimal	0.586118
iJN1463.xml	obj	G_PP_2440	optimal	0.586118
iJN1463.xml	obj	G_PP_2443	optimal	0.586118
iJN1463.xml	obj	G_PP_2448	optimal	0.586118
iJN1463.xml	obj	G_PP_2453	optimal	0.586118
iJN1463.xml	obj	G_PP_2454	optimal	0.586118
iJN1463.xml	obj	G_PP_2455	optimal	0.586118
iJN1463.xml	obj	G_PP_2456	optimal	0.586118
iJN1463.xml	obj	G_PP_2458	optimal	0.586118
iJN1463.xml	obj	G_PP_2459	optimal	0.586118
iJN1463.xml	obj	G_PP_2460	optimal	0.586118
iJN1463.xml	obj	G_PP_2465	optimal	0.586118
iJN1463.xml	obj	G_PP_2469	optimal	0.586118
iJN1463.xml	obj	G_PP_2470	optimal	0.586118
iJN1463.xml	obj	G_PP_2476	optimal	0.586118
iJN1463.xml	obj	G_PP_2482	optimal	0.586118
iJN1463.xml	obj	G_PP_2486	optimal	0.586118
iJN1463.xml	obj	G_PP_2488	optimal	0.586118
iJN1463.xml	obj	G_PP_2489	optimal	0.586118
iJN1463.xml	obj	G_PP_2490	optimal	0.586118
iJN1463.xml	obj	G_PP_2492	optimal	0.586118
iJN1463.xml	obj	G_PP_2504	optimal	0.586118
iJN1463.xml	obj	G_PP_2512	optimal	0.586118
iJN1463.xml	obj	G_PP_2513	optimal	0.586118
iJN1463.xml	obj	G_PP_2514	optimal	0.586118
iJN1463.xml	obj	G_PP_2515	optimal	0.586118
iJN1463.xml	obj	G_PP_2517	optimal	0.586118
iJN1463.xml	obj	G_PP_2518	optimal	0.586118
iJN1463.xml	obj	G_PP_2519	optimal	0.586118
iJN1463.xml	obj	G_PP_2528	optimal	0.586118
iJN1463.xml	obj	G_PP_2543	optimal	0.586118
iJN1463.xml	obj	G_PP_2545	optimal	0.586118
iJN1463.xml	obj	G_PP_2552	optimal	0.586118
iJN1463.xml	obj	G_PP_2553	optimal	0.586118
iJN1463.xml	obj	G_PP_2554	optimal	0.586118
iJN1463.xml	obj	G_PP_2556	optimal	0.586118
iJN1463.xml	obj	G_PP_2582	optimal	0.586118
iJN1463.xml	obj	G_PP_2586	optimal	0.586118
iJN1463.xml	obj	G_PP_2589	optimal	0.586118
iJN1463.xml	obj	G_PP_2590	optimal	0.586118
iJN1463.xml	obj	G_PP_2591	optimal	0.586118
iJN1463.xml	obj	G_PP_2592	optimal	0.586118
iJN1463.xml	obj	G_PP_2593	optimal	0.586118
iJN1463.xml	obj	G_PP_2594	optimal	0.586118
iJN1463.xml	obj	G_PP_2635	optimal	0.586118
iJN1463.xml	obj	G_PP_2636	optimal	0.586118
iJN1463.xml	obj	G_PP_2637	optimal	0.586118
iJN1463.xml	obj	G_PP_2638	optimal	0.586118
iJN1463.xml	obj	G_PP_2645	optimal	0.586118
iJN1463.xml	obj	G_PP_2647	optimal	0.586118
iJN1463.xml	obj	G_PP_2656	optimal	0.586118
iJN1463.xml	obj	G_PP_2657	optimal	0.586118
iJN1463.xml	obj	G_PP_2658	optimal	0.586118
iJN1463.xml	obj	G_PP_2659	optimal	0.586118
iJN1463.xml	obj	G_PP_2667	optimal	0.586118
iJN1463.xml	obj	G_PP_2668	optimal	0.586118
iJN1463.xml	obj	G_PP_2669	optimal	0.586118
iJN1463.xml	obj	G_PP_2673	optimal	0.586118
iJN1463.xml	obj	G_PP_2674	optimal	0.586118
iJN1463.xml	obj	G_PP_2675	optimal	0.586118
iJN1463.xml	obj	G_PP_2676	optimal	0.586118
iJN1463.xml	obj	G_PP_2679	optimal	0.586118
iJN1463.xml	obj	G_PP_2680	optimal	0.586118
iJN1463.xml	obj	G_PP_2694	optimal	0.586118
iJN1463.xml	obj	G_PP_2698	optimal	0.586118
iJN1463.xml	obj	G_PP_2703	optimal	0.586118
iJN1463.xml	obj	G_PP_2716	optimal	0.586118
iJN1463.xml	obj	G_PP_2717	optimal	0.586118
iJN1463.xml	obj	G_PP_2734	optimal	0.586118
iJN1463.xml	obj	G_PP_2764	optimal	0.586118
iJN1463.xml	obj	G_PP_2765	optimal	0.586118
iJN1463.xml	obj	G_PP_2774	optimal	0.586118
iJN1463.xml	obj	G_PP_2775	optimal	0.586118
iJN1463.xml	obj	G_PP_2791	optimal	0.586118
iJN1463.xml	obj	G_PP_2792	optimal	0.586118
iJN1463.xml	obj	G_PP_2793	optimal	0.586118
iJN1463.xml	obj	G_PP_2794	optimal	0.586118
iJN1463.xml	obj	G_PP_2795	optimal	0.586118
iJN1463.xml	obj	G_PP_2796	optimal	0.586118
iJN1463.xml	obj	G_PP_2797	optimal	0.586118
iJN1463.xml	obj	G_PP_2800	optimal	0.586118
iJN1463.xml	obj	G_PP_2801	optimal	0.586118
iJN1463.xml	obj	G_PP_2802	optimal	0.586118
iJN1463.xml	obj	G_PP_2805	optimal	0.586118
iJN1463.xml	obj	G_PP_2834	optimal	0.586118
iJN1463.xml	obj	G_PP_2842	optimal	0.586117
iJN1463.xml	obj	G_PP_2843	optimal	0.586117
iJN1463.xml	obj	G_PP_2844	optimal	0.586117
iJN1463.xml	obj	G_PP_2845	optimal	0.586117
iJN1463.xml	obj	G_PP_2846	optimal	0.586117
iJN1463.xml	obj	G_PP_2847	optimal	0.586117
iJN1463.xml	obj	G_PP_2848	optimal	0.586117
iJN1463.xml	obj	G_PP_2849	optimal	0.586117
iJN1463.xml	obj	G_PP_2862	optimal	0.0
iJN1463.xml	obj	G_PP_2872	optimal	0.586118
iJN1463.xml	obj	G_PP_2887	optimal	0.586118
iJN1463.xml	obj	G_PP_2902	optimal	0.0
iJN1463.xml	obj	G_PP_2904	optimal	0.586118
iJN1463.xml	obj	G_PP_2905	optimal	0.586118
iJN1463.xml	obj	G_PP_2909	optimal	0.586118
iJN1463.xml	obj	G_PP_2910	optimal	0.586118
iJN1463.xml	obj	G_PP_2911	optimal	0.586118
iJN1463.xml	obj	G_PP_2913	optimal	0.586118
iJN1463.xml	obj	G_PP_2914	optimal	0.586118
iJN1463.xml	obj	G_PP_2916	optimal	0.586118
iJN1463.xml	obj	G_PP_2918	optimal	0.586118
iJN1463.xml	obj	G_PP_2925	optimal	0.586118
iJN1463.xml	obj	G_PP_2928	optimal	0.586118
iJN1463.xml	obj	G_PP_2929	optimal	0.586118
iJN1463.xml	obj	G_PP_2933	optimal	0.586118
iJN1463.xml	obj	G_PP_2943	optimal	0.586118
iJN1463.xml	obj	G_PP_2955	optimal	0.586118
iJN1463.xml	obj	G_PP_2958	optimal	0.586118
iJN1463.xml	obj	G_PP_2973	optimal	0.586118
iJN1463.xml	obj	G_PP_2998	optimal	0.586118
iJN1463.xml	obj	G_PP_3002	optimal	0.586118
iJN1463.xml	obj	G_PP_3003	optimal	0.586118
iJN1463.xml	obj	G_PP_3071	optimal	0.586118
iJN1463.xml	obj	G_PP_3073	optimal	0.586118
iJN1463.xml	obj	G_PP_3074	optimal	0.586118
iJN1463.xml	obj	G_PP_3080	optimal	0.586118
iJN1463.xml	obj	G_PP_3099	optimal	0.586118
iJN1463.xml	obj	G_PP_3122	optimal	0.586118
iJN1463.xml	obj	G_PP_3123	optimal	0.586118
iJN1463.xml	obj	G_PP_3124	optimal	0.586118
iJN1463.xml	obj	G_PP_3129	optimal	0.586118
iJN1463.xml	obj	G_PP_3136	optimal	0.586118
iJN1463.xml	obj	G_PP_3144	optimal	0.586118
iJN1463.xml	obj	G_PP_3146	optimal	0.586118
iJN1463.xml	obj	G_PP_3147	optimal	0.586118
iJN1463.xml	obj	G_PP_3148	optimal	0.586118
iJN1463.xml	obj	G_PP_3151	optimal	0.586118
iJN1463.xml	obj	G_PP_3161	optimal	0.586118
iJN1463.xml	obj	G_PP_3162	optimal	0.586118
iJN1463.xml	obj	G_PP_3163	optimal	0.586118
iJN1463.xml	obj	G_PP_3164	optimal	0.586118
iJN1463.xml	obj	G_PP_3165	optimal	0.586118
iJN1463.xml	obj	G_PP_3166	optimal	0.586118
iJN1463.xml	obj	G_PP_3168	optimal	0.586118
iJN1463.xml	obj	G_PP_3173	optimal	0.586118
iJN1463.xml	obj	G_PP_3178	optimal	0.586118
iJN1463.xml	obj	G_PP_3187	optimal	0.586118
iJN1463.xml	obj	G_PP_3189	optimal	0.586118
iJN1463.xml	obj	G_PP_3190	optimal	0.586118
iJN1463.xml	obj	G_PP_3219	optimal	0.586118
iJN1463.xml	obj	G_PP_3253	optimal	0.586118
iJN1463.xml	obj	G_PP_3264	optimal	0.586118
iJN1463.xml	obj	G_PP_3270	optimal	0.586118
iJN1463.xml	obj	G_PP_3271	optimal	0.586118
iJN1463.xml	obj	G_PP_3272	optimal	0.586118
iJN1463.xml	obj	G_PP_3274	optimal	0.586118
iJN1463.xml	obj	G_PP_3275	optimal	0.586118
iJN1463.xml	obj	G_PP_3276	optimal	0.586118
iJN1463.xml	obj	G_PP_3277	optimal	0.586118
iJN1463.xml	obj	G_PP_3278	optimal	0.586118
iJN1463.xml	obj	G_PP_3279	optimal	0.586118
iJN1463.xml	obj	G_PP_3280	optimal	0.586118
iJN1463.xml	obj	G_PP_3282	optimal	0.586118
iJN1463.xml	obj	G_PP_3283	optimal	0.586118
iJN1463.xml	obj	G_PP_3284	optimal	0.586118
iJN1463.xml	obj	G_PP_3285	optimal	0.586118
iJN1463.xml	obj	G_PP_3303	optimal	0.586118
iJN1463.xml	obj	G_PP_3311	optimal	0.586118
iJN1463.xml	obj	G_PP_3320	optimal	0.586118
iJN1463.xml	obj	G_PP_3322	optimal	0.586118
iJN1463.xml	obj	G_PP_3324	optimal	0.586118
iJN1463.xml	obj	G_PP_3342	optimal	0.586118
iJN1463.xml	obj	G_PP_3343	optimal	0.586118
iJN1463.xml	obj	G_PP_3344	optimal	0.586118
iJN1463.xml	obj	G_PP_3345	optimal	0.586118
iJN1463.xml	obj	G_PP_3346	optimal	0.586118
iJN1463.xml	obj	G_PP_3356	optimal	0.586118
iJN1463.xml	obj	G_PP_3357	optimal	0.0
iJN1463.xml	obj	G_PP_3358	optimal	0.586118
iJN1463.xml	obj	G_PP_3365	optimal	0.586118
iJN1463.xml	obj	G_PP_3376	optimal	0.586118
iJN1463.xml	obj	G_PP_3377	optimal	0.586118
iJN1463.xml	obj	G_PP_3378	optimal	0.586118
iJN1463.xml	obj	G_PP_3382	optimal	0.586118
iJN1463.xml	obj	G_PP_3383	optimal	0.586118
iJN1463.xml	obj	G_PP_3384	optimal	0.586118
iJN1463.xml	obj	G_PP_3410	optimal	0.0
iJN1463.xml	obj	G_PP_3416	optimal	0.579634
iJN1463.xml	obj	G_PP_3417	optimal	0.586118
iJN1463.xml	obj	G_PP_3425	optimal	0.586118
iJN1463.xml	obj	G_PP_3426	optimal	0.586118
iJN1463.xml	obj	G_PP_3427	optimal	0.586118
iJN1463.xml	obj	G_PP_3433	optimal	0.586118
iJN1463.xml	obj	G_PP_3435	optimal	0.586118
iJN1463.xml	obj	G_PP_3443	optimal	0.586118
iJN1463.xml	obj	G_PP_3446	optimal	0.586118
iJN1463.xml	obj	G_PP_3457	optimal	0.0
iJN1463.xml	obj	G_PP_3459	optimal	0.586118
iJN1463.xml	obj	G_PP_3460	optimal	0.586118
iJN1463.xml	obj	G_PP_3461	optimal	0.586118
iJN1463.xml	obj	G_PP_3462	optimal	0.586118
iJN1463.xml	obj	G_PP_3463	optimal	0.586118
iJN1463.xml	obj	G_PP_3464	optimal	0.586118
iJN1463.xml	obj	G_PP_3465	optimal	0.586118
iJN1463.xml	obj	G_PP_3466	optimal	0.586118
iJN1463.xml	obj	G_PP_3507	optimal	0.0
iJN1463.xml	obj	G_PP_3511	optimal	0.586118
iJN1463.xml	obj	G_PP_3514	optimal	0.586118
iJN1463.xml	obj	G_PP_3515	optimal	0.586118
iJN1463.xml	obj	G_PP_3530	optimal	0.586118
iJN1463.xml	obj	G_PP_3533	optimal	0.586118
iJN1463.xml	obj	G_PP_3535	optimal	0.586118
iJN1463.xml	obj	G_PP_3537	optimal	0.586118
iJN1463.xml	obj	G_PP_3540	optimal	0.586118
iJN1463.xml	obj	G_PP_3553	optimal	0.586118
iJN1463.xml	obj	G_PP_3561	optimal	0.586118
iJN1463.xml	obj	G_PP_3569	optimal	0.586118
iJN1463.xml	obj	G_PP_3570	optimal	0.586118
iJN1463.xml	obj	G_PP_3578	optimal	0.586118
iJN1463.xml	obj	G_PP_3581	optimal	0.586118
iJN1463.xml	obj	G_PP_3588	optimal	0.586118
iJN1463.xml	obj	G_PP_3589	optimal	0.586118
iJN1463.xml	obj	G_PP_3590	optimal	0.586118
iJN1463.xml	obj	G_PP_3591	optimal	0.586118
iJN1463.xml	obj	G_PP_3593	optimal	0.586118
iJN1463.xml	obj	G_PP_3594	optimal	0.586118
iJN1463.xml	obj	G_PP_3595	optimal	0.586118
iJN1463.xml	obj	G_PP_3596	optimal	0.586118
iJN1463.xml	obj	G_PP_3597	optimal	0.586118
iJN1463.xml	obj	G_PP_3598	optimal	0.586118
iJN1463.xml	obj	G_PP_3599	optimal	0.586118
iJN1463.xml	obj	G_PP_3600	optimal	0.586118
iJN1463.xml	obj	G_PP_3601	optimal	0.586118
iJN1463.xml	obj	G_PP_3602	optimal	0.586118
iJN1463.xml	obj	G_PP_3606	optimal	0.586118
iJN1463.xml	obj	G_PP_3630	optimal	0.586118
iJN1463.xml	obj	G_PP_3633	optimal	0.586118
iJN1463.xml	obj	G_PP_3635	optimal	0.586118
iJN1463.xml	obj	G_PP_3636	optimal	0.586118
iJN1463.xml	obj	G_PP_3637	optimal	0.586118
iJN1463.xml	obj	G_PP_3648	optimal	0.586118
iJN1463.xml	obj	G_PP_3658	optimal	0.586118
iJN1463.xml	obj	G_PP_3664	optimal	0.586118
iJN1463.xml	obj	G_PP_3666	optimal	0.586118
iJN1463.xml	obj	G_PP_3667	optimal	0.586118
iJN1463.xml	obj	G_PP_3668	optimal	0.586118
iJN1463.xml	obj	G_PP_3713	optimal	0.586118
iJN1463.xml	obj	G_PP_3714	optimal	0.586118
iJN1463.xml	obj	G_PP_3715	optimal	0.586118
iJN1463.xml	obj	G_PP_3720	optimal	0.586118
iJN1463.xml	obj	G_PP_3721	optimal	0.586118
iJN1463.xml	obj	G_PP_3722	optimal	0.586118
iJN1463.xml	obj	G_PP_3723	optimal	0.586118
iJN1463.xml	obj	G_PP_3727	optimal	0.586118
iJN1463.xml	obj	G_PP_3736	optimal	0.586118
iJN1463.xml	obj	G_PP_3737	optimal	0.586118
iJN1463.xml	obj	G_PP_3739	optimal	0.586118
iJN1463.xml	obj	G_PP_3740	optimal	0.586118
iJN1463.xml	obj	G_PP_3741	optimal	0.586118
iJN1463.xml	obj	G_PP_3745	optimal	0.586107
iJN1463.xml	obj	G_PP_3746	optimal	0.586107
iJN1463.xml	obj	G_PP_3747	optimal	0.586107
iJN1463.xml	obj	G_PP_3751	optimal	0.586118
iJN1463.xml	obj	G_PP_3754	optimal	0.586118
iJN1463.xml	obj	G_PP_3755	optimal	0.586118
iJN1463.xml	obj	G_PP_3763	optimal	0.0
iJN1463.xml	obj	G_PP_3766	optimal	0.586118
iJN1463.xml	obj	G_PP_3768	optimal	0.586118
iJN1463.xml	obj	G_PP_3778	optimal	0.586118
iJN1463.xml	obj	G_PP_3790	optimal	0.586118
iJN1463.xml	obj	G_PP_3794	optimal	0.586118
iJN1463.xml	obj	G_PP_3796	optimal	0.0
iJN1463.xml	obj	G_PP_3801	optimal	0.0
iJN1463.xml	obj	G_PP_3802	optimal	0.0
iJN1463.xml	obj	G_PP_3803	optimal	0.0
iJN1463.xml	obj	G_PP_3813	optimal	0.586118
iJN1463.xml	obj	G_PP_3814	optimal	0.586118
iJN1463.xml	obj	G_PP_3815	optimal	0.586118
iJN1463.xml	obj	G_PP_3816	optimal	0.586118
iJN1463.xml	obj	G_PP_3817	optimal	0.586118
iJN1463.xml	obj	G_PP_3819	optimal	0.586118
iJN1463.xml	obj	G_PP_3821	optimal	0.0
iJN1463.xml	obj	G_PP_3828	optimal	0.586118
iJN1463.xml	obj	G_PP_3829	optimal	0.586118
iJN1463.xml	obj	G_PP_3830	optimal	0.0
iJN1463.xml	obj	G_PP_3839	optimal	0.586118
iJN1463.xml	obj	G_PP_3844	optimal	0.586118
iJN1463.xml	obj	G_PP_3846	optimal	0.586118
iJN1463.xml	obj	G_PP_3931	optimal	0.586118
iJN1463.xml	obj	G_PP_3939	optimal	0.586118
iJN1463.xml	obj	G_PP_3940	optimal	0.586118
iJN1463.xml	obj	G_PP_3941	optimal	0.586118
iJN1463.xml	obj	G_PP_3942	optimal	0.586118
iJN1463.xml	obj	G_PP_3943	optimal	0.586118
iJN1463.xml	obj	G_PP_3944	optimal	0.586118
iJN1463.xml	obj	G_PP_3945	optimal	0.586118
iJN1463.xml	obj	G_PP_3947	optimal	0.586118
iJN1463.xml	obj	G_PP_3948	optimal	0.586118
iJN1463.xml	obj	G_PP_3951	optimal	0.586118
iJN1463.xml	obj	G_PP_3952	optimal	0.586118
iJN1463.xml	obj	G_PP_3953	optimal	0.586118
iJN1463.xml	obj	G_PP_3957	optimal	0.586118
iJN1463.xml	obj	G_PP_3958	optimal	0.586118
iJN1463.xml	obj	G_PP_3959	optimal	0.0
iJN1463.xml	obj	G_PP_3970	optimal	0.586118
iJN1463.xml	obj	G_PP_3989	optimal	0.586118
iJN1463.xml	obj	G_PP_3992	optimal	0.586118
iJN1463.xml	obj	G_PP_3999	optimal	0.0
iJN1463.xml	obj	G_PP_4000	optimal	0.586118
iJN1463.xml	obj	G_PP_4011	optimal	0.586118
iJN1463.xml	obj	G_PP_4012	optimal	0.586118
iJN1463.xml	obj	G_PP_4016	optimal	0.0
iJN1463.xml	obj	G_PP_4020	optimal	0.586118
iJN1463.xml	obj	G_PP_4029	optimal	0.586118
iJN1463.xml	obj	G_PP_4031	optimal	0.586118
iJN1463.xml	obj	G_PP_4034	optimal	0.586118
iJN1463.xml	obj	G_PP_4035	optimal	0.586118
iJN1463.xml	obj	G_PP_4036	optimal	0.586107
iJN1463.xml	obj	G_PP_4037	optimal	0.586107
iJN1463.xml	obj	G_PP_4038	optimal	0.586107
iJN1463.xml	obj	G_PP_4042	optimal	0.586118
iJN1463.xml	obj	G_PP_4043	optimal	0.585813
iJN1463.xml	obj	G_PP_4050	optimal	0.586118
iJN1463.xml	obj	G_PP_4051	optimal	0.586118
iJN1463.xml	obj	G_PP_4052	optimal	0.586118
iJN1463.xml	obj	G_PP_4053	optimal	0.586118
iJN1463.xml	obj	G_PP_4055	optimal	0.586118
iJN1463.xml	obj	G_PP_4058	optimal	0.586118
iJN1463.xml	obj	G_PP_4059	optimal	0.586118
iJN1463.xml	obj	G_PP_4060	optimal	0.586118
iJN1463.xml	obj	G_PP_4063	optimal	0.586118
iJN1463.xml	obj	G_PP_4064	optimal	0.586118
iJN1463.xml	obj	G_PP_4065	optimal	0.586118
iJN1463.xml	obj	G_PP_4066	optimal	0.586118
iJN1463.xml	obj	G_PP_4067	optimal	0.586118
iJN1463.xml	obj	G_PP_4097	optimal	0.0
iJN1463.xml	obj	G_PP_4103	optimal	0.586118
iJN1463.xml	obj	G_PP_4106	optimal	0.586118
iJN1463.xml	obj	G_PP_4108	optimal	0.586118
iJN1463.xml	obj	G_PP_4116	optimal	0.586118
iJN1463.xml	obj	G_PP_4119	optimal	0.524797
iJN1463.xml	obj	G_PP_4120	optimal	0.524797
iJN1463.xml	obj	G_PP_4121	optimal	0.524797
iJN1463.xml	obj	G_PP_4122	optimal	0.524797
iJN1463.xml	obj	G_PP_4123	optimal	0.524797
iJN1463.xml	obj	G_PP_4124	optimal	0.524797
iJN1463.xml	obj	G_PP_4125	optimal	0.524797
iJN1463.xml	obj	G_PP_4126	optimal	0.524797
iJN1463.xml	obj	G_PP_4127	optimal	0.524797
iJN1463.xml	obj	G_PP_4128	optimal	0.524797
iJN1463.xml	obj	G_PP_4129	optimal	0.524797
iJN1463.xml	obj	G_PP_4130	optimal	0.524797
iJN1463.xml	obj	G_PP_4131	optimal	0.524797
iJN1463.xml	obj	G_PP_4138	optimal	0.586118
iJN1463.xml	obj	G_PP_4140	optimal	0.586118
iJN1463.xml	obj	G_PP_4144	optimal	0.586118
iJN1463.xml	obj	G_PP_4147	optimal	0.586118
iJN1463.xml	obj	G_PP_4148	optimal	0.586118
iJN1463.xml	obj	G_PP_4149	optimal	0.586118
iJN1463.xml	obj	G_PP_4150	optimal	0.586118
iJN1463.xml	obj	G_PP_4159	optimal	0.586118
iJN1463.xml	obj	G_PP_4160	optimal	0.586118
iJN1463.xml	obj	G_PP_4161	optimal	0.586118
iJN1463.xml	obj	G_PP_4169	optimal	0.585803
iJN1463.xml	obj	G_PP_4174	optimal	0.583364
iJN1463.xml	obj	G_PP_4175	optimal	0.0
iJN1463.xml	obj	G_PP_4184	optimal	0.586118
iJN1463.xml	obj	G_PP_4185	optimal	0.584665
iJN1463.xml	obj	G_PP_4186	optimal	0.584665
iJN1463.xml	obj	G_PP_4187	optimal	0.586118
iJN1463.xml	obj	G_PP_4188	optimal	0.584525
iJN1463.xml	obj	G_PP_4189	optimal	0.584525
iJN1463.xml	obj	G_PP_4190	optimal	0.582935
iJN1463.xml	obj	G_PP_4191	optimal	0.582935
iJN1463.xml	obj	G_PP_4192	optimal	0.582935
iJN1463.xml	obj	G_PP_4193	optimal	0.582935
iJN1463.xml	obj	G_PP_4194	optimal	0.577893
iJN1463.xml	obj	G_PP_4201	optimal	0.586045
iJN1463.xml	obj	G_PP_4202	optimal	0.586045
iJN1463.xml	obj	G_PP_4203	optimal	0.586045
iJN1463.xml	obj	G_PP_4209	optimal	0.0
iJN1463.xml	obj	G_PP_4210	optimal	0.0
iJN1463.xml	obj	G_PP_4211	optimal	0.0
iJN1463.xml	obj	G_PP_4212	optimal	0.0
iJN1463.xml	obj	G_PP_4213	optimal	0.0
iJN1463.xml	obj	G_PP_4214	optimal	0.0
iJN1463.xml	obj	G_PP_4215	optimal	0.0
iJN1463.xml	obj	G_PP_4216	optimal	0.0
iJN1463.xml	obj	G_PP_4217	optimal	0.586118
iJN1463.xml	obj	G_PP_4219	optimal	0.0
iJN1463.xml	obj	G_PP_4220	optimal	0.0
iJN1463.xml	obj	G_PP_4221	optimal	0.0
iJN1463.xml	obj	G_PP_4222	optimal	0.0
iJN1463.xml	obj	G_PP_4223	optimal	0.586118
iJN1463.xml	obj	G_PP_4235	optimal	0.586118
iJN1463.xml	obj	G_PP_4237	optimal	0.586118
iJN1463.xml	obj	G_PP_4243	optimal	0.0
iJN1463.xml	obj	G_PP_4250	optimal	0.586118
iJN1463.xml	obj	G_PP_4251	optimal	0.586118
iJN1463.xml	obj	G_PP_4252	optimal	0.586118
iJN1463.xml	obj	G_PP_4253	optimal	0.586118
iJN1463.xml	obj	G_PP_4255	optimal	0.586118
iJN1463.xml	obj	G_PP_4256	optimal	0.586118
iJN1463.xml	obj	G_PP_4257	optimal	0.586118
iJN1463.xml	obj	G_PP_4258	optimal	0.586118
iJN1463.xml	obj	G_PP_4264	optimal	0.586118
iJN1463.xml	obj	G_PP_4266	optimal	0.586116
iJN1463.xml	obj	G_PP_4278	optimal	0.586118
iJN1463.xml	obj	G_PP_4279	optimal	0.586118
iJN1463.xml	obj	G_PP_4281	optimal	0.586118
iJN1463.xml	obj	G_PP_4282	optimal	0.586118
iJN1463.xml	obj	G_PP_4284	optimal	0.586118
iJN1463.xml	obj	G_PP_4285	optimal	0.586118
iJN1463.xml	obj	G_PP_4286	optimal	0.586118
iJN1463.xml	obj	G_PP_4287	optimal	0.586118
iJN1463.xml	obj	G_PP_4288	optimal	0.586118
iJN1463.xml	obj	G_PP_4290	optimal	0.586118
iJN1463.xml	obj	G_PP_4291	optimal	0.586118
iJN1463.xml	obj	G_PP_4293	optimal	0.586118
iJN1463.xml	obj	G_PP_4297	optimal	0.586118
iJN1463.xml	obj	G_PP_4298	optimal	0.586118
iJN1463.xml	obj	G_PP_4299	optimal	0.586118
iJN1463.xml	obj	G_PP_4300	optimal	0.586118
iJN1463.xml	obj	G_PP_4301	optimal	0.586118
iJN1463.xml	obj	G_PP_4302	optimal	0.586118
iJN1463.xml	obj	G_PP_4305	optimal	0.586118
iJN1463.xml	obj	G_PP_4309	optimal	0.586118
iJN1463.xml	obj	G_PP_4310	optimal	0.586118
iJN1463.xml	obj	G_PP_4325	optimal	0.586118
iJN1463.xml	obj	G_PP_4326	optimal	0.586118
iJN1463.xml	obj	G_PP_4327	optimal	0.586118
iJN1463.xml	obj	G_PP_4346	optimal	0.586118
iJN1463.xml	obj	G_PP_4379	optimal	0.586118
iJN1463.xml	obj	G_PP_4399	optimal	0.586118
iJN1463.xml	obj	G_PP_4401	optimal	0.586118
iJN1463.xml	obj	G_PP_4402	optimal	0.586118
iJN1463.xml	obj	G_PP_4403	optimal	0.586118
iJN1463.xml	obj	G_PP_4404	optimal	0.586118
iJN1463.xml	obj	G_PP_4405	optimal	0.586118
iJN1463.xml	obj	G_PP_4421	optimal	0.586118
iJN1463.xml	obj	G_PP_4422	optimal	0.586118
iJN1463.xml	obj	G_PP_4423	optimal	0.586118
iJN1463.xml	obj	G_PP_4425	optimal	0.586118
iJN1463.xml	obj	G_PP_4426	optimal	0.586118
iJN1463.xml	obj	G_PP_4427	optimal	0.586118
iJN1463.xml	obj	G_PP_4428	optimal	0.586118
iJN1463.xml	obj	G_PP_4430	optimal	0.586118
iJN1463.xml	obj	G_PP_4431	optimal	0.586118
iJN1463.xml	obj	G_PP_4432	optimal	0.586118
iJN1463.xml	obj	G_PP_4434	optimal	0.586118
iJN1463.xml	obj	G_PP_4469	optimal	0.586118
iJN1463.xml	obj	G_PP_4471	optimal	0.586118
iJN1463.xml	obj	G_PP_4473	optimal	0.0
iJN1463.xml	obj	G_PP_4474	optimal	0.0
iJN1463.xml	obj	G_PP_4475	optimal	0.586118
iJN1463.xml	obj	G_PP_4477	optimal	0.586118
iJN1463.xml	obj	G_PP_4478	optimal	0.586118
iJN1463.xml	obj	G_PP_4479	optimal	0.586118
iJN1463.xml	obj	G_PP_4480	optimal	0.586118
iJN1463.xml	obj	G_PP_4481	optimal	0.0
iJN1463.xml	obj	G_PP_4483	optimal	0.586118
iJN1463.xml	obj	G_PP_4484	optimal	0.586118
iJN1463.xml	obj	G_PP_4485	optimal	0.586118
iJN1463.xml	obj	G_PP_4486	optimal	0.586118
iJN1463.xml	obj	G_PP_4487	optimal	0.586118
iJN1463.xml	obj	G_PP_4490	optimal	0.586118
iJN1463.xml	obj	G_PP_4491	optimal	0.586118
iJN1463.xml	obj	G_PP_4492	optimal	0.586118
iJN1463.xml	obj	G_PP_4495	optimal	0.586118
iJN1463.xml	obj	G_PP_4507	optimal	0.586118
iJN1463.xml	obj	G_PP_4523	optimal	0.586118
iJN1463.xml	obj	G_PP_4524	optimal	0.586118
iJN1463.xml	obj	G_PP_4545	optimal	0.586118
iJN1463.xml	obj	G_PP_4547	optimal	0.586118
iJN1463.xml	obj	G_PP_4548	optimal	0.586118
iJN1463.xml	obj	G_PP_4549	optimal	0.586118
iJN1463.xml	obj	G_PP_4550	optimal	0.586118
iJN1463.xml	obj	G_PP_4552	optimal	0.586118
iJN1463.xml	obj	G_PP_4570	optimal	0.586118
iJN1463.xml	obj	G_PP_4571	optimal	0.586118
iJN1463.xml	obj	G_PP_4594	optimal	0.586118
iJN1463.xml	obj	G_PP_4597	optimal	0.586118
iJN1463.xml	obj	G_PP_4600	optimal	0.586118
iJN1463.xml	obj	G_PP_4613	optimal	0.586118
iJN1463.xml	obj	G_PP_4617	optimal	0.586118
iJN1463.xml	obj	G_PP_4619	optimal	0.586118
iJN1463.xml	obj	G_PP_4620	optimal	0.586118
iJN1463.xml	obj	G_PP_4621	optimal	0.586118
iJN1463.xml	obj	G_PP_4628	optimal	0.0
iJN1463.xml	obj	G_PP_4632	optimal	0.586118
iJN1463.xml	obj	G_PP_4635	optimal	0.586118
iJN1463.xml	obj	G_PP_4636	optimal	0.586118
iJN1463.xml	obj	G_PP_4639	optimal	0.586118
iJN1463.xml	obj	G_PP_4643	optimal	0.586118
iJN1463.xml	obj	G_PP_4646	optimal	-0.0
iJN1463.xml	obj	G_PP_4650	optimal	0.586118
iJN1463.xml	obj	G_PP_4651	optimal	0.586118
iJN1463.xml	obj	G_PP_4653	optimal	0.586118
iJN1463.xml	obj	G_PP_4655	optimal	0.586118
iJN1463.xml	obj	G_PP_4656	optimal	0.586118
iJN1463.xml	obj	G_PP_4659	optimal	0.586118
iJN1463.xml	obj	G_PP_4666	optimal	0.586118
iJN1463.xml	obj	G_PP_4667	optimal	0.586118
iJN1463.xml	obj	G_PP_4670	optimal	0.586118
iJN1463.xml	obj	G_PP_4677	optimal	0.586118
iJN1463.xml	obj	G_PP_4678	optimal	0.0
iJN1463.xml	obj	G_PP_4679	optimal	0.0
iJN1463.xml	obj	G_PP_4680	optimal	0.0
iJN1463.xml	obj	G_PP_4683	optimal	0.586118
iJN1463.xml	obj	G_PP_4686	optimal	0.586118
iJN1463.xml	obj	G_PP_4687	optimal	0.586118
iJN1463.xml	obj	G_PP_4688	optimal	0.586118
iJN1463.xml	obj	G_PP_4689	optimal	0.586118
iJN1463.xml	obj	G_PP_4698	optimal	0.586118
iJN1463.xml	obj	G_PP_4699	optimal	0.0
iJN1463.xml	obj	G_PP_4700	optimal	0.0
iJN1463.xml	obj	G_PP_4701	optimal	0.586118
iJN1463.xml	obj	G_PP_4702	optimal	0.586118
iJN1463.xml	obj	G_PP_4715	optimal	0.585798
iJN1463.xml	obj	G_PP_4716	optimal	0.586118
iJN1463.xml	obj	G_PP_4717	optimal	0.0
iJN1463.xml	obj	G_PP_4723	optimal	0.586118
iJN1463.xml	obj	G_PP_4724	optimal	0.586118
iJN1463.xml	obj	G_PP_4725	optimal	0.0
iJN1463.xml	obj	G_PP_4735	optimal	0.586118
iJN1463.xml	obj	G_PP_4736	optimal	0.586118
iJN1463.xml	obj	G_PP_4737	optimal	0.586118
iJN1463.xml	obj	G_PP_4755	optimal	0.586118
iJN1463.xml	obj	G_PP_4756	optimal	0.586118
iJN1463.xml	obj	G_PP_4757	optimal	0.586118
iJN1463.xml	obj	G_PP_4758	optimal	0.586118
iJN1463.xml	obj	G_PP_4762	optimal	0.586118
iJN1463.xml	obj	G_PP_4774	optimal	0.586118
iJN1463.xml	obj	G_PP_4779	optimal	0.586118
iJN1463.xml	obj	G_PP_4782	optimal	0.0
iJN1463.xml	obj	G_PP_4783	optimal	0.0
iJN1463.xml	obj	G_PP_4784	optimal	0.0
iJN1463.xml	obj	G_PP_4790	optimal	0.586118
iJN1463.xml	obj	G_PP_4794	optimal	0.586118
iJN1463.xml	obj	G_PP_4799	optimal	0.586118
iJN1463.xml	obj	G_PP_4800	optimal	0.0
iJN1463.xml	obj	G_PP_4801	optimal	0.0
iJN1463.xml	obj	G_PP_4803	optimal	0.586118
iJN1463.xml	obj	G_PP_4805	optimal	0.586118
iJN1463.xml	obj	G_PP_4807	optimal	0.586118
iJN1463.xml	obj	G_PP_4810	optimal	0.0
iJN1463.xml	obj	G_PP_4811	optimal	0.58542
iJN1463.xml	obj	G_PP_4817	optimal	0.586045
iJN1463.xml	obj	G_PP_4822	optimal	0.0
iJN1463.xml	obj	G_PP_4823	optimal	-0.0
iJN1463.xml	obj	G_PP_4826	optimal	0.0
iJN1463.xml	obj	G_PP_4827	optimal	0.0
iJN1463.xml	obj	G_PP_4828	optimal	0.0
iJN1463.xml	obj	G_PP_4829	optimal	0.0
iJN1463.xml	obj	G_PP_4830	optimal	0.0
iJN1463.xml	obj	G_PP_4832	optimal	0.0
iJN1463.xml	obj	G_PP_4838	optimal	0.586118
iJN1463.xml	obj	G_PP_4840	optimal	0.586073
iJN1463.xml	obj	G_PP_4841	optimal	0.586118
iJN1463.xml	obj	G_PP_4842	optimal	0.586118
iJN1463.xml	obj	G_PP_4843	optimal	0.586118
iJN1463.xml	obj	G_PP_4844	optimal	0.586118
iJN1463.xml	obj	G_PP_4845	optimal	0.586118
iJN1463.xml	obj	G_PP_4846	optimal	0.586118
iJN1463.xml	obj	G_PP_4854	optimal	0.586118
iJN1463.xml	obj	G_PP_4862	optimal	0.0
iJN1463.xml	obj	G_PP_4863	optimal	0.586118
iJN1463.xml	obj	G_PP_4864	optimal	0.586118
iJN1463.xml	obj	G_PP_4865	optimal	0.586118
iJN1463.xml	obj	G_PP_4866	optimal	0.586118
iJN1463.xml	obj	G_PP_4867	optimal	0.586118
iJN1463.xml	obj	G_PP_4868	optimal	0.586111
iJN1463.xml	obj	G_PP_4869	optimal	0.0
iJN1463.xml	obj	G_PP_4881	optimal	0.586118
iJN1463.xml	obj	G_PP_4882	optimal	0.586118
iJN1463.xml	obj	G_PP_4889	optimal	0.0
iJN1463.xml	obj	G_PP_4890	optimal	0.0
iJN1463.xml	obj	G_PP_4893	optimal	0.586118
iJN1463.xml	obj	G_PP_4897	optimal	0.586118
iJN1463.xml	obj	G_PP_4900	optimal	0.586118
iJN1463.xml	obj	G_PP_4903	optimal	0.586118
iJN1463.xml	obj	G_PP_4907	optimal	0.586118
iJN1463.xml	obj	G_PP_4908	optimal	0.0
iJN1463.xml	obj	G_PP_4909	optimal	0.0
iJN1463.xml	obj	G_PP_4919	optimal	0.586118
iJN1463.xml	obj	G_PP_4922	optimal	0.0
iJN1463.xml	obj	G_PP_4928	optimal	0.0
iJN1463.xml	obj	G_PP_4934	optimal	0.0
iJN1463.xml	obj	G_PP_4935	optimal	0.0
iJN1463.xml	obj	G_PP_4936	optimal	0.0
iJN1463.xml	obj	G_PP_4943	optimal	0.0
iJN1463.xml	obj	G_PP_4944	optimal	0.0
iJN1463.xml	obj	G_PP_4946	optimal	0.586118
iJN1463.xml	obj	G_PP_4947	optimal	0.586118
iJN1463.xml	obj	G_PP_4960	optimal	0.586118
iJN1463.xml	obj	G_PP_4963	optimal	0.533314
iJN1463.xml	obj	G_PP_4964	optimal	0.0
iJN1463.xml	obj	G_PP_4965	optimal	0.0
iJN1463.xml	obj	G_PP_4967	optimal	0.0
iJN1463.xml	obj	G_PP_4971	optimal	0.586118
iJN1463.xml	obj	G_PP_4974	optimal	0.586118
iJN1463.xml	obj	G_PP_4976	optimal	0.0
iJN1463.xml	obj	G_PP_4977	optimal	0.0
iJN1463.xml	obj	G_PP_4983	optimal	0.586118
iJN1463.xml	obj	G_PP_4984	optimal	0.0
iJN1463.xml	obj	G_PP_4993	optimal	0.0
iJN1463.xml	obj	G_PP_4997	optimal	0.586118
iJN1463.xml	obj	G_PP_4998	optimal	0.0
iJN1463.xml	obj	G_PP_4999	optimal	0.0
iJN1463.xml	obj	G_PP_5003	optimal	0.586118
iJN1463.xml	obj	G_PP_5004	optimal	0.586118
iJN1463.xml	obj	G_PP_5005	optimal	0.586118
iJN1463.xml	obj	G_PP_5011	optimal	0.0
iJN1463.xml	obj	G_PP_5013	optimal	0.0
iJN1463.xml	obj	G_PP_5014	optimal	0.586118
iJN1463.xml	obj	G_PP_5015	optimal	0.0
iJN1463.xml	obj	G_PP_5029	optimal	0.586118
iJN1463.xml	obj	G_PP_5030	optimal	0.586118
iJN1463.xml	obj	G_PP_5031	optimal	0.586118
iJN1463.xml	obj	G_PP_5032	optimal	0.586118
iJN1463.xml	obj	G_PP_5033	optimal	0.586118
iJN1463.xml	obj	G_PP_5036	optimal	0.586118
iJN1463.xml	obj	G_PP_5040	optimal	0.586118
iJN1463.xml	obj	G_PP_5041	optimal	0.586118
iJN1463.xml	obj	G_PP_5045	optimal	0.0
iJN1463.xml	obj	G_PP_5046	optimal	-0.0
iJN1463.xml	obj	G_PP_5054	optimal	0.586118
iJN1463.xml	obj	G_PP_5056	optimal	0.56564
iJN1463.xml	obj	G_PP_5061	optimal	0.586118
iJN1463.xml	obj	G_PP_5063	optimal	0.586118
iJN1463.xml	obj	G_PP_5064	optimal	0.586118
iJN1463.xml	obj	G_PP_5066	optimal	0.586118
iJN1463.xml	obj	G_PP_5069	optimal	0.586118
iJN1463.xml	obj	G_PP_5074	optimal	0.0
iJN1463.xml	obj	G_PP_5075	optimal	0.586118
iJN1463.xml	obj	G_PP_5076	optimal	0.586118
iJN1463.xml	obj	G_PP_5078	optimal	0.0
iJN1463.xml	obj	G_PP_5079	optimal	0.0
iJN1463.xml	obj	G_PP_5084	optimal	0.586118
iJN1463.xml	obj	G_PP_5085	optimal	0.586118
iJN1463.xml	obj	G_PP_5089	optimal	0.586118
iJN1463.xml	obj	G_PP_5095	optimal	0.586118
iJN1463.xml	obj	G_PP_5097	optimal	0.0
iJN1463.xml	obj	G_PP_5098	optimal	0.0
iJN1463.xml	obj	G_PP_5100	optimal	0.586118
iJN1463.xml	obj	G_PP_5104	optimal	0.0
iJN1463.xml	obj	G_PP_5105	optimal	0.0
iJN1463.xml	obj	G_PP_5107	optimal	0.586118
iJN1463.xml	obj	G_PP_5118	optimal	0.586118
iJN1463.xml	obj	G_PP_5120	optimal	0.586118
iJN1463.xml	obj	G_PP_5123	optimal	0.0
iJN1463.xml	obj	G_PP_5128	optimal	-0.0
iJN1463.xml	obj	G_PP_5130	optimal	0.586118
iJN1463.xml	obj	G_PP_5132	optimal	0.0
iJN1463.xml	obj	G_PP_5135	optimal	0.586118
iJN1463.xml	obj	G_PP_5136	optimal	0.586118
iJN1463.xml	obj	G_PP_5137	optimal	0.586118
iJN1463.xml	obj	G_PP_5139	optimal	0.586118
iJN1463.xml	obj	G_PP_5141	optimal	0.0
iJN1463.xml	obj	G_PP_5149	optimal	0.586118
iJN1463.xml	obj	G_PP_5150	optimal	0.0
iJN1463.xml	obj	G_PP_5155	optimal	0.0
iJN1463.xml	obj	G_PP_5168	optimal	0.586118
iJN1463.xml	obj	G_PP_5169	optimal	0.586118
iJN1463.xml	obj	G_PP_5170	optimal	0.586118
iJN1463.xml	obj	G_PP_5171	optimal	0.586118
iJN1463.xml	obj	G_PP_5177	optimal	0.586118
iJN1463.xml	obj	G_PP_5178	optimal	0.586118
iJN1463.xml	obj	G_PP_5179	optimal	0.586118
iJN1463.xml	obj	G_PP_5180	optimal	0.586118
iJN1463.xml	obj	G_PP_5181	optimal	0.586118
iJN1463.xml	obj	G_PP_5182	optimal	0.586118
iJN1463.xml	obj	G_PP_5183	optimal	0.586118
iJN1463.xml	obj	G_PP_5184	optimal	0.586118
iJN1463.xml	obj	G_PP_5185	optimal	0.0
iJN1463.xml	obj	G_PP_5186	optimal	0.586118
iJN1463.xml	obj	G_PP_5192	optimal	0.586118
iJN1463.xml	obj	G_PP_5193	optimal	0.586118
iJN1463.xml	obj	G_PP_5194	optimal	0.586118
iJN1463.xml	obj	G_PP_5195	optimal	0.586118
iJN1463.xml	obj	G_PP_5196	optimal	0.586118
iJN1463.xml	obj	G_PP_5197	optimal	0.586118
iJN1463.xml	obj	G_PP_5199	optimal	0.0
iJN1463.xml	obj	G_PP_5203	optimal	0.586118
iJN1463.xml	obj	G_PP_5213	optimal	0.586118
iJN1463.xml	obj	G_PP_5215	optimal	0.586118
iJN1463.xml	obj	G_PP_5216	optimal	0.586118
iJN1463.xml	obj	G_PP_5217	optimal	0.578954
iJN1463.xml	obj	G_PP_5222	optimal	0.586118
iJN1463.xml	obj	G_PP_5226	optimal	0.586118
iJN1463.xml	obj	G_PP_5227	optimal	0.586118
iJN1463.xml	obj	G_PP_5228	optimal	0.586118
iJN1463.xml	obj	G_PP_5233	optimal	0.586118
iJN1463.xml	obj	G_PP_5246	optimal	0.586118
iJN1463.xml	obj	G_PP_5250	optimal	0.586118
iJN1463.xml	obj	G_PP_5256	optimal	0.586118
iJN1463.xml	obj	G_PP_5257	optimal	0.586118
iJN1463.xml	obj	G_PP_5258	optimal	0.586118
iJN1463.xml	obj	G_PP_5269	optimal	0.586118
iJN1463.xml	obj	G_PP_5270	optimal	0.586118
iJN1463.xml	obj	G_PP_5273	optimal	0.586118
iJN1463.xml	obj	G_PP_5278	optimal	0.586118
iJN1463.xml	obj	G_PP_5285	optimal	0.0
iJN1463.xml	obj	G_PP_5286	optimal	0.586118
iJN1463.xml	obj	G_PP_5288	optimal	0.586118
iJN1463.xml	obj	G_PP_5289	optimal	0.0
iJN1463.xml	obj	G_PP_5291	optimal	0.0
iJN1463.xml	obj	G_PP_5296	optimal	0.0
iJN1463.xml	obj	G_PP_5298	optimal	0.586118
iJN1463.xml	obj	G_PP_5299	optimal	0.586118
iJN1463.xml	obj	G_PP_5302	optimal	0.586118
iJN1463.xml	obj	G_PP_5306	optimal	0.586118
iJN1463.xml	obj	G_PP_5307	optimal	0.586118
iJN1463.xml	obj	G_PP_5308	optimal	0.586118
iJN1463.xml	obj	G_PP_5314	optimal	0.586118
iJN1463.xml	obj	G_PP_5315	optimal	0.586118
iJN1463.xml	obj	G_PP_5317	optimal	0.586118
iJN1463.xml	obj	G_PP_5318	optimal	0.0
iJN1463.xml	obj	G_PP_5326	optimal	0.586118
iJN1463.xml	obj	G_PP_5327	optimal	0.586118
iJN1463.xml	obj	G_PP_5328	optimal	0.586118
iJN1463.xml	obj	G_PP_5329	optimal	0.586118
iJN1463.xml	obj	G_PP_5335	optimal	0.0
iJN1463.xml	obj	G_PP_5336	optimal	0.0
iJN1463.xml	obj	G_PP_5338	optimal	0.586118
iJN1463.xml	obj	G_PP_5340	optimal	0.586118
iJN1463.xml	obj	G_PP_5341	optimal	0.586118
iJN1463.xml	obj	G_PP_5346	optimal	0.586118
iJN1463.xml	obj	G_PP_5347	optimal	0.586118
iJN1463.xml	obj	G_PP_5351	optimal	0.586118
iJN1463.xml	obj	G_PP_5357	optimal	0.586118
iJN1463.xml	obj	G_PP_5364	optimal	0.586118
iJN1463.xml	obj	G_PP_5365	optimal	0.586118
iJN1463.xml	obj	G_PP_5366	optimal	0.586118
iJN1463.xml	obj	G_PP_5371	optimal	0.586118
iJN1463.xml	obj	G_PP_5374	optimal	0.586118
iJN1463.xml	obj	G_PP_5380	optimal	0.586118
iJN1463.xml	obj	G_PP_5385	optimal	0.586118
iJN1463.xml	obj	G_PP_5386	optimal	0.586118
iJN1463.xml	obj	G_PP_5387	optimal	0.586118
iJN1463.xml	obj	G_PP_5388	optimal	0.586118
iJN1463.xml	obj	G_PP_5409	optimal	0.0
iJN1463.xml	obj	G_PP_5411	optimal	0.0
iJN1463.xml	obj	G_PP_5412	optimal	0.205634
iJN1463.xml	obj	G_PP_5413	optimal	0.205634
iJN1463.xml	obj	G_PP_5414	optimal	0.205634
iJN1463.xml	obj	G_PP_5415	optimal	0.205634
iJN1463.xml	obj	G_PP_5416	optimal	0.205634
iJN1463.xml	obj	G_PP_5417	optimal	0.205634
iJN1463.xml	obj	G_PP_5418	optimal	0.205634
iJN1463.xml	obj	G_PP_5419	optimal	0.205634
iJN1463.xml	obj	G_PP_5420	optimal	0.205634
iJN1463.xml	obj	G_PP_s0001	infeasible	 
iJN1463.xml	obj	G_pWW0_090	optimal	0.586118
iJN1463.xml	obj	G_pWW0_091	optimal	0.586118
iJN1463.xml	obj	G_pWW0_092	optimal	0.586118
iJN1463.xml	obj	G_pWW0_093	optimal	0.583552
iJN1463.xml	obj	G_pWW0_094	optimal	0.586118
iJN1463.xml	obj	G_pWW0_095	optimal	0.586118
iJN1463.xml	obj	G_pWW0_096	optimal	0.586118
iJN1463.xml	obj	G_pWW0_097	optimal	0.586118
iJN1463.xml	obj	G_pWW0_099	optimal	0.586118
iJN1463.xml	obj	G_pWW0_100	optimal	0.586118
iJN1463.xml	obj	G_pWW0_101	optimal	0.586118
iJN1463.xml	obj	G_pWW0_102	optimal	0.586118
iJN1463.xml	obj	G_pWW0_127	optimal	0.586118
iJN1463.xml	obj	G_pWW0_128	optimal	0.586118
iJN1463.xml	obj	G_pWW0_129	optimal	0.586118
iJN1463.xml	obj	G_pWW0_130	optimal	0.586118
iJN1463.xml	obj	G_pWW0_131	optimal	0.586118
