{
 "curator.name": "CBMPyFROGG",
 "curator.version": "0.4.9",
 "curator.url": "http://145.38.197.206:80/",
 "curator.date": "2022-11-22-23-34",
 "curator.id": "frogg hackathon",
 "curator.sessionid": "cbmpyfrogg-50630-843",
 "software.name": "cbmpy",
 "software.version": "0.8.4",
 "software.url": "https://github.com/SystemsBioinformatics/cbmpy",
 "software.environment": "Windows 10 (64bit)",
 "solver.name": "cbmpy",
 "solver.version": "0.1",
 "model.filename": "Gmetallireducens_ac_FeUpdated.(50629953).xml",
 "model.md5": "f285feef71ab036133c2f9936e361b5d"
}