{
 "frog_date": "2023-03-29",
 "frog_version": "0.1.2",
 "frog_curators": [
  "run-0329-2249"
 ],
 "software": {
  "frog": {
   "name": "cbmpyweb offline-curator",
   "version": "3.0",
   "url": "https://osf.io/t6mh3"
  },
  "toolbox": {
   "name": "cbmpy",
   "version": "0.8.5",
   "url": "https://systemsbioinformatics.github.io/cbmpy"
  },
  "solver": {
   "name": "CPLEX",
   "version": "22.1.0.0"
  }
 },
 "model_filename": "iJN1463.xml",
 "model_md5": "65c0c9d4ab101acc608794eefa292880",
 "model_sha256": "3435f5271cdb4abc2869ad40244b40891e95e0506902b7289355f8af69db3ff3",
 "environment": "Windows 10 (64bit)"
}