{
 "curator.name": "CBMPyFROGG",
 "curator.version": "0.4.9",
 "curator.url": "http://145.38.197.206:80/",
 "curator.date": "2022-11-18-10-29",
 "curator.id": "frogg hackathon",
 "curator.sessionid": "cbmpyfrogg-11485673-34573586",
 "software.name": "cbmpy",
 "software.version": "0.8.4",
 "software.url": "https://github.com/SystemsBioinformatics/cbmpy",
 "software.environment": "Linux 5.4.0-121-generic (64bit)",
 "solver.name": "cbmpy",
 "solver.version": "0.2",
 "model.filename": "iDK1463.(1148567228353848).xml",
 "model.md5": "4e41a99fbc086ae46219397587586d93"
}