{
 "frog_date": "2023-03-29",
 "frog_version": "0.1.2",
 "frog_curators": [
  "run-0329-2248"
 ],
 "software": {
  "frog": {
   "name": "cbmpyweb offline-curator",
   "version": "3.0",
   "url": "https://osf.io/t6mh3"
  },
  "toolbox": {
   "name": "cbmpy",
   "version": "0.8.5",
   "url": "https://systemsbioinformatics.github.io/cbmpy"
  },
  "solver": {
   "name": "CPLEX",
   "version": "22.1.0.0"
  }
 },
 "model_filename": "VvuMBEL943_2022.xml",
 "model_md5": "2ee46072d6a306787be9a05450fb489c",
 "model_sha256": "50f67bec15a59b04d7e7303c1069072bec859f0c8f657c347a685ff9cf417611",
 "environment": "Windows 10 (64bit)"
}