{
 "curator.name": "CBMPyFROGG",
 "curator.version": "0.4.9",
 "curator.url": "http://145.38.197.206:80/",
 "curator.date": "2022-11-22-23-25",
 "curator.id": "frogg hackathon",
 "curator.sessionid": "cbmpyfrogg-50085-562",
 "software.name": "cbmpy",
 "software.version": "0.8.4",
 "software.url": "https://github.com/SystemsBioinformatics/cbmpy",
 "software.environment": "Windows 10 (64bit)",
 "solver.name": "cbmpy",
 "solver.version": "0.1",
 "model.filename": "Canto-Encalada2022-FBAofsimultaneousdegradationofammoniaandpollutants.(50084687).xml",
 "model.md5": "e2ff97deaaa7992ba07a0cb5981295b7"
}