{
 "curator.name": "CBMPyFROGG",
 "curator.version": "0.4.9",
 "curator.url": "http://145.38.197.206:80/",
 "curator.date": "2022-11-23-00-39",
 "curator.id": "frogg curation",
 "curator.sessionid": "cbmpyfrogg-54544-531",
 "software.name": "cbmpy",
 "software.version": "0.8.4",
 "software.url": "https://github.com/SystemsBioinformatics/cbmpy",
 "software.environment": "Windows 10 (64bit)",
 "solver.name": "cbmpy",
 "solver.version": "0.1",
 "model.filename": "Human-GEM.(54543593).xml",
 "model.md5": "ce8df861ca945ef27dc66a7689c86884"
}