{
 "curator.name": "CBMPyFROGG",
 "curator.version": "0.4.9",
 "curator.url": "http://145.38.197.206:80/",
 "curator.date": "2022-11-18-10-06",
 "curator.id": "frogg hackathon",
 "curator.sessionid": "cbmpyfrogg-11484284-678887792",
 "software.name": "cbmpy",
 "software.version": "0.8.4",
 "software.url": "https://github.com/SystemsBioinformatics/cbmpy",
 "software.environment": "Linux 5.4.0-121-generic (64bit)",
 "solver.name": "cbmpy",
 "solver.version": "0.2",
 "model.filename": "Canto-Encalada2022-FBAofsimultaneousdegradationofammoniaandpollutants.(11484283643799057).xml",
 "model.md5": "e2ff97deaaa7992ba07a0cb5981295b7"
}