software	model	objective	reaction	status	value
cbmpy	Gmetallireducens_ac_Fe+Updated.xml	obj	R_A5PISO	optimal	-0.0
cbmpy	Gmetallireducens_ac_Fe+Updated.xml	obj	R_AACPS1	optimal	0.047224
cbmpy	Gmetallireducens_ac_Fe+Updated.xml	obj	R_AACPS2	optimal	0.047322
cbmpy	Gmetallireducens_ac_Fe+Updated.xml	obj	R_AACPS3	optimal	0.047275
cbmpy	Gmetallireducens_ac_Fe+Updated.xml	obj	R_AACPS4	optimal	0.046894
cbmpy	Gmetallireducens_ac_Fe+Updated.xml	obj	R_AACPS5	optimal	0.047322
cbmpy	Gmetallireducens_ac_Fe+Updated.xml	obj	R_AACPS6	optimal	0.047322
cbmpy	Gmetallireducens_ac_Fe+Updated.xml	obj	R_AACPS7	optimal	0.047322
cbmpy	Gmetallireducens_ac_Fe+Updated.xml	obj	R_AACPS8	optimal	0.047322
cbmpy	Gmetallireducens_ac_Fe+Updated.xml	obj	R_AACPS9	optimal	0.047322
cbmpy	Gmetallireducens_ac_Fe+Updated.xml	obj	R_ACACT1r	optimal	0.047322
cbmpy	Gmetallireducens_ac_Fe+Updated.xml	obj	R_ACACT2r	optimal	0.046521
cbmpy	Gmetallireducens_ac_Fe+Updated.xml	obj	R_ACACT3r	optimal	0.046521
cbmpy	Gmetallireducens_ac_Fe+Updated.xml	obj	R_ACACT4r	optimal	0.046521
cbmpy	Gmetallireducens_ac_Fe+Updated.xml	obj	R_ACACT5r	optimal	0.046521
cbmpy	Gmetallireducens_ac_Fe+Updated.xml	obj	R_ACACT6r	optimal	0.046521
cbmpy	Gmetallireducens_ac_Fe+Updated.xml	obj	R_ACACT7r	optimal	0.046848
cbmpy	Gmetallireducens_ac_Fe+Updated.xml	obj	R_ACACT8r	optimal	0.047322
cbmpy	Gmetallireducens_ac_Fe+Updated.xml	obj	R_ACAFDOR	optimal	0.047322
cbmpy	Gmetallireducens_ac_Fe+Updated.xml	obj	R_ACBIPGT	optimal	-0.0
cbmpy	Gmetallireducens_ac_Fe+Updated.xml	obj	R_ACCOAC	optimal	-0.0
cbmpy	Gmetallireducens_ac_Fe+Updated.xml	obj	R_ACGAMK	optimal	0.047322
cbmpy	Gmetallireducens_ac_Fe+Updated.xml	obj	R_ACGAMT	optimal	0.047322
cbmpy	Gmetallireducens_ac_Fe+Updated.xml	obj	R_ACGK	optimal	-0.0
cbmpy	Gmetallireducens_ac_Fe+Updated.xml	obj	R_ACGS	optimal	0.047322
cbmpy	Gmetallireducens_ac_Fe+Updated.xml	obj	R_ACHBS	optimal	-0.0
cbmpy	Gmetallireducens_ac_Fe+Updated.xml	obj	R_ACITL	optimal	0.047322
cbmpy	Gmetallireducens_ac_Fe+Updated.xml	obj	R_ACKr	optimal	0.047322
cbmpy	Gmetallireducens_ac_Fe+Updated.xml	obj	R_ACLS	optimal	0.047322
cbmpy	Gmetallireducens_ac_Fe+Updated.xml	obj	R_ACNPLYS	optimal	0.047322
cbmpy	Gmetallireducens_ac_Fe+Updated.xml	obj	R_ACOAD1f	optimal	0.047322
cbmpy	Gmetallireducens_ac_Fe+Updated.xml	obj	R_ACOAD2f	optimal	0.046521
cbmpy	Gmetallireducens_ac_Fe+Updated.xml	obj	R_ACOAD3f	optimal	0.046521
cbmpy	Gmetallireducens_ac_Fe+Updated.xml	obj	R_ACOAD4f	optimal	0.046521
cbmpy	Gmetallireducens_ac_Fe+Updated.xml	obj	R_ACOAD5f	optimal	0.046521
cbmpy	Gmetallireducens_ac_Fe+Updated.xml	obj	R_ACOAD6f	optimal	0.046521
cbmpy	Gmetallireducens_ac_Fe+Updated.xml	obj	R_ACOAD7f	optimal	0.047275
cbmpy	Gmetallireducens_ac_Fe+Updated.xml	obj	R_ACOAD8f	optimal	0.047322
cbmpy	Gmetallireducens_ac_Fe+Updated.xml	obj	R_ACOATA	optimal	0.047322
cbmpy	Gmetallireducens_ac_Fe+Updated.xml	obj	R_ACONTa	infeasible	nan
cbmpy	Gmetallireducens_ac_Fe+Updated.xml	obj	R_ACONTb	infeasible	nan
cbmpy	Gmetallireducens_ac_Fe+Updated.xml	obj	R_ACOTA	optimal	-0.0
cbmpy	Gmetallireducens_ac_Fe+Updated.xml	obj	R_ACPPAT120	optimal	0.047322
cbmpy	Gmetallireducens_ac_Fe+Updated.xml	obj	R_ACPPAT140	optimal	-0.0
cbmpy	Gmetallireducens_ac_Fe+Updated.xml	obj	R_ACPPAT141	optimal	0.047322
cbmpy	Gmetallireducens_ac_Fe+Updated.xml	obj	R_ACPPAT160	optimal	-0.0
cbmpy	Gmetallireducens_ac_Fe+Updated.xml	obj	R_ACPPAT161	optimal	-0.0
cbmpy	Gmetallireducens_ac_Fe+Updated.xml	obj	R_ACPPAT180	optimal	0.047322
cbmpy	Gmetallireducens_ac_Fe+Updated.xml	obj	R_ACPPAT181	optimal	-0.0
cbmpy	Gmetallireducens_ac_Fe+Updated.xml	obj	R_ACPS	optimal	0.047322
cbmpy	Gmetallireducens_ac_Fe+Updated.xml	obj	R_ACPS1	optimal	0.047322
cbmpy	Gmetallireducens_ac_Fe+Updated.xml	obj	R_ACS	optimal	0.047322
cbmpy	Gmetallireducens_ac_Fe+Updated.xml	obj	R_ACS2	optimal	0.047322
cbmpy	Gmetallireducens_ac_Fe+Updated.xml	obj	R_ACt2ipp	optimal	0.047322
cbmpy	Gmetallireducens_ac_Fe+Updated.xml	obj	R_ACt2pp	optimal	0.029769
cbmpy	Gmetallireducens_ac_Fe+Updated.xml	obj	R_ACt4pp	optimal	0.047322
cbmpy	Gmetallireducens_ac_Fe+Updated.xml	obj	R_ACtex	infeasible	nan
cbmpy	Gmetallireducens_ac_Fe+Updated.xml	obj	R_ADCL	optimal	-0.0
cbmpy	Gmetallireducens_ac_Fe+Updated.xml	obj	R_ADCPS1	optimal	0.047322
cbmpy	Gmetallireducens_ac_Fe+Updated.xml	obj	R_ADCPS2	optimal	-0.0
cbmpy	Gmetallireducens_ac_Fe+Updated.xml	obj	R_ADCS	optimal	-0.0
cbmpy	Gmetallireducens_ac_Fe+Updated.xml	obj	R_ADCYRS	optimal	-0.0
cbmpy	Gmetallireducens_ac_Fe+Updated.xml	obj	R_ADD	optimal	0.047322
cbmpy	Gmetallireducens_ac_Fe+Updated.xml	obj	R_ADK1	optimal	0.047322
cbmpy	Gmetallireducens_ac_Fe+Updated.xml	obj	R_ADK2	optimal	0.047322
cbmpy	Gmetallireducens_ac_Fe+Updated.xml	obj	R_ADK3	optimal	0.047322
cbmpy	Gmetallireducens_ac_Fe+Updated.xml	obj	R_ADK4	optimal	0.047322
cbmpy	Gmetallireducens_ac_Fe+Updated.xml	obj	R_ADNK1	optimal	0.047322
cbmpy	Gmetallireducens_ac_Fe+Updated.xml	obj	R_ADOCBIK	optimal	0.047322
cbmpy	Gmetallireducens_ac_Fe+Updated.xml	obj	R_ADOCBLS	optimal	-0.0
cbmpy	Gmetallireducens_ac_Fe+Updated.xml	obj	R_ADPRDP	optimal	0.047322
cbmpy	Gmetallireducens_ac_Fe+Updated.xml	obj	R_ADPT	optimal	0.047322
cbmpy	Gmetallireducens_ac_Fe+Updated.xml	obj	R_ADSL1	optimal	-0.0
cbmpy	Gmetallireducens_ac_Fe+Updated.xml	obj	R_ADSL2	optimal	0.0
cbmpy	Gmetallireducens_ac_Fe+Updated.xml	obj	R_ADSS	optimal	0.0
cbmpy	Gmetallireducens_ac_Fe+Updated.xml	obj	R_AGM3PA	optimal	0.047322
cbmpy	Gmetallireducens_ac_Fe+Updated.xml	obj	R_AGM3PApp	optimal	0.047322
cbmpy	Gmetallireducens_ac_Fe+Updated.xml	obj	R_AGM3PH	optimal	0.047322
cbmpy	Gmetallireducens_ac_Fe+Updated.xml	obj	R_AGM3Pt2pp	optimal	0.047322
cbmpy	Gmetallireducens_ac_Fe+Updated.xml	obj	R_AGM4PA	optimal	0.047322
cbmpy	Gmetallireducens_ac_Fe+Updated.xml	obj	R_AGM4PApp	optimal	0.047322
cbmpy	Gmetallireducens_ac_Fe+Updated.xml	obj	R_AGM4PCP	optimal	0.047322
cbmpy	Gmetallireducens_ac_Fe+Updated.xml	obj	R_AGM4PCPpp	optimal	0.047322
cbmpy	Gmetallireducens_ac_Fe+Updated.xml	obj	R_AGM4PH	optimal	0.047322
cbmpy	Gmetallireducens_ac_Fe+Updated.xml	obj	R_AGM4Pt2pp	optimal	0.047322
cbmpy	Gmetallireducens_ac_Fe+Updated.xml	obj	R_AGMDA	optimal	0.0
cbmpy	Gmetallireducens_ac_Fe+Updated.xml	obj	R_AGMH	optimal	0.047322
cbmpy	Gmetallireducens_ac_Fe+Updated.xml	obj	R_AGMHE	optimal	0.0
cbmpy	Gmetallireducens_ac_Fe+Updated.xml	obj	R_AGMt2pp	optimal	0.047322
cbmpy	Gmetallireducens_ac_Fe+Updated.xml	obj	R_AGPAT120	optimal	0.047322
cbmpy	Gmetallireducens_ac_Fe+Updated.xml	obj	R_AGPAT140	optimal	0.0
cbmpy	Gmetallireducens_ac_Fe+Updated.xml	obj	R_AGPAT141	optimal	0.047322
cbmpy	Gmetallireducens_ac_Fe+Updated.xml	obj	R_AGPAT160	optimal	-0.0
cbmpy	Gmetallireducens_ac_Fe+Updated.xml	obj	R_AGPAT161	optimal	-0.0
cbmpy	Gmetallireducens_ac_Fe+Updated.xml	obj	R_AGPAT180	optimal	0.047322
cbmpy	Gmetallireducens_ac_Fe+Updated.xml	obj	R_AGPAT181	optimal	-0.0
cbmpy	Gmetallireducens_ac_Fe+Updated.xml	obj	R_AGPR	optimal	0.0
cbmpy	Gmetallireducens_ac_Fe+Updated.xml	obj	R_AHC	optimal	0.0
cbmpy	Gmetallireducens_ac_Fe+Updated.xml	obj	R_AICART	optimal	0.0
cbmpy	Gmetallireducens_ac_Fe+Updated.xml	obj	R_AIRCr	optimal	0.0
cbmpy	Gmetallireducens_ac_Fe+Updated.xml	obj	R_AKGDH	optimal	0.047322
cbmpy	Gmetallireducens_ac_Fe+Updated.xml	obj	R_ALAALA	optimal	0.0
cbmpy	Gmetallireducens_ac_Fe+Updated.xml	obj	R_ALAALAD	optimal	0.047322
cbmpy	Gmetallireducens_ac_Fe+Updated.xml	obj	R_ALAALAabcpp	optimal	0.0
cbmpy	Gmetallireducens_ac_Fe+Updated.xml	obj	R_ALAD_L	optimal	0.047322
cbmpy	Gmetallireducens_ac_Fe+Updated.xml	obj	R_ALAGLUE	optimal	0.047322
cbmpy	Gmetallireducens_ac_Fe+Updated.xml	obj	R_ALAR	optimal	0.0
cbmpy	Gmetallireducens_ac_Fe+Updated.xml	obj	R_ALATA_L	optimal	0.046978
cbmpy	Gmetallireducens_ac_Fe+Updated.xml	obj	R_ALATRS	optimal	0.047322
cbmpy	Gmetallireducens_ac_Fe+Updated.xml	obj	R_ALCD1	optimal	0.047322
cbmpy	Gmetallireducens_ac_Fe+Updated.xml	obj	R_ALCD19	optimal	0.0
cbmpy	Gmetallireducens_ac_Fe+Updated.xml	obj	R_ALCD2x	optimal	0.047322
cbmpy	Gmetallireducens_ac_Fe+Updated.xml	obj	R_ALCD3	optimal	0.047322
cbmpy	Gmetallireducens_ac_Fe+Updated.xml	obj	R_ALCD4	optimal	0.047322
cbmpy	Gmetallireducens_ac_Fe+Updated.xml	obj	R_ALDD2x	optimal	0.047322
cbmpy	Gmetallireducens_ac_Fe+Updated.xml	obj	R_AM3PA	optimal	0.047322
cbmpy	Gmetallireducens_ac_Fe+Updated.xml	obj	R_AM4PA	optimal	0.047322
cbmpy	Gmetallireducens_ac_Fe+Updated.xml	obj	R_AM4PCP	optimal	0.047322
cbmpy	Gmetallireducens_ac_Fe+Updated.xml	obj	R_AMALT1	optimal	0.047322
cbmpy	Gmetallireducens_ac_Fe+Updated.xml	obj	R_AMALT2	optimal	0.047322
cbmpy	Gmetallireducens_ac_Fe+Updated.xml	obj	R_AMALT3	optimal	0.047322
cbmpy	Gmetallireducens_ac_Fe+Updated.xml	obj	R_AMALT4	optimal	0.047322
cbmpy	Gmetallireducens_ac_Fe+Updated.xml	obj	R_AMAOTr	optimal	0.047322
cbmpy	Gmetallireducens_ac_Fe+Updated.xml	obj	R_AMMQLT8	optimal	0.0
cbmpy	Gmetallireducens_ac_Fe+Updated.xml	obj	R_AMPMS2	optimal	0.0
cbmpy	Gmetallireducens_ac_Fe+Updated.xml	obj	R_ANHMK	optimal	0.047322
cbmpy	Gmetallireducens_ac_Fe+Updated.xml	obj	R_ANPRT	optimal	0.0
cbmpy	Gmetallireducens_ac_Fe+Updated.xml	obj	R_ANS	optimal	0.0
cbmpy	Gmetallireducens_ac_Fe+Updated.xml	obj	R_AOXSr2	optimal	0.047322
cbmpy	Gmetallireducens_ac_Fe+Updated.xml	obj	R_APG3PAT120	optimal	0.047322
cbmpy	Gmetallireducens_ac_Fe+Updated.xml	obj	R_APG3PAT140	optimal	0.0
cbmpy	Gmetallireducens_ac_Fe+Updated.xml	obj	R_APG3PAT141	optimal	0.047322
cbmpy	Gmetallireducens_ac_Fe+Updated.xml	obj	R_APG3PAT160	optimal	-0.0
cbmpy	Gmetallireducens_ac_Fe+Updated.xml	obj	R_APG3PAT161	optimal	-0.0
cbmpy	Gmetallireducens_ac_Fe+Updated.xml	obj	R_APG3PAT180	optimal	0.047322
cbmpy	Gmetallireducens_ac_Fe+Updated.xml	obj	R_APG3PAT181	optimal	-0.0
cbmpy	Gmetallireducens_ac_Fe+Updated.xml	obj	R_APH120	optimal	0.047322
cbmpy	Gmetallireducens_ac_Fe+Updated.xml	obj	R_APH140	optimal	0.047322
cbmpy	Gmetallireducens_ac_Fe+Updated.xml	obj	R_APH141	optimal	0.047322
cbmpy	Gmetallireducens_ac_Fe+Updated.xml	obj	R_APH160	optimal	0.047322
cbmpy	Gmetallireducens_ac_Fe+Updated.xml	obj	R_APH161	optimal	0.047322
cbmpy	Gmetallireducens_ac_Fe+Updated.xml	obj	R_APH180	optimal	0.047322
cbmpy	Gmetallireducens_ac_Fe+Updated.xml	obj	R_APH181	optimal	0.047322
cbmpy	Gmetallireducens_ac_Fe+Updated.xml	obj	R_APRAUR	optimal	-0.0
cbmpy	Gmetallireducens_ac_Fe+Updated.xml	obj	R_APSPr	optimal	0.047322
cbmpy	Gmetallireducens_ac_Fe+Updated.xml	obj	R_ARGDC	optimal	-0.0
cbmpy	Gmetallireducens_ac_Fe+Updated.xml	obj	R_ARGSL	optimal	-0.0
cbmpy	Gmetallireducens_ac_Fe+Updated.xml	obj	R_ARGSS	optimal	-0.0
cbmpy	Gmetallireducens_ac_Fe+Updated.xml	obj	R_ARGTRS	optimal	0.047322
cbmpy	Gmetallireducens_ac_Fe+Updated.xml	obj	R_ASAD	optimal	-0.0
cbmpy	Gmetallireducens_ac_Fe+Updated.xml	obj	R_ASNS1	optimal	-0.0
cbmpy	Gmetallireducens_ac_Fe+Updated.xml	obj	R_ASNTRS	optimal	0.047322
cbmpy	Gmetallireducens_ac_Fe+Updated.xml	obj	R_ASO3t4pp	optimal	0.047322
cbmpy	Gmetallireducens_ac_Fe+Updated.xml	obj	R_ASO4rt2rpp	optimal	0.047322
cbmpy	Gmetallireducens_ac_Fe+Updated.xml	obj	R_ASO4t4pp	optimal	0.047322
cbmpy	Gmetallireducens_ac_Fe+Updated.xml	obj	R_ASO4tex	optimal	0.047322
cbmpy	Gmetallireducens_ac_Fe+Updated.xml	obj	R_ASP1DC	optimal	-0.0
cbmpy	Gmetallireducens_ac_Fe+Updated.xml	obj	R_ASPCT	optimal	-0.0
cbmpy	Gmetallireducens_ac_Fe+Updated.xml	obj	R_ASPK	optimal	-0.0
cbmpy	Gmetallireducens_ac_Fe+Updated.xml	obj	R_ASPO2	optimal	-0.0
cbmpy	Gmetallireducens_ac_Fe+Updated.xml	obj	R_ASPT	optimal	0.047322
cbmpy	Gmetallireducens_ac_Fe+Updated.xml	obj	R_ASPTA	optimal	0.0
cbmpy	Gmetallireducens_ac_Fe+Updated.xml	obj	R_ASPTRS	optimal	0.047322
cbmpy	Gmetallireducens_ac_Fe+Updated.xml	obj	R_ASR2	optimal	0.047322
cbmpy	Gmetallireducens_ac_Fe+Updated.xml	obj	R_ATPM	optimal	0.052659
cbmpy	Gmetallireducens_ac_Fe+Updated.xml	obj	R_ATPPRT	optimal	-0.0
cbmpy	Gmetallireducens_ac_Fe+Updated.xml	obj	R_ATPS10rpp	infeasible	nan
cbmpy	Gmetallireducens_ac_Fe+Updated.xml	obj	R_BACCL	optimal	0.047322
cbmpy	Gmetallireducens_ac_Fe+Updated.xml	obj	R_BCOALIG	optimal	0.047322
cbmpy	Gmetallireducens_ac_Fe+Updated.xml	obj	R_BCOALIG2	optimal	0.047322
cbmpy	Gmetallireducens_ac_Fe+Updated.xml	obj	R_BCR6pp	optimal	0.047322
cbmpy	Gmetallireducens_ac_Fe+Updated.xml	obj	R_BEALD	optimal	0.047322
cbmpy	Gmetallireducens_ac_Fe+Updated.xml	obj	R_BMOCOS	optimal	-0.0
cbmpy	Gmetallireducens_ac_Fe+Updated.xml	obj	R_BMOGDS1	optimal	-0.0
cbmpy	Gmetallireducens_ac_Fe+Updated.xml	obj	R_BMOGDS2	optimal	-0.0
cbmpy	Gmetallireducens_ac_Fe+Updated.xml	obj	R_BPNT	optimal	0.047322
cbmpy	Gmetallireducens_ac_Fe+Updated.xml	obj	R_BSCT	optimal	0.047322
cbmpy	Gmetallireducens_ac_Fe+Updated.xml	obj	R_BTOHt2rpp	optimal	0.047322
cbmpy	Gmetallireducens_ac_Fe+Updated.xml	obj	R_BTOHtex	optimal	0.047322
cbmpy	Gmetallireducens_ac_Fe+Updated.xml	obj	R_BTS5	optimal	0.047322
cbmpy	Gmetallireducens_ac_Fe+Updated.xml	obj	R_BUTAFDOR	optimal	0.047322
cbmpy	Gmetallireducens_ac_Fe+Updated.xml	obj	R_BUTKr	optimal	0.047322
cbmpy	Gmetallireducens_ac_Fe+Updated.xml	obj	R_BUTSO3abcpp	optimal	0.047322
cbmpy	Gmetallireducens_ac_Fe+Updated.xml	obj	R_BUTSO3tex	optimal	0.047322
cbmpy	Gmetallireducens_ac_Fe+Updated.xml	obj	R_BUTt2pp	optimal	0.047322
cbmpy	Gmetallireducens_ac_Fe+Updated.xml	obj	R_BUTt4pp	optimal	0.047322
cbmpy	Gmetallireducens_ac_Fe+Updated.xml	obj	R_BUTtex	optimal	0.047322
cbmpy	Gmetallireducens_ac_Fe+Updated.xml	obj	R_BWCOGDS1	optimal	0.047322
cbmpy	Gmetallireducens_ac_Fe+Updated.xml	obj	R_BWCOGDS2	optimal	0.047322
cbmpy	Gmetallireducens_ac_Fe+Updated.xml	obj	R_BWCOS	optimal	0.047322
cbmpy	Gmetallireducens_ac_Fe+Updated.xml	obj	R_BZALCt2pp	optimal	0.047322
cbmpy	Gmetallireducens_ac_Fe+Updated.xml	obj	R_BZALCtex	optimal	0.047322
cbmpy	Gmetallireducens_ac_Fe+Updated.xml	obj	R_BZALDHr	optimal	0.047322
cbmpy	Gmetallireducens_ac_Fe+Updated.xml	obj	R_BZALt2pp	optimal	0.047322
cbmpy	Gmetallireducens_ac_Fe+Updated.xml	obj	R_BZALtex	optimal	0.047322
cbmpy	Gmetallireducens_ac_Fe+Updated.xml	obj	R_BZSCD	optimal	0.047322
cbmpy	Gmetallireducens_ac_Fe+Updated.xml	obj	R_BZSCT	optimal	0.047322
cbmpy	Gmetallireducens_ac_Fe+Updated.xml	obj	R_BZSS	optimal	0.047322
cbmpy	Gmetallireducens_ac_Fe+Updated.xml	obj	R_BZt2pp	optimal	0.047322
cbmpy	Gmetallireducens_ac_Fe+Updated.xml	obj	R_BZtex	optimal	0.047322
cbmpy	Gmetallireducens_ac_Fe+Updated.xml	obj	R_CA2abc1pp	optimal	0.047322
cbmpy	Gmetallireducens_ac_Fe+Updated.xml	obj	R_CA2abcpp	optimal	-0.0
cbmpy	Gmetallireducens_ac_Fe+Updated.xml	obj	R_CA2tex	optimal	-0.0
cbmpy	Gmetallireducens_ac_Fe+Updated.xml	obj	R_CAMPP	optimal	0.047322
cbmpy	Gmetallireducens_ac_Fe+Updated.xml	obj	R_CBIAT	optimal	0.047322
cbmpy	Gmetallireducens_ac_Fe+Updated.xml	obj	R_CBLAT	optimal	0.047322
cbmpy	Gmetallireducens_ac_Fe+Updated.xml	obj	R_CBMK	optimal	0.046976
cbmpy	Gmetallireducens_ac_Fe+Updated.xml	obj	R_CBPAH	optimal	-0.0
cbmpy	Gmetallireducens_ac_Fe+Updated.xml	obj	R_CBPS	optimal	0.047322
cbmpy	Gmetallireducens_ac_Fe+Updated.xml	obj	R_CCGS	optimal	0.047322
cbmpy	Gmetallireducens_ac_Fe+Updated.xml	obj	R_CD2t4pp	optimal	0.047322
cbmpy	Gmetallireducens_ac_Fe+Updated.xml	obj	R_CD2tex	optimal	0.047322
cbmpy	Gmetallireducens_ac_Fe+Updated.xml	obj	R_CDGR	optimal	0.047322
cbmpy	Gmetallireducens_ac_Fe+Updated.xml	obj	R_CDGS1	optimal	0.047322
cbmpy	Gmetallireducens_ac_Fe+Updated.xml	obj	R_CDGUNPD	optimal	0.047322
cbmpy	Gmetallireducens_ac_Fe+Updated.xml	obj	R_CDPMEK	optimal	-0.0
cbmpy	Gmetallireducens_ac_Fe+Updated.xml	obj	R_CFAS160E	optimal	0.047322
cbmpy	Gmetallireducens_ac_Fe+Updated.xml	obj	R_CFAS160G	optimal	0.047322
cbmpy	Gmetallireducens_ac_Fe+Updated.xml	obj	R_CFAS180E	optimal	0.047322
cbmpy	Gmetallireducens_ac_Fe+Updated.xml	obj	R_CFAS180G	optimal	0.047322
cbmpy	Gmetallireducens_ac_Fe+Updated.xml	obj	R_CHDCCH	optimal	0.047322
cbmpy	Gmetallireducens_ac_Fe+Updated.xml	obj	R_CHORM	optimal	-0.0
cbmpy	Gmetallireducens_ac_Fe+Updated.xml	obj	R_CHORS	optimal	-0.0
cbmpy	Gmetallireducens_ac_Fe+Updated.xml	obj	R_CITCIa	optimal	0.047104
cbmpy	Gmetallireducens_ac_Fe+Updated.xml	obj	R_CITCIb	optimal	0.047104
cbmpy	Gmetallireducens_ac_Fe+Updated.xml	obj	R_CITMS	optimal	0.047104
cbmpy	Gmetallireducens_ac_Fe+Updated.xml	obj	R_CLPNS120pp	optimal	0.047322
cbmpy	Gmetallireducens_ac_Fe+Updated.xml	obj	R_CLPNS140pp	optimal	-0.0
cbmpy	Gmetallireducens_ac_Fe+Updated.xml	obj	R_CLPNS141pp	optimal	0.047322
cbmpy	Gmetallireducens_ac_Fe+Updated.xml	obj	R_CLPNS160pp	optimal	-0.0
cbmpy	Gmetallireducens_ac_Fe+Updated.xml	obj	R_CLPNS161pp	optimal	-0.0
cbmpy	Gmetallireducens_ac_Fe+Updated.xml	obj	R_CLPNS180pp	optimal	0.047322
cbmpy	Gmetallireducens_ac_Fe+Updated.xml	obj	R_CLPNS181pp	optimal	-0.0
cbmpy	Gmetallireducens_ac_Fe+Updated.xml	obj	R_CLt3r_2pp	optimal	-0.0
cbmpy	Gmetallireducens_ac_Fe+Updated.xml	obj	R_CLtex	optimal	-0.0
cbmpy	Gmetallireducens_ac_Fe+Updated.xml	obj	R_CMPDAi	optimal	0.047322
cbmpy	Gmetallireducens_ac_Fe+Updated.xml	obj	R_CO2tex	infeasible	nan
cbmpy	Gmetallireducens_ac_Fe+Updated.xml	obj	R_CO2tpp	infeasible	nan
cbmpy	Gmetallireducens_ac_Fe+Updated.xml	obj	R_COBALT2tex	optimal	-0.0
cbmpy	Gmetallireducens_ac_Fe+Updated.xml	obj	R_COBALTt4pp	optimal	0.047322
cbmpy	Gmetallireducens_ac_Fe+Updated.xml	obj	R_CODH4	optimal	0.047322
cbmpy	Gmetallireducens_ac_Fe+Updated.xml	obj	R_COabcpp	optimal	-0.0
cbmpy	Gmetallireducens_ac_Fe+Updated.xml	obj	R_CPC2MT	optimal	-0.0
cbmpy	Gmetallireducens_ac_Fe+Updated.xml	obj	R_CPC3MT	optimal	-0.0
cbmpy	Gmetallireducens_ac_Fe+Updated.xml	obj	R_CPC4MT	optimal	-0.0
cbmpy	Gmetallireducens_ac_Fe+Updated.xml	obj	R_CPC5MT	optimal	-0.0
cbmpy	Gmetallireducens_ac_Fe+Updated.xml	obj	R_CPC6MT	optimal	-0.0
cbmpy	Gmetallireducens_ac_Fe+Updated.xml	obj	R_CPC6R	optimal	-0.0
cbmpy	Gmetallireducens_ac_Fe+Updated.xml	obj	R_CPC8MM	optimal	-0.0
cbmpy	Gmetallireducens_ac_Fe+Updated.xml	obj	R_CPMPS	optimal	-0.0
cbmpy	Gmetallireducens_ac_Fe+Updated.xml	obj	R_CPPPGOAN2	optimal	-0.0
cbmpy	Gmetallireducens_ac_Fe+Updated.xml	obj	R_CRESt2ipp	optimal	-0.0
cbmpy	Gmetallireducens_ac_Fe+Updated.xml	obj	R_CREStex	optimal	0.047322
cbmpy	Gmetallireducens_ac_Fe+Updated.xml	obj	R_CRO4abcpp	optimal	0.047322
cbmpy	Gmetallireducens_ac_Fe+Updated.xml	obj	R_CRO4t3pp	optimal	0.047322
cbmpy	Gmetallireducens_ac_Fe+Updated.xml	obj	R_CRO4tex	optimal	0.047322
cbmpy	Gmetallireducens_ac_Fe+Updated.xml	obj	R_CS	infeasible	nan
cbmpy	Gmetallireducens_ac_Fe+Updated.xml	obj	R_CSND	optimal	0.047322
cbmpy	Gmetallireducens_ac_Fe+Updated.xml	obj	R_CSPMDDC	optimal	-0.0
cbmpy	Gmetallireducens_ac_Fe+Updated.xml	obj	R_CSPMDDH	optimal	-0.0
cbmpy	Gmetallireducens_ac_Fe+Updated.xml	obj	R_CTECOAI6	optimal	0.047322
cbmpy	Gmetallireducens_ac_Fe+Updated.xml	obj	R_CTECOAI7	optimal	0.046894
cbmpy	Gmetallireducens_ac_Fe+Updated.xml	obj	R_CTECOAI8	optimal	0.047322
cbmpy	Gmetallireducens_ac_Fe+Updated.xml	obj	R_CTPS1	optimal	0.047284
cbmpy	Gmetallireducens_ac_Fe+Updated.xml	obj	R_CTPS2	optimal	0.047322
cbmpy	Gmetallireducens_ac_Fe+Updated.xml	obj	R_CU2abcpp	optimal	0.047322
cbmpy	Gmetallireducens_ac_Fe+Updated.xml	obj	R_CU2tex	optimal	-0.0
cbmpy	Gmetallireducens_ac_Fe+Updated.xml	obj	R_CUabcpp	optimal	-0.0
cbmpy	Gmetallireducens_ac_Fe+Updated.xml	obj	R_CUtex	optimal	0.047322
cbmpy	Gmetallireducens_ac_Fe+Updated.xml	obj	R_CYOO2pp	optimal	0.047322
cbmpy	Gmetallireducens_ac_Fe+Updated.xml	obj	R_CYRDAAT	optimal	-0.0
cbmpy	Gmetallireducens_ac_Fe+Updated.xml	obj	R_CYRDAR	optimal	-0.0
cbmpy	Gmetallireducens_ac_Fe+Updated.xml	obj	R_CYRDAS	optimal	-0.0
cbmpy	Gmetallireducens_ac_Fe+Updated.xml	obj	R_CYSLY3	optimal	0.047322
cbmpy	Gmetallireducens_ac_Fe+Updated.xml	obj	R_CYSS	optimal	0.0
cbmpy	Gmetallireducens_ac_Fe+Updated.xml	obj	R_CYSTL	optimal	0.047322
cbmpy	Gmetallireducens_ac_Fe+Updated.xml	obj	R_CYSTRS	optimal	0.047322
cbmpy	Gmetallireducens_ac_Fe+Updated.xml	obj	R_CYTBCYTC	optimal	0.047322
cbmpy	Gmetallireducens_ac_Fe+Updated.xml	obj	R_CYTBD2pp	optimal	0.047322
cbmpy	Gmetallireducens_ac_Fe+Updated.xml	obj	R_CYTBMQOR2pp	optimal	0.047322
cbmpy	Gmetallireducens_ac_Fe+Updated.xml	obj	R_CYTK1	optimal	0.047245
cbmpy	Gmetallireducens_ac_Fe+Updated.xml	obj	R_CYTK2	optimal	0.047322
cbmpy	Gmetallireducens_ac_Fe+Updated.xml	obj	R_CYTMQOR3pp	infeasible	nan
cbmpy	Gmetallireducens_ac_Fe+Updated.xml	obj	R_DADK	optimal	0.047322
cbmpy	Gmetallireducens_ac_Fe+Updated.xml	obj	R_DADNC	optimal	0.047322
cbmpy	Gmetallireducens_ac_Fe+Updated.xml	obj	R_DAGK120	optimal	0.047322
cbmpy	Gmetallireducens_ac_Fe+Updated.xml	obj	R_DAGK140	optimal	0.047322
cbmpy	Gmetallireducens_ac_Fe+Updated.xml	obj	R_DAGK141	optimal	0.047322
cbmpy	Gmetallireducens_ac_Fe+Updated.xml	obj	R_DAGK160	optimal	0.047322
cbmpy	Gmetallireducens_ac_Fe+Updated.xml	obj	R_DAGK161	optimal	0.047322
cbmpy	Gmetallireducens_ac_Fe+Updated.xml	obj	R_DAGK180	optimal	0.047322
cbmpy	Gmetallireducens_ac_Fe+Updated.xml	obj	R_DAGK181	optimal	0.047322
cbmpy	Gmetallireducens_ac_Fe+Updated.xml	obj	R_DALAt2pp	optimal	-0.0
cbmpy	Gmetallireducens_ac_Fe+Updated.xml	obj	R_DAPDC	optimal	-0.0
cbmpy	Gmetallireducens_ac_Fe+Updated.xml	obj	R_DAPE	optimal	-0.0
cbmpy	Gmetallireducens_ac_Fe+Updated.xml	obj	R_DASYN120	optimal	0.047322
cbmpy	Gmetallireducens_ac_Fe+Updated.xml	obj	R_DASYN140	optimal	-0.0
cbmpy	Gmetallireducens_ac_Fe+Updated.xml	obj	R_DASYN141	optimal	0.047322
cbmpy	Gmetallireducens_ac_Fe+Updated.xml	obj	R_DASYN160	optimal	-0.0
cbmpy	Gmetallireducens_ac_Fe+Updated.xml	obj	R_DASYN161	optimal	-0.0
cbmpy	Gmetallireducens_ac_Fe+Updated.xml	obj	R_DASYN180	optimal	0.047322
cbmpy	Gmetallireducens_ac_Fe+Updated.xml	obj	R_DASYN181	optimal	-0.0
cbmpy	Gmetallireducens_ac_Fe+Updated.xml	obj	R_DB4PS	optimal	-0.0
cbmpy	Gmetallireducens_ac_Fe+Updated.xml	obj	R_DBTS	optimal	0.047322
cbmpy	Gmetallireducens_ac_Fe+Updated.xml	obj	R_DCMPDAi	optimal	0.047322
cbmpy	Gmetallireducens_ac_Fe+Updated.xml	obj	R_DDCAtexi	optimal	0.047322
cbmpy	Gmetallireducens_ac_Fe+Updated.xml	obj	R_DDPA	optimal	-0.0
cbmpy	Gmetallireducens_ac_Fe+Updated.xml	obj	R_DGK1	optimal	0.047322
cbmpy	Gmetallireducens_ac_Fe+Updated.xml	obj	R_DGUNC	optimal	0.047322
cbmpy	Gmetallireducens_ac_Fe+Updated.xml	obj	R_DHAD1	optimal	0.047322
cbmpy	Gmetallireducens_ac_Fe+Updated.xml	obj	R_DHAD2	optimal	-0.0
cbmpy	Gmetallireducens_ac_Fe+Updated.xml	obj	R_DHDPRy	optimal	-0.0
cbmpy	Gmetallireducens_ac_Fe+Updated.xml	obj	R_DHDPS	optimal	-0.0
cbmpy	Gmetallireducens_ac_Fe+Updated.xml	obj	R_DHFR	optimal	0.0
cbmpy	Gmetallireducens_ac_Fe+Updated.xml	obj	R_DHFS	optimal	0.0
cbmpy	Gmetallireducens_ac_Fe+Updated.xml	obj	R_DHNAOT4	optimal	0.0
cbmpy	Gmetallireducens_ac_Fe+Updated.xml	obj	R_DHNAS	optimal	0.0
cbmpy	Gmetallireducens_ac_Fe+Updated.xml	obj	R_DHNPA2r	optimal	0.0
cbmpy	Gmetallireducens_ac_Fe+Updated.xml	obj	R_DHORD5	optimal	-0.0
cbmpy	Gmetallireducens_ac_Fe+Updated.xml	obj	R_DHORTS	optimal	-0.0
cbmpy	Gmetallireducens_ac_Fe+Updated.xml	obj	R_DHPPDA2	optimal	-0.0
cbmpy	Gmetallireducens_ac_Fe+Updated.xml	obj	R_DHPS2	optimal	-0.0
cbmpy	Gmetallireducens_ac_Fe+Updated.xml	obj	R_DHQD	optimal	-0.0
cbmpy	Gmetallireducens_ac_Fe+Updated.xml	obj	R_DHQS	optimal	-0.0
cbmpy	Gmetallireducens_ac_Fe+Updated.xml	obj	R_DHXFUTC	optimal	-0.0
cbmpy	Gmetallireducens_ac_Fe+Updated.xml	obj	R_DLTO	optimal	0.047322
cbmpy	Gmetallireducens_ac_Fe+Updated.xml	obj	R_DMATT	optimal	-0.0
cbmpy	Gmetallireducens_ac_Fe+Updated.xml	obj	R_DMPPS	optimal	-0.0
cbmpy	Gmetallireducens_ac_Fe+Updated.xml	obj	R_DM_5DRIB	optimal	-0.0
cbmpy	Gmetallireducens_ac_Fe+Updated.xml	obj	R_DM_AMOB	optimal	0.047322
cbmpy	Gmetallireducens_ac_Fe+Updated.xml	obj	R_DNMPPA	optimal	-0.0
cbmpy	Gmetallireducens_ac_Fe+Updated.xml	obj	R_DNTPPA	optimal	-0.0
cbmpy	Gmetallireducens_ac_Fe+Updated.xml	obj	R_DPCOAK	optimal	-0.0
cbmpy	Gmetallireducens_ac_Fe+Updated.xml	obj	R_DPLPTAT	optimal	0.047322
cbmpy	Gmetallireducens_ac_Fe+Updated.xml	obj	R_DPR	optimal	0.0
cbmpy	Gmetallireducens_ac_Fe+Updated.xml	obj	R_DTMPK	optimal	-0.0
cbmpy	Gmetallireducens_ac_Fe+Updated.xml	obj	R_DUTPDP	optimal	0.047322
cbmpy	Gmetallireducens_ac_Fe+Updated.xml	obj	R_DXPRIi	optimal	-0.0
cbmpy	Gmetallireducens_ac_Fe+Updated.xml	obj	R_DXPS	optimal	-0.0
cbmpy	Gmetallireducens_ac_Fe+Updated.xml	obj	R_E4PD	optimal	-0.0
cbmpy	Gmetallireducens_ac_Fe+Updated.xml	obj	R_EAR100x	optimal	0.047322
cbmpy	Gmetallireducens_ac_Fe+Updated.xml	obj	R_EAR100y	optimal	0.047322
cbmpy	Gmetallireducens_ac_Fe+Updated.xml	obj	R_EAR120x	optimal	0.047322
cbmpy	Gmetallireducens_ac_Fe+Updated.xml	obj	R_EAR120y	optimal	0.047322
cbmpy	Gmetallireducens_ac_Fe+Updated.xml	obj	R_EAR121x	optimal	0.047322
cbmpy	Gmetallireducens_ac_Fe+Updated.xml	obj	R_EAR121y	optimal	0.047322
cbmpy	Gmetallireducens_ac_Fe+Updated.xml	obj	R_EAR140x	optimal	0.047322
cbmpy	Gmetallireducens_ac_Fe+Updated.xml	obj	R_EAR140y	optimal	0.047322
cbmpy	Gmetallireducens_ac_Fe+Updated.xml	obj	R_EAR141x	optimal	0.047322
cbmpy	Gmetallireducens_ac_Fe+Updated.xml	obj	R_EAR141y	optimal	0.047322
cbmpy	Gmetallireducens_ac_Fe+Updated.xml	obj	R_EAR160x	optimal	0.047322
cbmpy	Gmetallireducens_ac_Fe+Updated.xml	obj	R_EAR160y	optimal	0.047322
cbmpy	Gmetallireducens_ac_Fe+Updated.xml	obj	R_EAR161x	optimal	0.047322
cbmpy	Gmetallireducens_ac_Fe+Updated.xml	obj	R_EAR161y	optimal	0.047322
cbmpy	Gmetallireducens_ac_Fe+Updated.xml	obj	R_EAR180x	optimal	0.047322
cbmpy	Gmetallireducens_ac_Fe+Updated.xml	obj	R_EAR180y	optimal	0.047322
cbmpy	Gmetallireducens_ac_Fe+Updated.xml	obj	R_EAR181x	optimal	0.047322
cbmpy	Gmetallireducens_ac_Fe+Updated.xml	obj	R_EAR181y	optimal	0.047322
cbmpy	Gmetallireducens_ac_Fe+Updated.xml	obj	R_EAR40x	optimal	0.047322
cbmpy	Gmetallireducens_ac_Fe+Updated.xml	obj	R_EAR40y	optimal	0.047322
cbmpy	Gmetallireducens_ac_Fe+Updated.xml	obj	R_EAR60x	optimal	0.047322
cbmpy	Gmetallireducens_ac_Fe+Updated.xml	obj	R_EAR60y	optimal	0.047322
cbmpy	Gmetallireducens_ac_Fe+Updated.xml	obj	R_EAR80x	optimal	0.047322
cbmpy	Gmetallireducens_ac_Fe+Updated.xml	obj	R_EAR80y	optimal	0.047322
cbmpy	Gmetallireducens_ac_Fe+Updated.xml	obj	R_ECOAH1	optimal	0.047322
cbmpy	Gmetallireducens_ac_Fe+Updated.xml	obj	R_ECOAH2	optimal	0.046521
cbmpy	Gmetallireducens_ac_Fe+Updated.xml	obj	R_ECOAH3	optimal	0.046521
cbmpy	Gmetallireducens_ac_Fe+Updated.xml	obj	R_ECOAH4	optimal	0.046521
cbmpy	Gmetallireducens_ac_Fe+Updated.xml	obj	R_ECOAH5	optimal	0.046521
cbmpy	Gmetallireducens_ac_Fe+Updated.xml	obj	R_ECOAH6	optimal	0.046521
cbmpy	Gmetallireducens_ac_Fe+Updated.xml	obj	R_ECOAH7	optimal	0.046848
cbmpy	Gmetallireducens_ac_Fe+Updated.xml	obj	R_ECOAH8	optimal	0.047322
cbmpy	Gmetallireducens_ac_Fe+Updated.xml	obj	R_EDTXS1	optimal	-0.0
cbmpy	Gmetallireducens_ac_Fe+Updated.xml	obj	R_EDTXS1N	optimal	0.047322
cbmpy	Gmetallireducens_ac_Fe+Updated.xml	obj	R_EDTXS2	optimal	-0.0
cbmpy	Gmetallireducens_ac_Fe+Updated.xml	obj	R_EDTXS2N	optimal	0.047322
cbmpy	Gmetallireducens_ac_Fe+Updated.xml	obj	R_EGMEACPR	optimal	0.047322
cbmpy	Gmetallireducens_ac_Fe+Updated.xml	obj	R_ELCYTI	optimal	0.047322
cbmpy	Gmetallireducens_ac_Fe+Updated.xml	obj	R_ELCYTO	optimal	0.047322
cbmpy	Gmetallireducens_ac_Fe+Updated.xml	obj	R_ENO	optimal	-0.0
cbmpy	Gmetallireducens_ac_Fe+Updated.xml	obj	R_EPMEACPR	optimal	0.047322
cbmpy	Gmetallireducens_ac_Fe+Updated.xml	obj	R_ETHSO3abcpp	optimal	0.047322
cbmpy	Gmetallireducens_ac_Fe+Updated.xml	obj	R_ETHSO3tex	optimal	0.047322
cbmpy	Gmetallireducens_ac_Fe+Updated.xml	obj	R_ETOHtex	optimal	0.047322
cbmpy	Gmetallireducens_ac_Fe+Updated.xml	obj	R_ETOHtrpp	optimal	0.047322
cbmpy	Gmetallireducens_ac_Fe+Updated.xml	obj	R_EX_2obut_e	optimal	0.047322
cbmpy	Gmetallireducens_ac_Fe+Updated.xml	obj	R_EX_3httdca_e	optimal	0.047322
cbmpy	Gmetallireducens_ac_Fe+Updated.xml	obj	R_EX_3mb_e	optimal	0.047322
cbmpy	Gmetallireducens_ac_Fe+Updated.xml	obj	R_EX_4crsol_e	optimal	0.047322
cbmpy	Gmetallireducens_ac_Fe+Updated.xml	obj	R_EX_4hba_e	optimal	0.047322
cbmpy	Gmetallireducens_ac_Fe+Updated.xml	obj	R_EX_4hbald_e	optimal	0.047322
cbmpy	Gmetallireducens_ac_Fe+Updated.xml	obj	R_EX_4hbz_e	optimal	0.047322
cbmpy	Gmetallireducens_ac_Fe+Updated.xml	obj	R_EX_Lcyst_e	optimal	0.047322
cbmpy	Gmetallireducens_ac_Fe+Updated.xml	obj	R_EX_ac_e	infeasible	nan
cbmpy	Gmetallireducens_ac_Fe+Updated.xml	obj	R_EX_aso4_e	optimal	0.047322
cbmpy	Gmetallireducens_ac_Fe+Updated.xml	obj	R_EX_btoh_e	optimal	0.047322
cbmpy	Gmetallireducens_ac_Fe+Updated.xml	obj	R_EX_but_e	optimal	0.047322
cbmpy	Gmetallireducens_ac_Fe+Updated.xml	obj	R_EX_butso3_e	optimal	0.047322
cbmpy	Gmetallireducens_ac_Fe+Updated.xml	obj	R_EX_bz_e	optimal	0.047322
cbmpy	Gmetallireducens_ac_Fe+Updated.xml	obj	R_EX_bzal_e	optimal	0.047322
cbmpy	Gmetallireducens_ac_Fe+Updated.xml	obj	R_EX_bzalc_e	optimal	0.047322
cbmpy	Gmetallireducens_ac_Fe+Updated.xml	obj	R_EX_ca2_e	optimal	-0.0
cbmpy	Gmetallireducens_ac_Fe+Updated.xml	obj	R_EX_cd2_e	optimal	0.047322
cbmpy	Gmetallireducens_ac_Fe+Updated.xml	obj	R_EX_cl_e	optimal	-0.0
cbmpy	Gmetallireducens_ac_Fe+Updated.xml	obj	R_EX_co2_e	infeasible	nan
cbmpy	Gmetallireducens_ac_Fe+Updated.xml	obj	R_EX_cobalt2_e	optimal	-0.0
cbmpy	Gmetallireducens_ac_Fe+Updated.xml	obj	R_EX_cro4_e	optimal	0.047322
cbmpy	Gmetallireducens_ac_Fe+Updated.xml	obj	R_EX_cu2_e	optimal	-0.0
cbmpy	Gmetallireducens_ac_Fe+Updated.xml	obj	R_EX_cu_e	optimal	0.047322
cbmpy	Gmetallireducens_ac_Fe+Updated.xml	obj	R_EX_ddca_e	optimal	0.047322
cbmpy	Gmetallireducens_ac_Fe+Updated.xml	obj	R_EX_elao_e	optimal	0.047322
cbmpy	Gmetallireducens_ac_Fe+Updated.xml	obj	R_EX_elar_e	optimal	0.047322
cbmpy	Gmetallireducens_ac_Fe+Updated.xml	obj	R_EX_elco_e	optimal	0.047322
cbmpy	Gmetallireducens_ac_Fe+Updated.xml	obj	R_EX_elcr_e	optimal	0.047322
cbmpy	Gmetallireducens_ac_Fe+Updated.xml	obj	R_EX_ethso3_e	optimal	0.047322
cbmpy	Gmetallireducens_ac_Fe+Updated.xml	obj	R_EX_etoh_e	optimal	0.047322
cbmpy	Gmetallireducens_ac_Fe+Updated.xml	obj	R_EX_fe2_e	infeasible	nan
cbmpy	Gmetallireducens_ac_Fe+Updated.xml	obj	R_EX_fe3_e	infeasible	nan
cbmpy	Gmetallireducens_ac_Fe+Updated.xml	obj	R_EX_for_e	optimal	0.047322
cbmpy	Gmetallireducens_ac_Fe+Updated.xml	obj	R_EX_galur_e	optimal	0.047322
cbmpy	Gmetallireducens_ac_Fe+Updated.xml	obj	R_EX_glcur_e	optimal	0.047322
cbmpy	Gmetallireducens_ac_Fe+Updated.xml	obj	R_EX_glyc_e	optimal	0.047322
cbmpy	Gmetallireducens_ac_Fe+Updated.xml	obj	R_EX_gm1lipa_e	optimal	0.047322
cbmpy	Gmetallireducens_ac_Fe+Updated.xml	obj	R_EX_gm1lipb_e	optimal	0.047322
cbmpy	Gmetallireducens_ac_Fe+Updated.xml	obj	R_EX_gm2lipa_e	optimal	0.047322
cbmpy	Gmetallireducens_ac_Fe+Updated.xml	obj	R_EX_gua_e	optimal	0.047322
cbmpy	Gmetallireducens_ac_Fe+Updated.xml	obj	R_EX_h2_e	optimal	0.047322
cbmpy	Gmetallireducens_ac_Fe+Updated.xml	obj	R_EX_h2o_e	infeasible	nan
cbmpy	Gmetallireducens_ac_Fe+Updated.xml	obj	R_EX_h_e	infeasible	nan
cbmpy	Gmetallireducens_ac_Fe+Updated.xml	obj	R_EX_hdca_e	optimal	0.047322
cbmpy	Gmetallireducens_ac_Fe+Updated.xml	obj	R_EX_hdcea_e	optimal	0.047322
cbmpy	Gmetallireducens_ac_Fe+Updated.xml	obj	R_EX_hxan_e	optimal	0.047322
cbmpy	Gmetallireducens_ac_Fe+Updated.xml	obj	R_EX_ibt_e	optimal	0.047322
cbmpy	Gmetallireducens_ac_Fe+Updated.xml	obj	R_EX_ile_L_e	optimal	0.047322
cbmpy	Gmetallireducens_ac_Fe+Updated.xml	obj	R_EX_isetac_e	optimal	0.047322
cbmpy	Gmetallireducens_ac_Fe+Updated.xml	obj	R_EX_k_e	optimal	-0.0
cbmpy	Gmetallireducens_ac_Fe+Updated.xml	obj	R_EX_kdo2lipid4_e	optimal	0.047322
cbmpy	Gmetallireducens_ac_Fe+Updated.xml	obj	R_EX_kdo2lipid4b_e	optimal	0.047322
cbmpy	Gmetallireducens_ac_Fe+Updated.xml	obj	R_EX_leu_L_e	optimal	0.047322
cbmpy	Gmetallireducens_ac_Fe+Updated.xml	obj	R_EX_lipa_e	optimal	0.047322
cbmpy	Gmetallireducens_ac_Fe+Updated.xml	obj	R_EX_lipb_e	optimal	0.047322
cbmpy	Gmetallireducens_ac_Fe+Updated.xml	obj	R_EX_lys_L_e	optimal	0.047322
cbmpy	Gmetallireducens_ac_Fe+Updated.xml	obj	R_EX_meoh_e	optimal	0.047322
cbmpy	Gmetallireducens_ac_Fe+Updated.xml	obj	R_EX_mg2_e	optimal	-0.0
cbmpy	Gmetallireducens_ac_Fe+Updated.xml	obj	R_EX_mn2_e	optimal	0.0
cbmpy	Gmetallireducens_ac_Fe+Updated.xml	obj	R_EX_mn4_e	optimal	0.047322
cbmpy	Gmetallireducens_ac_Fe+Updated.xml	obj	R_EX_mobd_e	optimal	-0.0
cbmpy	Gmetallireducens_ac_Fe+Updated.xml	obj	R_EX_mso3_e	optimal	0.047322
cbmpy	Gmetallireducens_ac_Fe+Updated.xml	obj	R_EX_n2_e	optimal	0.047322
cbmpy	Gmetallireducens_ac_Fe+Updated.xml	obj	R_EX_na1_e	optimal	0.047322
cbmpy	Gmetallireducens_ac_Fe+Updated.xml	obj	R_EX_nh4_e	optimal	0.030496
cbmpy	Gmetallireducens_ac_Fe+Updated.xml	obj	R_EX_ni2_e	optimal	-0.0
cbmpy	Gmetallireducens_ac_Fe+Updated.xml	obj	R_EX_no2_e	optimal	0.047322
cbmpy	Gmetallireducens_ac_Fe+Updated.xml	obj	R_EX_no3_e	optimal	0.047322
cbmpy	Gmetallireducens_ac_Fe+Updated.xml	obj	R_EX_ocdca_e	optimal	0.047322
cbmpy	Gmetallireducens_ac_Fe+Updated.xml	obj	R_EX_ocdcea_e	optimal	0.047322
cbmpy	Gmetallireducens_ac_Fe+Updated.xml	obj	R_EX_oxa_e	optimal	0.047322
cbmpy	Gmetallireducens_ac_Fe+Updated.xml	obj	R_EX_phenol_e	optimal	0.047322
cbmpy	Gmetallireducens_ac_Fe+Updated.xml	obj	R_EX_pi_e	optimal	0.0
cbmpy	Gmetallireducens_ac_Fe+Updated.xml	obj	R_EX_ppa_e	optimal	0.047322
cbmpy	Gmetallireducens_ac_Fe+Updated.xml	obj	R_EX_ppoh_e	optimal	0.047322
cbmpy	Gmetallireducens_ac_Fe+Updated.xml	obj	R_EX_pta_e	optimal	0.047322
cbmpy	Gmetallireducens_ac_Fe+Updated.xml	obj	R_EX_pyr_e	optimal	0.047322
cbmpy	Gmetallireducens_ac_Fe+Updated.xml	obj	R_EX_so3_e	optimal	0.047129
cbmpy	Gmetallireducens_ac_Fe+Updated.xml	obj	R_EX_so4_e	optimal	-0.0
cbmpy	Gmetallireducens_ac_Fe+Updated.xml	obj	R_EX_sulfac_e	optimal	0.047322
cbmpy	Gmetallireducens_ac_Fe+Updated.xml	obj	R_EX_taur_e	optimal	0.047322
cbmpy	Gmetallireducens_ac_Fe+Updated.xml	obj	R_EX_tc4_e	optimal	0.047322
cbmpy	Gmetallireducens_ac_Fe+Updated.xml	obj	R_EX_tc7_e	optimal	0.047322
cbmpy	Gmetallireducens_ac_Fe+Updated.xml	obj	R_EX_tol_e	optimal	0.047322
cbmpy	Gmetallireducens_ac_Fe+Updated.xml	obj	R_EX_tsul_e	optimal	0.047322
cbmpy	Gmetallireducens_ac_Fe+Updated.xml	obj	R_EX_ttdca_e	optimal	0.047322
cbmpy	Gmetallireducens_ac_Fe+Updated.xml	obj	R_EX_ttdcea_e	optimal	0.047322
cbmpy	Gmetallireducens_ac_Fe+Updated.xml	obj	R_EX_tungs_e	optimal	0.047322
cbmpy	Gmetallireducens_ac_Fe+Updated.xml	obj	R_EX_u4_e	optimal	0.047322
cbmpy	Gmetallireducens_ac_Fe+Updated.xml	obj	R_EX_u6_e	optimal	0.047322
cbmpy	Gmetallireducens_ac_Fe+Updated.xml	obj	R_EX_v4_e	optimal	0.047322
cbmpy	Gmetallireducens_ac_Fe+Updated.xml	obj	R_EX_v5_e	optimal	0.047322
cbmpy	Gmetallireducens_ac_Fe+Updated.xml	obj	R_EX_val_L_e	optimal	0.047322
cbmpy	Gmetallireducens_ac_Fe+Updated.xml	obj	R_EX_zn2_e	optimal	-0.0
cbmpy	Gmetallireducens_ac_Fe+Updated.xml	obj	R_FA100ACPHi	optimal	0.047322
cbmpy	Gmetallireducens_ac_Fe+Updated.xml	obj	R_FA120ACPHi	optimal	0.047322
cbmpy	Gmetallireducens_ac_Fe+Updated.xml	obj	R_FA140ACPHi	optimal	0.047322
cbmpy	Gmetallireducens_ac_Fe+Updated.xml	obj	R_FA141ACPHi	optimal	0.047322
cbmpy	Gmetallireducens_ac_Fe+Updated.xml	obj	R_FA160ACPHi	optimal	0.047322
cbmpy	Gmetallireducens_ac_Fe+Updated.xml	obj	R_FA161ACPHi	optimal	0.047322
cbmpy	Gmetallireducens_ac_Fe+Updated.xml	obj	R_FA80ACPHi	optimal	0.047322
cbmpy	Gmetallireducens_ac_Fe+Updated.xml	obj	R_FACOAE140	optimal	0.047224
cbmpy	Gmetallireducens_ac_Fe+Updated.xml	obj	R_FACOAE160	optimal	0.047275
cbmpy	Gmetallireducens_ac_Fe+Updated.xml	obj	R_FACOAE161	optimal	0.046894
cbmpy	Gmetallireducens_ac_Fe+Updated.xml	obj	R_FACOAL100t2pp	optimal	0.047322
cbmpy	Gmetallireducens_ac_Fe+Updated.xml	obj	R_FACOAL120t2pp	optimal	0.047322
cbmpy	Gmetallireducens_ac_Fe+Updated.xml	obj	R_FACOAL140t2pp	optimal	0.047322
cbmpy	Gmetallireducens_ac_Fe+Updated.xml	obj	R_FACOAL141t2pp	optimal	0.047322
cbmpy	Gmetallireducens_ac_Fe+Updated.xml	obj	R_FACOAL160t2pp	optimal	0.047322
cbmpy	Gmetallireducens_ac_Fe+Updated.xml	obj	R_FACOAL161t2pp	optimal	0.047322
cbmpy	Gmetallireducens_ac_Fe+Updated.xml	obj	R_FACOAL180t2pp	optimal	0.047322
cbmpy	Gmetallireducens_ac_Fe+Updated.xml	obj	R_FACOAL181t2pp	optimal	0.047322
cbmpy	Gmetallireducens_ac_Fe+Updated.xml	obj	R_FACOAL40It2pp	optimal	0.047322
cbmpy	Gmetallireducens_ac_Fe+Updated.xml	obj	R_FACOAL40t2pp	optimal	0.047322
cbmpy	Gmetallireducens_ac_Fe+Updated.xml	obj	R_FACOAL50It2pp	optimal	0.047322
cbmpy	Gmetallireducens_ac_Fe+Updated.xml	obj	R_FACOAL50t2pp	optimal	0.047322
cbmpy	Gmetallireducens_ac_Fe+Updated.xml	obj	R_FACOAL60t2pp	optimal	0.047322
cbmpy	Gmetallireducens_ac_Fe+Updated.xml	obj	R_FACOAL80t2pp	optimal	0.047322
cbmpy	Gmetallireducens_ac_Fe+Updated.xml	obj	R_FADMQOR	optimal	0.047322
cbmpy	Gmetallireducens_ac_Fe+Updated.xml	obj	R_FBA	optimal	0.0
cbmpy	Gmetallireducens_ac_Fe+Updated.xml	obj	R_FBP	optimal	-0.0
cbmpy	Gmetallireducens_ac_Fe+Updated.xml	obj	R_FCLT	optimal	0.0
cbmpy	Gmetallireducens_ac_Fe+Updated.xml	obj	R_FDH5r2pp	optimal	0.047319
cbmpy	Gmetallireducens_ac_Fe+Updated.xml	obj	R_FE2Gabcpp	optimal	0.0
cbmpy	Gmetallireducens_ac_Fe+Updated.xml	obj	R_FE2t4pp	optimal	0.047322
cbmpy	Gmetallireducens_ac_Fe+Updated.xml	obj	R_FE2tex	optimal	0.0
cbmpy	Gmetallireducens_ac_Fe+Updated.xml	obj	R_FE3Gabcpp	optimal	0.047322
cbmpy	Gmetallireducens_ac_Fe+Updated.xml	obj	R_FE3tex	optimal	0.047322
cbmpy	Gmetallireducens_ac_Fe+Updated.xml	obj	R_FERCYT	infeasible	nan
cbmpy	Gmetallireducens_ac_Fe+Updated.xml	obj	R_FESD1s	optimal	0.047322
cbmpy	Gmetallireducens_ac_Fe+Updated.xml	obj	R_FESD2s	optimal	0.047322
cbmpy	Gmetallireducens_ac_Fe+Updated.xml	obj	R_FESR	optimal	0.047322
cbmpy	Gmetallireducens_ac_Fe+Updated.xml	obj	R_FLNDPR2r	optimal	0.047322
cbmpy	Gmetallireducens_ac_Fe+Updated.xml	obj	R_FMETTRS	optimal	0.047322
cbmpy	Gmetallireducens_ac_Fe+Updated.xml	obj	R_FMNAT	optimal	0.0
cbmpy	Gmetallireducens_ac_Fe+Updated.xml	obj	R_FOLR2	optimal	0.047322
cbmpy	Gmetallireducens_ac_Fe+Updated.xml	obj	R_FORt2rpp	optimal	0.047308
cbmpy	Gmetallireducens_ac_Fe+Updated.xml	obj	R_FORtex	optimal	0.047322
cbmpy	Gmetallireducens_ac_Fe+Updated.xml	obj	R_FRD2rpp	infeasible	nan
cbmpy	Gmetallireducens_ac_Fe+Updated.xml	obj	R_FRDPPCR2	optimal	0.047322
cbmpy	Gmetallireducens_ac_Fe+Updated.xml	obj	R_FRNDPR2r	optimal	0.047322
cbmpy	Gmetallireducens_ac_Fe+Updated.xml	obj	R_FTHFCL	optimal	0.047322
cbmpy	Gmetallireducens_ac_Fe+Updated.xml	obj	R_FUM	infeasible	nan
cbmpy	Gmetallireducens_ac_Fe+Updated.xml	obj	R_FUTH	optimal	0.0
cbmpy	Gmetallireducens_ac_Fe+Updated.xml	obj	R_FUTS	optimal	0.0
cbmpy	Gmetallireducens_ac_Fe+Updated.xml	obj	R_G1PACT	optimal	0.0
cbmpy	Gmetallireducens_ac_Fe+Updated.xml	obj	R_G1PTT	optimal	0.047322
cbmpy	Gmetallireducens_ac_Fe+Updated.xml	obj	R_G1SAT	optimal	0.0
cbmpy	Gmetallireducens_ac_Fe+Updated.xml	obj	R_G3PD1	optimal	0.047322
cbmpy	Gmetallireducens_ac_Fe+Updated.xml	obj	R_G3PD2	optimal	0.047322
cbmpy	Gmetallireducens_ac_Fe+Updated.xml	obj	R_G3PDr	optimal	0.047322
cbmpy	Gmetallireducens_ac_Fe+Updated.xml	obj	R_G5SADs	optimal	0.0
cbmpy	Gmetallireducens_ac_Fe+Updated.xml	obj	R_G5SD	optimal	0.0
cbmpy	Gmetallireducens_ac_Fe+Updated.xml	obj	R_G6PDH2r	optimal	0.047322
cbmpy	Gmetallireducens_ac_Fe+Updated.xml	obj	R_GALU	optimal	0.0
cbmpy	Gmetallireducens_ac_Fe+Updated.xml	obj	R_GALURt2pp	optimal	0.047322
cbmpy	Gmetallireducens_ac_Fe+Updated.xml	obj	R_GALURtex	optimal	0.047322
cbmpy	Gmetallireducens_ac_Fe+Updated.xml	obj	R_GAPD	optimal	0.0
cbmpy	Gmetallireducens_ac_Fe+Updated.xml	obj	R_GARFT	optimal	0.046994
cbmpy	Gmetallireducens_ac_Fe+Updated.xml	obj	R_GART	optimal	0.047322
cbmpy	Gmetallireducens_ac_Fe+Updated.xml	obj	R_GCALDD	optimal	0.0
cbmpy	Gmetallireducens_ac_Fe+Updated.xml	obj	R_GCCa	optimal	0.047321
cbmpy	Gmetallireducens_ac_Fe+Updated.xml	obj	R_GCCb	optimal	0.047321
cbmpy	Gmetallireducens_ac_Fe+Updated.xml	obj	R_GCCc	optimal	0.047321
cbmpy	Gmetallireducens_ac_Fe+Updated.xml	obj	R_GDMANE	optimal	0.047322
cbmpy	Gmetallireducens_ac_Fe+Updated.xml	obj	R_GDPDPK	optimal	0.047322
cbmpy	Gmetallireducens_ac_Fe+Updated.xml	obj	R_GDPTPDP	optimal	0.047322
cbmpy	Gmetallireducens_ac_Fe+Updated.xml	obj	R_GF6PTA	optimal	-0.0
cbmpy	Gmetallireducens_ac_Fe+Updated.xml	obj	R_GHBDHy	optimal	0.047322
cbmpy	Gmetallireducens_ac_Fe+Updated.xml	obj	R_GHMT2r	optimal	0.046174
cbmpy	Gmetallireducens_ac_Fe+Updated.xml	obj	R_GK1	optimal	-0.0
cbmpy	Gmetallireducens_ac_Fe+Updated.xml	obj	R_GLA	optimal	0.047322
cbmpy	Gmetallireducens_ac_Fe+Updated.xml	obj	R_GLCP	optimal	0.047322
cbmpy	Gmetallireducens_ac_Fe+Updated.xml	obj	R_GLCS1	optimal	-0.0
cbmpy	Gmetallireducens_ac_Fe+Updated.xml	obj	R_GLCTR4	optimal	-0.0
cbmpy	Gmetallireducens_ac_Fe+Updated.xml	obj	R_GLCTR4N	optimal	0.047322
cbmpy	Gmetallireducens_ac_Fe+Updated.xml	obj	R_GLCURt2pp	optimal	0.047322
cbmpy	Gmetallireducens_ac_Fe+Updated.xml	obj	R_GLCURtex	optimal	0.047322
cbmpy	Gmetallireducens_ac_Fe+Updated.xml	obj	R_GLGC	optimal	-0.0
cbmpy	Gmetallireducens_ac_Fe+Updated.xml	obj	R_GLNS	optimal	-0.0
cbmpy	Gmetallireducens_ac_Fe+Updated.xml	obj	R_GLNTRS	optimal	0.047322
cbmpy	Gmetallireducens_ac_Fe+Updated.xml	obj	R_GLU5K	optimal	-0.0
cbmpy	Gmetallireducens_ac_Fe+Updated.xml	obj	R_GLUDy	optimal	0.045063
cbmpy	Gmetallireducens_ac_Fe+Updated.xml	obj	R_GLUPRT	optimal	-0.0
cbmpy	Gmetallireducens_ac_Fe+Updated.xml	obj	R_GLUR	optimal	-0.0
cbmpy	Gmetallireducens_ac_Fe+Updated.xml	obj	R_GLUSx	optimal	0.047322
cbmpy	Gmetallireducens_ac_Fe+Updated.xml	obj	R_GLUSz	optimal	0.047322
cbmpy	Gmetallireducens_ac_Fe+Updated.xml	obj	R_GLUTCOADHc	optimal	0.047322
cbmpy	Gmetallireducens_ac_Fe+Updated.xml	obj	R_GLUTRR	optimal	-0.0
cbmpy	Gmetallireducens_ac_Fe+Updated.xml	obj	R_GLUTRS	optimal	-0.0
cbmpy	Gmetallireducens_ac_Fe+Updated.xml	obj	R_GLYCLTDx	optimal	0.047322
cbmpy	Gmetallireducens_ac_Fe+Updated.xml	obj	R_GLYCTO3	optimal	-0.0
cbmpy	Gmetallireducens_ac_Fe+Updated.xml	obj	R_GLYCtex	optimal	0.047322
cbmpy	Gmetallireducens_ac_Fe+Updated.xml	obj	R_GLYCtpp	optimal	0.047307
cbmpy	Gmetallireducens_ac_Fe+Updated.xml	obj	R_GLYK	optimal	0.047306
cbmpy	Gmetallireducens_ac_Fe+Updated.xml	obj	R_GLYTA	optimal	-0.0
cbmpy	Gmetallireducens_ac_Fe+Updated.xml	obj	R_GLYTRS	optimal	0.047322
cbmpy	Gmetallireducens_ac_Fe+Updated.xml	obj	R_GM1LIPA3ODAex	optimal	0.047322
cbmpy	Gmetallireducens_ac_Fe+Updated.xml	obj	R_GM1LIPAabcpp	optimal	-0.0
cbmpy	Gmetallireducens_ac_Fe+Updated.xml	obj	R_GM1LIPAabctex	optimal	-0.0
cbmpy	Gmetallireducens_ac_Fe+Updated.xml	obj	R_GM2LIPAabcpp	optimal	0.047322
cbmpy	Gmetallireducens_ac_Fe+Updated.xml	obj	R_GM2LIPAabctex	optimal	0.047322
cbmpy	Gmetallireducens_ac_Fe+Updated.xml	obj	R_GMAND	optimal	0.047322
cbmpy	Gmetallireducens_ac_Fe+Updated.xml	obj	R_GMHEPAT	optimal	-0.0
cbmpy	Gmetallireducens_ac_Fe+Updated.xml	obj	R_GMHEPK	optimal	-0.0
cbmpy	Gmetallireducens_ac_Fe+Updated.xml	obj	R_GMHEPPA	optimal	-0.0
cbmpy	Gmetallireducens_ac_Fe+Updated.xml	obj	R_GMPS2	optimal	-0.0
cbmpy	Gmetallireducens_ac_Fe+Updated.xml	obj	R_GND	optimal	0.047322
cbmpy	Gmetallireducens_ac_Fe+Updated.xml	obj	R_GOFUCR	optimal	0.047322
cbmpy	Gmetallireducens_ac_Fe+Updated.xml	obj	R_GRTT	optimal	0.0
cbmpy	Gmetallireducens_ac_Fe+Updated.xml	obj	R_GTPCI	optimal	0.0
cbmpy	Gmetallireducens_ac_Fe+Updated.xml	obj	R_GTPCII2	optimal	0.0
cbmpy	Gmetallireducens_ac_Fe+Updated.xml	obj	R_GTPDPK	optimal	0.047322
cbmpy	Gmetallireducens_ac_Fe+Updated.xml	obj	R_GUAPRTr	optimal	0.047322
cbmpy	Gmetallireducens_ac_Fe+Updated.xml	obj	R_GUAt2pp	optimal	0.047322
cbmpy	Gmetallireducens_ac_Fe+Updated.xml	obj	R_GUAtex	optimal	0.047322
cbmpy	Gmetallireducens_ac_Fe+Updated.xml	obj	R_GUI1	optimal	0.047322
cbmpy	Gmetallireducens_ac_Fe+Updated.xml	obj	R_GUI2	optimal	0.047322
cbmpy	Gmetallireducens_ac_Fe+Updated.xml	obj	R_Gm_biomass_GS15_WT_79p20M	optimal	-0.0
cbmpy	Gmetallireducens_ac_Fe+Updated.xml	obj	R_Gm_biomass_GS15_core_79p20M	optimal	0.047322
cbmpy	Gmetallireducens_ac_Fe+Updated.xml	obj	R_H2Otex	infeasible	nan
cbmpy	Gmetallireducens_ac_Fe+Updated.xml	obj	R_H2Otpp	infeasible	nan
cbmpy	Gmetallireducens_ac_Fe+Updated.xml	obj	R_H2tex	optimal	0.047322
cbmpy	Gmetallireducens_ac_Fe+Updated.xml	obj	R_H2tpp	optimal	0.047322
cbmpy	Gmetallireducens_ac_Fe+Updated.xml	obj	R_HACD1	optimal	0.047322
cbmpy	Gmetallireducens_ac_Fe+Updated.xml	obj	R_HACD2	optimal	0.046521
cbmpy	Gmetallireducens_ac_Fe+Updated.xml	obj	R_HACD3	optimal	0.046521
cbmpy	Gmetallireducens_ac_Fe+Updated.xml	obj	R_HACD4	optimal	0.046521
cbmpy	Gmetallireducens_ac_Fe+Updated.xml	obj	R_HACD5	optimal	0.046521
cbmpy	Gmetallireducens_ac_Fe+Updated.xml	obj	R_HACD6	optimal	0.046521
cbmpy	Gmetallireducens_ac_Fe+Updated.xml	obj	R_HACD7	optimal	0.046848
cbmpy	Gmetallireducens_ac_Fe+Updated.xml	obj	R_HACD8	optimal	0.047322
cbmpy	Gmetallireducens_ac_Fe+Updated.xml	obj	R_HCITS	optimal	0.047322
cbmpy	Gmetallireducens_ac_Fe+Updated.xml	obj	R_HCO3E	optimal	-0.0
cbmpy	Gmetallireducens_ac_Fe+Updated.xml	obj	R_HDCAtexi	optimal	0.047322
cbmpy	Gmetallireducens_ac_Fe+Updated.xml	obj	R_HDCEAtexi	optimal	0.047322
cbmpy	Gmetallireducens_ac_Fe+Updated.xml	obj	R_HDR3	optimal	0.047322
cbmpy	Gmetallireducens_ac_Fe+Updated.xml	obj	R_HEMEOS	optimal	0.0
cbmpy	Gmetallireducens_ac_Fe+Updated.xml	obj	R_HEPT1	optimal	0.0
cbmpy	Gmetallireducens_ac_Fe+Updated.xml	obj	R_HEPT1N	optimal	0.047322
cbmpy	Gmetallireducens_ac_Fe+Updated.xml	obj	R_HEPT2	optimal	0.0
cbmpy	Gmetallireducens_ac_Fe+Updated.xml	obj	R_HEPT2N	optimal	0.047322
cbmpy	Gmetallireducens_ac_Fe+Updated.xml	obj	R_HEPT5	optimal	0.0
cbmpy	Gmetallireducens_ac_Fe+Updated.xml	obj	R_HEPT5N	optimal	0.047322
cbmpy	Gmetallireducens_ac_Fe+Updated.xml	obj	R_HEX1	optimal	0.047322
cbmpy	Gmetallireducens_ac_Fe+Updated.xml	obj	R_HEX4	optimal	0.047322
cbmpy	Gmetallireducens_ac_Fe+Updated.xml	obj	R_HEX7	optimal	0.047322
cbmpy	Gmetallireducens_ac_Fe+Updated.xml	obj	R_HGR	optimal	0.047322
cbmpy	Gmetallireducens_ac_Fe+Updated.xml	obj	R_HISTD	optimal	0.0
cbmpy	Gmetallireducens_ac_Fe+Updated.xml	obj	R_HISTP	optimal	-0.0
cbmpy	Gmetallireducens_ac_Fe+Updated.xml	obj	R_HISTRS	optimal	0.047322
cbmpy	Gmetallireducens_ac_Fe+Updated.xml	obj	R_HKtpp	optimal	0.047322
cbmpy	Gmetallireducens_ac_Fe+Updated.xml	obj	R_HMBS	optimal	-0.0
cbmpy	Gmetallireducens_ac_Fe+Updated.xml	obj	R_HMGL	optimal	0.047322
cbmpy	Gmetallireducens_ac_Fe+Updated.xml	obj	R_HMPK1	optimal	0.047322
cbmpy	Gmetallireducens_ac_Fe+Updated.xml	obj	R_HMPK2	optimal	0.047322
cbmpy	Gmetallireducens_ac_Fe+Updated.xml	obj	R_HMPK3	optimal	0.047322
cbmpy	Gmetallireducens_ac_Fe+Updated.xml	obj	R_HMPK4	optimal	0.047322
cbmpy	Gmetallireducens_ac_Fe+Updated.xml	obj	R_HMPSCD	optimal	0.047322
cbmpy	Gmetallireducens_ac_Fe+Updated.xml	obj	R_HOCCD	optimal	0.047322
cbmpy	Gmetallireducens_ac_Fe+Updated.xml	obj	R_HP5CD	optimal	0.047322
cbmpy	Gmetallireducens_ac_Fe+Updated.xml	obj	R_HPPK2	optimal	-0.0
cbmpy	Gmetallireducens_ac_Fe+Updated.xml	obj	R_HSDy	optimal	-0.0
cbmpy	Gmetallireducens_ac_Fe+Updated.xml	obj	R_HSERTA	optimal	-0.0
cbmpy	Gmetallireducens_ac_Fe+Updated.xml	obj	R_HSTPT	optimal	-0.0
cbmpy	Gmetallireducens_ac_Fe+Updated.xml	obj	R_HVCD	optimal	0.047322
cbmpy	Gmetallireducens_ac_Fe+Updated.xml	obj	R_HXANt2pp	optimal	0.047322
cbmpy	Gmetallireducens_ac_Fe+Updated.xml	obj	R_HXPRT	optimal	-0.0
cbmpy	Gmetallireducens_ac_Fe+Updated.xml	obj	R_HYD4pp	optimal	0.047322
cbmpy	Gmetallireducens_ac_Fe+Updated.xml	obj	R_HYXNtex	optimal	0.047322
cbmpy	Gmetallireducens_ac_Fe+Updated.xml	obj	R_Htex	infeasible	nan
cbmpy	Gmetallireducens_ac_Fe+Updated.xml	obj	R_I2FE2SR	optimal	0.047322
cbmpy	Gmetallireducens_ac_Fe+Updated.xml	obj	R_I2FE2SS	optimal	-0.0
cbmpy	Gmetallireducens_ac_Fe+Updated.xml	obj	R_I2FE2SS2	optimal	-0.0
cbmpy	Gmetallireducens_ac_Fe+Updated.xml	obj	R_I2FE2ST	optimal	-0.0
cbmpy	Gmetallireducens_ac_Fe+Updated.xml	obj	R_I4FE4SR	optimal	-0.0
cbmpy	Gmetallireducens_ac_Fe+Updated.xml	obj	R_I4FE4ST	optimal	-0.0
cbmpy	Gmetallireducens_ac_Fe+Updated.xml	obj	R_IBTMr	optimal	0.047322
cbmpy	Gmetallireducens_ac_Fe+Updated.xml	obj	R_IBTtex	optimal	0.047322
cbmpy	Gmetallireducens_ac_Fe+Updated.xml	obj	R_ICDHyr	infeasible	nan
cbmpy	Gmetallireducens_ac_Fe+Updated.xml	obj	R_ICYSDS	optimal	-0.0
cbmpy	Gmetallireducens_ac_Fe+Updated.xml	obj	R_IG3PS	optimal	-0.0
cbmpy	Gmetallireducens_ac_Fe+Updated.xml	obj	R_IGPDH	optimal	-0.0
cbmpy	Gmetallireducens_ac_Fe+Updated.xml	obj	R_IGPS	optimal	-0.0
cbmpy	Gmetallireducens_ac_Fe+Updated.xml	obj	R_ILETA	optimal	-0.0
cbmpy	Gmetallireducens_ac_Fe+Updated.xml	obj	R_ILETRS	optimal	0.047322
cbmpy	Gmetallireducens_ac_Fe+Updated.xml	obj	R_ILEabcpp	optimal	0.047322
cbmpy	Gmetallireducens_ac_Fe+Updated.xml	obj	R_ILEtex	optimal	0.047322
cbmpy	Gmetallireducens_ac_Fe+Updated.xml	obj	R_IMPC	optimal	-0.0
cbmpy	Gmetallireducens_ac_Fe+Updated.xml	obj	R_IMPD	optimal	-0.0
cbmpy	Gmetallireducens_ac_Fe+Updated.xml	obj	R_IOR2b	optimal	0.047322
cbmpy	Gmetallireducens_ac_Fe+Updated.xml	obj	R_IOR3b	optimal	0.047322
cbmpy	Gmetallireducens_ac_Fe+Updated.xml	obj	R_IORb	optimal	0.047322
cbmpy	Gmetallireducens_ac_Fe+Updated.xml	obj	R_IPDPS	optimal	-0.0
cbmpy	Gmetallireducens_ac_Fe+Updated.xml	obj	R_IPMD	optimal	-0.0
cbmpy	Gmetallireducens_ac_Fe+Updated.xml	obj	R_IPPMIa	optimal	-0.0
cbmpy	Gmetallireducens_ac_Fe+Updated.xml	obj	R_IPPMIb	optimal	-0.0
cbmpy	Gmetallireducens_ac_Fe+Updated.xml	obj	R_IPPS	optimal	-0.0
cbmpy	Gmetallireducens_ac_Fe+Updated.xml	obj	R_ISETACabcpp	optimal	0.047322
cbmpy	Gmetallireducens_ac_Fe+Updated.xml	obj	R_ISETACtex	optimal	0.047322
cbmpy	Gmetallireducens_ac_Fe+Updated.xml	obj	R_K2L4A3ODAex	optimal	0.047322
cbmpy	Gmetallireducens_ac_Fe+Updated.xml	obj	R_K2L4Aabcpp	optimal	0.047322
cbmpy	Gmetallireducens_ac_Fe+Updated.xml	obj	R_K2L4Aabctex	optimal	0.047322
cbmpy	Gmetallireducens_ac_Fe+Updated.xml	obj	R_KARA1	optimal	0.047322
cbmpy	Gmetallireducens_ac_Fe+Updated.xml	obj	R_KARA2	optimal	-0.0
cbmpy	Gmetallireducens_ac_Fe+Updated.xml	obj	R_KAS14	optimal	0.047322
cbmpy	Gmetallireducens_ac_Fe+Updated.xml	obj	R_KAS15	optimal	0.047322
cbmpy	Gmetallireducens_ac_Fe+Updated.xml	obj	R_KDOCT2	optimal	0.0
cbmpy	Gmetallireducens_ac_Fe+Updated.xml	obj	R_KDOPP	optimal	0.0
cbmpy	Gmetallireducens_ac_Fe+Updated.xml	obj	R_KDOPS	optimal	0.0
cbmpy	Gmetallireducens_ac_Fe+Updated.xml	obj	R_Kt2pp	optimal	0.046116
cbmpy	Gmetallireducens_ac_Fe+Updated.xml	obj	R_Kt3pp	optimal	0.047322
cbmpy	Gmetallireducens_ac_Fe+Updated.xml	obj	R_Ktex	optimal	0.0
cbmpy	Gmetallireducens_ac_Fe+Updated.xml	obj	R_LA4NTGM1pp	optimal	0.0
cbmpy	Gmetallireducens_ac_Fe+Updated.xml	obj	R_LA4NTGM2pp	optimal	0.047322
cbmpy	Gmetallireducens_ac_Fe+Updated.xml	obj	R_LACD	optimal	0.047322
cbmpy	Gmetallireducens_ac_Fe+Updated.xml	obj	R_LADGMDH	optimal	0.047322
cbmpy	Gmetallireducens_ac_Fe+Updated.xml	obj	R_LALGP	optimal	0.047322
cbmpy	Gmetallireducens_ac_Fe+Updated.xml	obj	R_LCD	optimal	0.047322
cbmpy	Gmetallireducens_ac_Fe+Updated.xml	obj	R_LCYSTabcpp	optimal	0.047322
cbmpy	Gmetallireducens_ac_Fe+Updated.xml	obj	R_LCYSTtex	optimal	0.047322
cbmpy	Gmetallireducens_ac_Fe+Updated.xml	obj	R_LDAPAT	optimal	0.0
cbmpy	Gmetallireducens_ac_Fe+Updated.xml	obj	R_LDGUNPD	optimal	0.047322
cbmpy	Gmetallireducens_ac_Fe+Updated.xml	obj	R_LEUTA	optimal	0.0
cbmpy	Gmetallireducens_ac_Fe+Updated.xml	obj	R_LEUTRS	optimal	0.047322
cbmpy	Gmetallireducens_ac_Fe+Updated.xml	obj	R_LEUabcpp	optimal	0.047322
cbmpy	Gmetallireducens_ac_Fe+Updated.xml	obj	R_LEUtex	optimal	0.047322
cbmpy	Gmetallireducens_ac_Fe+Updated.xml	obj	R_LIPA3ODAex	optimal	0.047322
cbmpy	Gmetallireducens_ac_Fe+Updated.xml	obj	R_LIPAabcpp	optimal	0.047322
cbmpy	Gmetallireducens_ac_Fe+Updated.xml	obj	R_LIPAabctex	optimal	0.047322
cbmpy	Gmetallireducens_ac_Fe+Updated.xml	obj	R_LPADSS	optimal	0.0
cbmpy	Gmetallireducens_ac_Fe+Updated.xml	obj	R_LPADSSN	optimal	0.047322
cbmpy	Gmetallireducens_ac_Fe+Updated.xml	obj	R_LPD5	optimal	0.047322
cbmpy	Gmetallireducens_ac_Fe+Updated.xml	obj	R_LYSTRS	optimal	0.047322
cbmpy	Gmetallireducens_ac_Fe+Updated.xml	obj	R_LYSt3pp	optimal	0.047322
cbmpy	Gmetallireducens_ac_Fe+Updated.xml	obj	R_LYStex	optimal	0.047322
cbmpy	Gmetallireducens_ac_Fe+Updated.xml	obj	R_LacR	optimal	0.047322
cbmpy	Gmetallireducens_ac_Fe+Updated.xml	obj	R_MACPD	optimal	0.047322
cbmpy	Gmetallireducens_ac_Fe+Updated.xml	obj	R_MALCOAMT	optimal	0.047322
cbmpy	Gmetallireducens_ac_Fe+Updated.xml	obj	R_MAN1PT	optimal	0.047322
cbmpy	Gmetallireducens_ac_Fe+Updated.xml	obj	R_MAN1PT2	optimal	0.047322
cbmpy	Gmetallireducens_ac_Fe+Updated.xml	obj	R_MAN6PI	optimal	0.047322
cbmpy	Gmetallireducens_ac_Fe+Updated.xml	obj	R_MBCOA	optimal	0.047322
cbmpy	Gmetallireducens_ac_Fe+Updated.xml	obj	R_MCCC	optimal	0.047322
cbmpy	Gmetallireducens_ac_Fe+Updated.xml	obj	R_MCITD	optimal	0.047322
cbmpy	Gmetallireducens_ac_Fe+Updated.xml	obj	R_MCITL2	optimal	0.047322
cbmpy	Gmetallireducens_ac_Fe+Updated.xml	obj	R_MCITS	optimal	0.047322
cbmpy	Gmetallireducens_ac_Fe+Updated.xml	obj	R_MCOATA	optimal	-0.0
cbmpy	Gmetallireducens_ac_Fe+Updated.xml	obj	R_MCSNAH	optimal	0.047322
cbmpy	Gmetallireducens_ac_Fe+Updated.xml	obj	R_MCTP1App	optimal	-0.0
cbmpy	Gmetallireducens_ac_Fe+Updated.xml	obj	R_MCTP1Bpp	optimal	0.047322
cbmpy	Gmetallireducens_ac_Fe+Updated.xml	obj	R_MCTP2App	optimal	-0.0
cbmpy	Gmetallireducens_ac_Fe+Updated.xml	obj	R_MDDCP1pp	optimal	-0.0
cbmpy	Gmetallireducens_ac_Fe+Updated.xml	obj	R_MDDCP2pp	optimal	-0.0
cbmpy	Gmetallireducens_ac_Fe+Updated.xml	obj	R_MDDCP3pp	optimal	0.047322
cbmpy	Gmetallireducens_ac_Fe+Updated.xml	obj	R_MDDCP4pp	optimal	0.047322
cbmpy	Gmetallireducens_ac_Fe+Updated.xml	obj	R_MDDCP5pp	optimal	0.047322
cbmpy	Gmetallireducens_ac_Fe+Updated.xml	obj	R_MDDEP1pp	optimal	0.047322
cbmpy	Gmetallireducens_ac_Fe+Updated.xml	obj	R_MDDEP2pp	optimal	0.047322
cbmpy	Gmetallireducens_ac_Fe+Updated.xml	obj	R_MDDEP3pp	optimal	0.047322
cbmpy	Gmetallireducens_ac_Fe+Updated.xml	obj	R_MDDEP4pp	optimal	0.047322
cbmpy	Gmetallireducens_ac_Fe+Updated.xml	obj	R_MDH	infeasible	nan
cbmpy	Gmetallireducens_ac_Fe+Updated.xml	obj	R_ME2	optimal	0.047322
cbmpy	Gmetallireducens_ac_Fe+Updated.xml	obj	R_MECDPDH4	optimal	-0.0
cbmpy	Gmetallireducens_ac_Fe+Updated.xml	obj	R_MECDPS	optimal	-0.0
cbmpy	Gmetallireducens_ac_Fe+Updated.xml	obj	R_MEOHtex	optimal	0.047322
cbmpy	Gmetallireducens_ac_Fe+Updated.xml	obj	R_MEOHtrpp	optimal	0.047322
cbmpy	Gmetallireducens_ac_Fe+Updated.xml	obj	R_MEPCT	optimal	-0.0
cbmpy	Gmetallireducens_ac_Fe+Updated.xml	obj	R_METACH	optimal	-0.0
cbmpy	Gmetallireducens_ac_Fe+Updated.xml	obj	R_METAT	optimal	-0.0
cbmpy	Gmetallireducens_ac_Fe+Updated.xml	obj	R_METOX1s	optimal	0.047322
cbmpy	Gmetallireducens_ac_Fe+Updated.xml	obj	R_METOX2s	optimal	0.047322
cbmpy	Gmetallireducens_ac_Fe+Updated.xml	obj	R_METS	optimal	-0.0
cbmpy	Gmetallireducens_ac_Fe+Updated.xml	obj	R_METSOXR1	optimal	0.047322
cbmpy	Gmetallireducens_ac_Fe+Updated.xml	obj	R_METSOXR2	optimal	0.047322
cbmpy	Gmetallireducens_ac_Fe+Updated.xml	obj	R_METTRS	optimal	0.047322
cbmpy	Gmetallireducens_ac_Fe+Updated.xml	obj	R_MG2tex	optimal	-0.0
cbmpy	Gmetallireducens_ac_Fe+Updated.xml	obj	R_MG2uabcpp	optimal	0.047322
cbmpy	Gmetallireducens_ac_Fe+Updated.xml	obj	R_MGCHr	optimal	0.047322
cbmpy	Gmetallireducens_ac_Fe+Updated.xml	obj	R_MGt2pp	optimal	0.047321
cbmpy	Gmetallireducens_ac_Fe+Updated.xml	obj	R_MICITD	optimal	0.047322
cbmpy	Gmetallireducens_ac_Fe+Updated.xml	obj	R_MLDCP1App	optimal	-0.0
cbmpy	Gmetallireducens_ac_Fe+Updated.xml	obj	R_MLDCP1Bpp	optimal	0.047322
cbmpy	Gmetallireducens_ac_Fe+Updated.xml	obj	R_MLDCP2App	optimal	0.047322
cbmpy	Gmetallireducens_ac_Fe+Updated.xml	obj	R_MLDCP2Bpp	optimal	0.047322
cbmpy	Gmetallireducens_ac_Fe+Updated.xml	obj	R_MLDCP3App	optimal	0.047322
cbmpy	Gmetallireducens_ac_Fe+Updated.xml	obj	R_MLDEP1pp	optimal	0.047322
cbmpy	Gmetallireducens_ac_Fe+Updated.xml	obj	R_MLDEP2pp	optimal	0.047322
cbmpy	Gmetallireducens_ac_Fe+Updated.xml	obj	R_MLTGY1pp	optimal	0.047322
cbmpy	Gmetallireducens_ac_Fe+Updated.xml	obj	R_MLTGY2pp	optimal	0.047322
cbmpy	Gmetallireducens_ac_Fe+Updated.xml	obj	R_MLTGY3pp	optimal	0.047322
cbmpy	Gmetallireducens_ac_Fe+Updated.xml	obj	R_MLTGY4pp	optimal	0.047322
cbmpy	Gmetallireducens_ac_Fe+Updated.xml	obj	R_MME	optimal	0.047322
cbmpy	Gmetallireducens_ac_Fe+Updated.xml	obj	R_MMM2r	optimal	0.047322
cbmpy	Gmetallireducens_ac_Fe+Updated.xml	obj	R_MNCYT	optimal	0.047322
cbmpy	Gmetallireducens_ac_Fe+Updated.xml	obj	R_MNabcpp	optimal	-0.0
cbmpy	Gmetallireducens_ac_Fe+Updated.xml	obj	R_MNtex	optimal	-0.0
cbmpy	Gmetallireducens_ac_Fe+Updated.xml	obj	R_MOADSUx	optimal	-0.0
cbmpy	Gmetallireducens_ac_Fe+Updated.xml	obj	R_MOAT	optimal	-0.0
cbmpy	Gmetallireducens_ac_Fe+Updated.xml	obj	R_MOAT2	optimal	-0.0
cbmpy	Gmetallireducens_ac_Fe+Updated.xml	obj	R_MOAT2N	optimal	0.047322
cbmpy	Gmetallireducens_ac_Fe+Updated.xml	obj	R_MOATN	optimal	0.047322
cbmpy	Gmetallireducens_ac_Fe+Updated.xml	obj	R_MOBDabcpp	optimal	-0.0
cbmpy	Gmetallireducens_ac_Fe+Updated.xml	obj	R_MOBDtex	optimal	-0.0
cbmpy	Gmetallireducens_ac_Fe+Updated.xml	obj	R_MOCOS	optimal	-0.0
cbmpy	Gmetallireducens_ac_Fe+Updated.xml	obj	R_MOGDS	optimal	0.047322
cbmpy	Gmetallireducens_ac_Fe+Updated.xml	obj	R_MOHMT	optimal	0.0
cbmpy	Gmetallireducens_ac_Fe+Updated.xml	obj	R_MOSDC	optimal	0.047104
cbmpy	Gmetallireducens_ac_Fe+Updated.xml	obj	R_MOTH1	optimal	0.047322
cbmpy	Gmetallireducens_ac_Fe+Updated.xml	obj	R_MOTH2	optimal	0.047322
cbmpy	Gmetallireducens_ac_Fe+Updated.xml	obj	R_MOTH3	optimal	0.047322
cbmpy	Gmetallireducens_ac_Fe+Updated.xml	obj	R_MOTH4	optimal	0.047322
cbmpy	Gmetallireducens_ac_Fe+Updated.xml	obj	R_MOTS1	optimal	0.047322
cbmpy	Gmetallireducens_ac_Fe+Updated.xml	obj	R_MOTS2	optimal	0.047322
cbmpy	Gmetallireducens_ac_Fe+Updated.xml	obj	R_MOTS3	optimal	0.047322
cbmpy	Gmetallireducens_ac_Fe+Updated.xml	obj	R_MOTS4	optimal	0.047322
cbmpy	Gmetallireducens_ac_Fe+Updated.xml	obj	R_MPTAT	optimal	-0.0
cbmpy	Gmetallireducens_ac_Fe+Updated.xml	obj	R_MPTG	optimal	-0.0
cbmpy	Gmetallireducens_ac_Fe+Updated.xml	obj	R_MPTG2	optimal	-0.0
cbmpy	Gmetallireducens_ac_Fe+Updated.xml	obj	R_MPTS	optimal	-0.0
cbmpy	Gmetallireducens_ac_Fe+Updated.xml	obj	R_MPTSS	optimal	-0.0
cbmpy	Gmetallireducens_ac_Fe+Updated.xml	obj	R_MSO3abcpp	optimal	0.047322
cbmpy	Gmetallireducens_ac_Fe+Updated.xml	obj	R_MSO3tex	optimal	0.047322
cbmpy	Gmetallireducens_ac_Fe+Updated.xml	obj	R_MTAP	optimal	0.047322
cbmpy	Gmetallireducens_ac_Fe+Updated.xml	obj	R_MTHFC	optimal	0.046478
cbmpy	Gmetallireducens_ac_Fe+Updated.xml	obj	R_MTHFD	optimal	0.046478
cbmpy	Gmetallireducens_ac_Fe+Updated.xml	obj	R_MTHFR	optimal	0.047322
cbmpy	Gmetallireducens_ac_Fe+Updated.xml	obj	R_MTHFR3	optimal	0.047322
cbmpy	Gmetallireducens_ac_Fe+Updated.xml	obj	R_MTI	optimal	0.047322
cbmpy	Gmetallireducens_ac_Fe+Updated.xml	obj	R_MTRIi	optimal	0.047322
cbmpy	Gmetallireducens_ac_Fe+Updated.xml	obj	R_N2OR	optimal	0.047322
cbmpy	Gmetallireducens_ac_Fe+Updated.xml	obj	R_N2tex	optimal	0.047322
cbmpy	Gmetallireducens_ac_Fe+Updated.xml	obj	R_N2trpp	optimal	0.047322
cbmpy	Gmetallireducens_ac_Fe+Updated.xml	obj	R_NADFADOR	optimal	0.047322
cbmpy	Gmetallireducens_ac_Fe+Updated.xml	obj	R_NADH10	optimal	0.047322
cbmpy	Gmetallireducens_ac_Fe+Updated.xml	obj	R_NADH17pp	infeasible	nan
cbmpy	Gmetallireducens_ac_Fe+Updated.xml	obj	R_NADK	optimal	-0.0
cbmpy	Gmetallireducens_ac_Fe+Updated.xml	obj	R_NADPC	optimal	0.047322
cbmpy	Gmetallireducens_ac_Fe+Updated.xml	obj	R_NADPHQR3	optimal	0.047322
cbmpy	Gmetallireducens_ac_Fe+Updated.xml	obj	R_NADS1	optimal	-0.0
cbmpy	Gmetallireducens_ac_Fe+Updated.xml	obj	R_NAD_H2	optimal	0.047322
cbmpy	Gmetallireducens_ac_Fe+Updated.xml	obj	R_NAMNPP	optimal	-0.0
cbmpy	Gmetallireducens_ac_Fe+Updated.xml	obj	R_NAt3_2pp	optimal	0.047322
cbmpy	Gmetallireducens_ac_Fe+Updated.xml	obj	R_NAtex	optimal	0.047322
cbmpy	Gmetallireducens_ac_Fe+Updated.xml	obj	R_NDPK1	optimal	0.047322
cbmpy	Gmetallireducens_ac_Fe+Updated.xml	obj	R_NDPK2	optimal	-0.0
cbmpy	Gmetallireducens_ac_Fe+Updated.xml	obj	R_NDPK3	optimal	0.04727
cbmpy	Gmetallireducens_ac_Fe+Updated.xml	obj	R_NDPK4	optimal	-0.0
cbmpy	Gmetallireducens_ac_Fe+Updated.xml	obj	R_NDPK5	optimal	-0.0
cbmpy	Gmetallireducens_ac_Fe+Updated.xml	obj	R_NDPK6	optimal	0.047322
cbmpy	Gmetallireducens_ac_Fe+Updated.xml	obj	R_NDPK7	optimal	-0.0
cbmpy	Gmetallireducens_ac_Fe+Updated.xml	obj	R_NDPK8	optimal	-0.0
cbmpy	Gmetallireducens_ac_Fe+Updated.xml	obj	R_NH4t4pp	optimal	0.030496
cbmpy	Gmetallireducens_ac_Fe+Updated.xml	obj	R_NH4tex	optimal	0.030496
cbmpy	Gmetallireducens_ac_Fe+Updated.xml	obj	R_NI2t4pp	optimal	0.047322
cbmpy	Gmetallireducens_ac_Fe+Updated.xml	obj	R_NI2tex	optimal	-0.0
cbmpy	Gmetallireducens_ac_Fe+Updated.xml	obj	R_NI2uabcpp	optimal	-0.0
cbmpy	Gmetallireducens_ac_Fe+Updated.xml	obj	R_NIT1b	optimal	0.047322
cbmpy	Gmetallireducens_ac_Fe+Updated.xml	obj	R_NNAM	optimal	0.047322
cbmpy	Gmetallireducens_ac_Fe+Updated.xml	obj	R_NNAT	optimal	-0.0
cbmpy	Gmetallireducens_ac_Fe+Updated.xml	obj	R_NNDMBRT	optimal	-0.0
cbmpy	Gmetallireducens_ac_Fe+Updated.xml	obj	R_NNDPR	optimal	0.0
cbmpy	Gmetallireducens_ac_Fe+Updated.xml	obj	R_NO2tex	optimal	0.047322
cbmpy	Gmetallireducens_ac_Fe+Updated.xml	obj	R_NO3R2pp	optimal	0.047322
cbmpy	Gmetallireducens_ac_Fe+Updated.xml	obj	R_NO3R3pp	optimal	0.047322
cbmpy	Gmetallireducens_ac_Fe+Updated.xml	obj	R_NO3t2pp	optimal	0.047322
cbmpy	Gmetallireducens_ac_Fe+Updated.xml	obj	R_NO3t7pp	optimal	0.047322
cbmpy	Gmetallireducens_ac_Fe+Updated.xml	obj	R_NO3tex	optimal	0.047322
cbmpy	Gmetallireducens_ac_Fe+Updated.xml	obj	R_NORRDX	optimal	0.047322
cbmpy	Gmetallireducens_ac_Fe+Updated.xml	obj	R_NORZpp	optimal	0.047322
cbmpy	Gmetallireducens_ac_Fe+Updated.xml	obj	R_NPPDO	optimal	0.047322
cbmpy	Gmetallireducens_ac_Fe+Updated.xml	obj	R_NTPP1	optimal	0.047322
cbmpy	Gmetallireducens_ac_Fe+Updated.xml	obj	R_NTPP10	optimal	0.047322
cbmpy	Gmetallireducens_ac_Fe+Updated.xml	obj	R_NTPP11	optimal	0.047322
cbmpy	Gmetallireducens_ac_Fe+Updated.xml	obj	R_NTPP2	optimal	0.047322
cbmpy	Gmetallireducens_ac_Fe+Updated.xml	obj	R_NTPP3	optimal	0.047322
cbmpy	Gmetallireducens_ac_Fe+Updated.xml	obj	R_NTPP4	optimal	0.047322
cbmpy	Gmetallireducens_ac_Fe+Updated.xml	obj	R_NTPP5	optimal	0.047322
cbmpy	Gmetallireducens_ac_Fe+Updated.xml	obj	R_NTPP6	optimal	0.047322
cbmpy	Gmetallireducens_ac_Fe+Updated.xml	obj	R_NTPP7	optimal	0.047322
cbmpy	Gmetallireducens_ac_Fe+Updated.xml	obj	R_NTPP8	optimal	0.047322
cbmpy	Gmetallireducens_ac_Fe+Updated.xml	obj	R_NTPTP1	optimal	0.047322
cbmpy	Gmetallireducens_ac_Fe+Updated.xml	obj	R_NTRIR4pp	optimal	0.047322
cbmpy	Gmetallireducens_ac_Fe+Updated.xml	obj	R_NTRIRfcpp	optimal	0.047322
cbmpy	Gmetallireducens_ac_Fe+Updated.xml	obj	R_OBDHc	optimal	0.047322
cbmpy	Gmetallireducens_ac_Fe+Updated.xml	obj	R_OCBT	optimal	-0.0
cbmpy	Gmetallireducens_ac_Fe+Updated.xml	obj	R_OCDCAtexi	optimal	0.047322
cbmpy	Gmetallireducens_ac_Fe+Updated.xml	obj	R_OCDCEAtexi	optimal	0.047322
cbmpy	Gmetallireducens_ac_Fe+Updated.xml	obj	R_OCHCCH	optimal	0.047322
cbmpy	Gmetallireducens_ac_Fe+Updated.xml	obj	R_OCOAT1r	optimal	0.047322
cbmpy	Gmetallireducens_ac_Fe+Updated.xml	obj	R_OCOAT2r	optimal	0.047322
cbmpy	Gmetallireducens_ac_Fe+Updated.xml	obj	R_OCOAT3r	optimal	0.047322
cbmpy	Gmetallireducens_ac_Fe+Updated.xml	obj	R_OCTDPS	optimal	-0.0
cbmpy	Gmetallireducens_ac_Fe+Updated.xml	obj	R_OGCOAAT	optimal	0.047322
cbmpy	Gmetallireducens_ac_Fe+Updated.xml	obj	R_OGMEACPD	optimal	0.047322
cbmpy	Gmetallireducens_ac_Fe+Updated.xml	obj	R_OGMEACPR	optimal	0.047322
cbmpy	Gmetallireducens_ac_Fe+Updated.xml	obj	R_OGMEACPS	optimal	0.047322
cbmpy	Gmetallireducens_ac_Fe+Updated.xml	obj	R_OHPBAT	optimal	-0.0
cbmpy	Gmetallireducens_ac_Fe+Updated.xml	obj	R_OIVD1	optimal	0.047322
cbmpy	Gmetallireducens_ac_Fe+Updated.xml	obj	R_OIVD2	optimal	0.047322
cbmpy	Gmetallireducens_ac_Fe+Updated.xml	obj	R_OIVD3	optimal	0.047322
cbmpy	Gmetallireducens_ac_Fe+Updated.xml	obj	R_OMCDC	optimal	-0.0
cbmpy	Gmetallireducens_ac_Fe+Updated.xml	obj	R_OMCPPCI	optimal	0.047322
cbmpy	Gmetallireducens_ac_Fe+Updated.xml	obj	R_OMCPPCI2	optimal	0.047322
cbmpy	Gmetallireducens_ac_Fe+Updated.xml	obj	R_OMCPPCO	infeasible	nan
cbmpy	Gmetallireducens_ac_Fe+Updated.xml	obj	R_OMPDC	optimal	-0.0
cbmpy	Gmetallireducens_ac_Fe+Updated.xml	obj	R_OOR2r	optimal	0.047322
cbmpy	Gmetallireducens_ac_Fe+Updated.xml	obj	R_OPMEACPD	optimal	0.047322
cbmpy	Gmetallireducens_ac_Fe+Updated.xml	obj	R_OPMEACPR	optimal	0.047322
cbmpy	Gmetallireducens_ac_Fe+Updated.xml	obj	R_OPMEACPS	optimal	0.047322
cbmpy	Gmetallireducens_ac_Fe+Updated.xml	obj	R_ORNTAC	optimal	-0.0
cbmpy	Gmetallireducens_ac_Fe+Updated.xml	obj	R_ORPT	optimal	-0.0
cbmpy	Gmetallireducens_ac_Fe+Updated.xml	obj	R_OXFOt4pp	optimal	0.047322
cbmpy	Gmetallireducens_ac_Fe+Updated.xml	obj	R_OXFOtex	optimal	0.047322
cbmpy	Gmetallireducens_ac_Fe+Updated.xml	obj	R_P5CD	optimal	0.047322
cbmpy	Gmetallireducens_ac_Fe+Updated.xml	obj	R_P5CR	optimal	-0.0
cbmpy	Gmetallireducens_ac_Fe+Updated.xml	obj	R_PA120abcpp	optimal	0.047322
cbmpy	Gmetallireducens_ac_Fe+Updated.xml	obj	R_PA140abcpp	optimal	0.047322
cbmpy	Gmetallireducens_ac_Fe+Updated.xml	obj	R_PA141abcpp	optimal	0.047322
cbmpy	Gmetallireducens_ac_Fe+Updated.xml	obj	R_PA160abcpp	optimal	0.047322
cbmpy	Gmetallireducens_ac_Fe+Updated.xml	obj	R_PA161abcpp	optimal	0.047322
cbmpy	Gmetallireducens_ac_Fe+Updated.xml	obj	R_PA180abcpp	optimal	0.047322
cbmpy	Gmetallireducens_ac_Fe+Updated.xml	obj	R_PA181abcpp	optimal	0.047322
cbmpy	Gmetallireducens_ac_Fe+Updated.xml	obj	R_PACCOAL	optimal	0.047322
cbmpy	Gmetallireducens_ac_Fe+Updated.xml	obj	R_PACCOAL2	optimal	0.047322
cbmpy	Gmetallireducens_ac_Fe+Updated.xml	obj	R_PACCOAL3	optimal	0.047322
cbmpy	Gmetallireducens_ac_Fe+Updated.xml	obj	R_PANTS	optimal	0.0
cbmpy	Gmetallireducens_ac_Fe+Updated.xml	obj	R_PAPPT3	optimal	-0.0
cbmpy	Gmetallireducens_ac_Fe+Updated.xml	obj	R_PBUTT	optimal	0.047322
cbmpy	Gmetallireducens_ac_Fe+Updated.xml	obj	R_PC	optimal	0.047322
cbmpy	Gmetallireducens_ac_Fe+Updated.xml	obj	R_PCMEH2pp	optimal	0.047322
cbmpy	Gmetallireducens_ac_Fe+Updated.xml	obj	R_PCMEH3pp	optimal	0.047322
cbmpy	Gmetallireducens_ac_Fe+Updated.xml	obj	R_PDE1	optimal	0.047322
cbmpy	Gmetallireducens_ac_Fe+Updated.xml	obj	R_PDH	optimal	0.047322
cbmpy	Gmetallireducens_ac_Fe+Updated.xml	obj	R_PDX5PO2	optimal	-0.0
cbmpy	Gmetallireducens_ac_Fe+Updated.xml	obj	R_PDX5PS	optimal	-0.0
cbmpy	Gmetallireducens_ac_Fe+Updated.xml	obj	R_PE120abcpp	optimal	0.047322
cbmpy	Gmetallireducens_ac_Fe+Updated.xml	obj	R_PE140abcpp	optimal	-0.0
cbmpy	Gmetallireducens_ac_Fe+Updated.xml	obj	R_PE141abcpp	optimal	0.047322
cbmpy	Gmetallireducens_ac_Fe+Updated.xml	obj	R_PE160abcpp	optimal	-0.0
cbmpy	Gmetallireducens_ac_Fe+Updated.xml	obj	R_PE161abcpp	optimal	-0.0
cbmpy	Gmetallireducens_ac_Fe+Updated.xml	obj	R_PE180abcpp	optimal	0.047322
cbmpy	Gmetallireducens_ac_Fe+Updated.xml	obj	R_PE181abcpp	optimal	-0.0
cbmpy	Gmetallireducens_ac_Fe+Updated.xml	obj	R_PEPCK	optimal	0.047322
cbmpy	Gmetallireducens_ac_Fe+Updated.xml	obj	R_PERD	optimal	-0.0
cbmpy	Gmetallireducens_ac_Fe+Updated.xml	obj	R_PFK	optimal	0.047322
cbmpy	Gmetallireducens_ac_Fe+Updated.xml	obj	R_PG120abcpp	optimal	0.047322
cbmpy	Gmetallireducens_ac_Fe+Updated.xml	obj	R_PG140abcpp	optimal	0.047322
cbmpy	Gmetallireducens_ac_Fe+Updated.xml	obj	R_PG141abcpp	optimal	0.047322
cbmpy	Gmetallireducens_ac_Fe+Updated.xml	obj	R_PG160abcpp	optimal	0.047321
cbmpy	Gmetallireducens_ac_Fe+Updated.xml	obj	R_PG161abcpp	optimal	0.047321
cbmpy	Gmetallireducens_ac_Fe+Updated.xml	obj	R_PG180abcpp	optimal	0.047322
cbmpy	Gmetallireducens_ac_Fe+Updated.xml	obj	R_PG181abcpp	optimal	0.047322
cbmpy	Gmetallireducens_ac_Fe+Updated.xml	obj	R_PGAMT	optimal	-0.0
cbmpy	Gmetallireducens_ac_Fe+Updated.xml	obj	R_PGCD	optimal	0.0
cbmpy	Gmetallireducens_ac_Fe+Updated.xml	obj	R_PGI	optimal	0.0
cbmpy	Gmetallireducens_ac_Fe+Updated.xml	obj	R_PGK	optimal	0.0
cbmpy	Gmetallireducens_ac_Fe+Updated.xml	obj	R_PGL	optimal	0.047322
cbmpy	Gmetallireducens_ac_Fe+Updated.xml	obj	R_PGLUSYN	optimal	0.047322
cbmpy	Gmetallireducens_ac_Fe+Updated.xml	obj	R_PGM	optimal	0.0
cbmpy	Gmetallireducens_ac_Fe+Updated.xml	obj	R_PGMT	optimal	0.0
cbmpy	Gmetallireducens_ac_Fe+Updated.xml	obj	R_PGP120abcpp	optimal	0.047322
cbmpy	Gmetallireducens_ac_Fe+Updated.xml	obj	R_PGP140abcpp	optimal	0.047322
cbmpy	Gmetallireducens_ac_Fe+Updated.xml	obj	R_PGP141abcpp	optimal	0.047322
cbmpy	Gmetallireducens_ac_Fe+Updated.xml	obj	R_PGP160abcpp	optimal	0.047322
cbmpy	Gmetallireducens_ac_Fe+Updated.xml	obj	R_PGP161abcpp	optimal	0.047322
cbmpy	Gmetallireducens_ac_Fe+Updated.xml	obj	R_PGP180abcpp	optimal	0.047322
cbmpy	Gmetallireducens_ac_Fe+Updated.xml	obj	R_PGP181abcpp	optimal	0.047322
cbmpy	Gmetallireducens_ac_Fe+Updated.xml	obj	R_PGPP120	optimal	0.047322
cbmpy	Gmetallireducens_ac_Fe+Updated.xml	obj	R_PGPP120pp	optimal	0.047322
cbmpy	Gmetallireducens_ac_Fe+Updated.xml	obj	R_PGPP140	optimal	0.0
cbmpy	Gmetallireducens_ac_Fe+Updated.xml	obj	R_PGPP140pp	optimal	0.047322
cbmpy	Gmetallireducens_ac_Fe+Updated.xml	obj	R_PGPP141	optimal	0.047322
cbmpy	Gmetallireducens_ac_Fe+Updated.xml	obj	R_PGPP141pp	optimal	0.047322
cbmpy	Gmetallireducens_ac_Fe+Updated.xml	obj	R_PGPP160	optimal	0.0
cbmpy	Gmetallireducens_ac_Fe+Updated.xml	obj	R_PGPP160pp	optimal	0.047322
cbmpy	Gmetallireducens_ac_Fe+Updated.xml	obj	R_PGPP161	optimal	0.0
cbmpy	Gmetallireducens_ac_Fe+Updated.xml	obj	R_PGPP161pp	optimal	0.047322
cbmpy	Gmetallireducens_ac_Fe+Updated.xml	obj	R_PGPP180	optimal	0.047322
cbmpy	Gmetallireducens_ac_Fe+Updated.xml	obj	R_PGPP180pp	optimal	0.047322
cbmpy	Gmetallireducens_ac_Fe+Updated.xml	obj	R_PGPP181	optimal	0.0
cbmpy	Gmetallireducens_ac_Fe+Updated.xml	obj	R_PGPP181pp	optimal	0.047322
cbmpy	Gmetallireducens_ac_Fe+Updated.xml	obj	R_PGSA120	optimal	0.047322
cbmpy	Gmetallireducens_ac_Fe+Updated.xml	obj	R_PGSA140	optimal	0.0
cbmpy	Gmetallireducens_ac_Fe+Updated.xml	obj	R_PGSA141	optimal	0.047322
cbmpy	Gmetallireducens_ac_Fe+Updated.xml	obj	R_PGSA160	optimal	-0.0
cbmpy	Gmetallireducens_ac_Fe+Updated.xml	obj	R_PGSA161	optimal	-0.0
cbmpy	Gmetallireducens_ac_Fe+Updated.xml	obj	R_PGSA180	optimal	0.047322
cbmpy	Gmetallireducens_ac_Fe+Updated.xml	obj	R_PGSA181	optimal	-0.0
cbmpy	Gmetallireducens_ac_Fe+Updated.xml	obj	R_PHBEALD	optimal	0.047322
cbmpy	Gmetallireducens_ac_Fe+Updated.xml	obj	R_PHENOLt2pp	optimal	0.047322
cbmpy	Gmetallireducens_ac_Fe+Updated.xml	obj	R_PHENOLtex	optimal	0.047322
cbmpy	Gmetallireducens_ac_Fe+Updated.xml	obj	R_PHEPC	optimal	0.047322
cbmpy	Gmetallireducens_ac_Fe+Updated.xml	obj	R_PHEPS	optimal	0.047322
cbmpy	Gmetallireducens_ac_Fe+Updated.xml	obj	R_PHETA1	optimal	-0.0
cbmpy	Gmetallireducens_ac_Fe+Updated.xml	obj	R_PHETRS	optimal	0.047322
cbmpy	Gmetallireducens_ac_Fe+Updated.xml	obj	R_PICH	optimal	0.047322
cbmpy	Gmetallireducens_ac_Fe+Updated.xml	obj	R_PIt2rpp	optimal	0.04715
cbmpy	Gmetallireducens_ac_Fe+Updated.xml	obj	R_PIt7ipp	optimal	0.047322
cbmpy	Gmetallireducens_ac_Fe+Updated.xml	obj	R_PItex	optimal	-0.0
cbmpy	Gmetallireducens_ac_Fe+Updated.xml	obj	R_PIuabcpp	optimal	0.047322
cbmpy	Gmetallireducens_ac_Fe+Updated.xml	obj	R_PMANM	optimal	0.047322
cbmpy	Gmetallireducens_ac_Fe+Updated.xml	obj	R_PMDPHT	optimal	-0.0
cbmpy	Gmetallireducens_ac_Fe+Updated.xml	obj	R_PMEACPE	optimal	0.047322
cbmpy	Gmetallireducens_ac_Fe+Updated.xml	obj	R_PMPK	optimal	-0.0
cbmpy	Gmetallireducens_ac_Fe+Updated.xml	obj	R_PNTK	optimal	0.0
cbmpy	Gmetallireducens_ac_Fe+Updated.xml	obj	R_POR	optimal	0.047322
cbmpy	Gmetallireducens_ac_Fe+Updated.xml	obj	R_POR3b	optimal	0.047322
cbmpy	Gmetallireducens_ac_Fe+Updated.xml	obj	R_POR5	optimal	0.047322
cbmpy	Gmetallireducens_ac_Fe+Updated.xml	obj	R_PPA	optimal	0.047322
cbmpy	Gmetallireducens_ac_Fe+Updated.xml	obj	R_PPA2	optimal	0.047322
cbmpy	Gmetallireducens_ac_Fe+Updated.xml	obj	R_PPAAFDOR	optimal	0.047322
cbmpy	Gmetallireducens_ac_Fe+Updated.xml	obj	R_PPAKr	optimal	0.047322
cbmpy	Gmetallireducens_ac_Fe+Updated.xml	obj	R_PPA_1pp	optimal	0.047322
cbmpy	Gmetallireducens_ac_Fe+Updated.xml	obj	R_PPAt2pp	optimal	0.047322
cbmpy	Gmetallireducens_ac_Fe+Updated.xml	obj	R_PPAt4pp	optimal	0.047322
cbmpy	Gmetallireducens_ac_Fe+Updated.xml	obj	R_PPAtex	optimal	0.047322
cbmpy	Gmetallireducens_ac_Fe+Updated.xml	obj	R_PPBNGS	optimal	-0.0
cbmpy	Gmetallireducens_ac_Fe+Updated.xml	obj	R_PPC	optimal	0.047322
cbmpy	Gmetallireducens_ac_Fe+Updated.xml	obj	R_PPCCYTC1pp	infeasible	nan
cbmpy	Gmetallireducens_ac_Fe+Updated.xml	obj	R_PPCDC	optimal	-0.0
cbmpy	Gmetallireducens_ac_Fe+Updated.xml	obj	R_PPCK	optimal	0.047322
cbmpy	Gmetallireducens_ac_Fe+Updated.xml	obj	R_PPCOAC	optimal	0.047322
cbmpy	Gmetallireducens_ac_Fe+Updated.xml	obj	R_PPCSCTr	optimal	0.047322
cbmpy	Gmetallireducens_ac_Fe+Updated.xml	obj	R_PPDK	optimal	0.045865
cbmpy	Gmetallireducens_ac_Fe+Updated.xml	obj	R_PPGPPDP	optimal	0.047322
cbmpy	Gmetallireducens_ac_Fe+Updated.xml	obj	R_PPK2r	optimal	0.047322
cbmpy	Gmetallireducens_ac_Fe+Updated.xml	obj	R_PPKr	optimal	0.045652
cbmpy	Gmetallireducens_ac_Fe+Updated.xml	obj	R_PPM	optimal	0.047322
cbmpy	Gmetallireducens_ac_Fe+Updated.xml	obj	R_PPNCL	optimal	-0.0
cbmpy	Gmetallireducens_ac_Fe+Updated.xml	obj	R_PPND	optimal	-0.0
cbmpy	Gmetallireducens_ac_Fe+Updated.xml	obj	R_PPNDH	optimal	-0.0
cbmpy	Gmetallireducens_ac_Fe+Updated.xml	obj	R_PPOHt2pp	optimal	0.047322
cbmpy	Gmetallireducens_ac_Fe+Updated.xml	obj	R_PPOHtex	optimal	0.047322
cbmpy	Gmetallireducens_ac_Fe+Updated.xml	obj	R_PPPGO2	optimal	0.047322
cbmpy	Gmetallireducens_ac_Fe+Updated.xml	obj	R_PPPGO4	optimal	0.047322
cbmpy	Gmetallireducens_ac_Fe+Updated.xml	obj	R_PPS	optimal	0.047322
cbmpy	Gmetallireducens_ac_Fe+Updated.xml	obj	R_PRAGS	optimal	-0.0
cbmpy	Gmetallireducens_ac_Fe+Updated.xml	obj	R_PRAI	optimal	-0.0
cbmpy	Gmetallireducens_ac_Fe+Updated.xml	obj	R_PRAIS	optimal	-0.0
cbmpy	Gmetallireducens_ac_Fe+Updated.xml	obj	R_PRAMPC	optimal	-0.0
cbmpy	Gmetallireducens_ac_Fe+Updated.xml	obj	R_PRASCS	optimal	-0.0
cbmpy	Gmetallireducens_ac_Fe+Updated.xml	obj	R_PRATPP	optimal	-0.0
cbmpy	Gmetallireducens_ac_Fe+Updated.xml	obj	R_PRFGS	optimal	0.0
cbmpy	Gmetallireducens_ac_Fe+Updated.xml	obj	R_PRMICI	optimal	-0.0
cbmpy	Gmetallireducens_ac_Fe+Updated.xml	obj	R_PRO1y	optimal	0.047322
cbmpy	Gmetallireducens_ac_Fe+Updated.xml	obj	R_PROTRS	optimal	0.047322
cbmpy	Gmetallireducens_ac_Fe+Updated.xml	obj	R_PRPPS	optimal	-0.0
cbmpy	Gmetallireducens_ac_Fe+Updated.xml	obj	R_PS120abcpp	optimal	0.047322
cbmpy	Gmetallireducens_ac_Fe+Updated.xml	obj	R_PS140abcpp	optimal	0.047322
cbmpy	Gmetallireducens_ac_Fe+Updated.xml	obj	R_PS141abcpp	optimal	0.047322
cbmpy	Gmetallireducens_ac_Fe+Updated.xml	obj	R_PS160abcpp	optimal	0.047322
cbmpy	Gmetallireducens_ac_Fe+Updated.xml	obj	R_PS161abcpp	optimal	0.047322
cbmpy	Gmetallireducens_ac_Fe+Updated.xml	obj	R_PS180abcpp	optimal	0.047322
cbmpy	Gmetallireducens_ac_Fe+Updated.xml	obj	R_PS181abcpp	optimal	0.047322
cbmpy	Gmetallireducens_ac_Fe+Updated.xml	obj	R_PSCVT	optimal	-0.0
cbmpy	Gmetallireducens_ac_Fe+Updated.xml	obj	R_PSD120	optimal	0.047322
cbmpy	Gmetallireducens_ac_Fe+Updated.xml	obj	R_PSD140	optimal	0.0
cbmpy	Gmetallireducens_ac_Fe+Updated.xml	obj	R_PSD141	optimal	0.047322
cbmpy	Gmetallireducens_ac_Fe+Updated.xml	obj	R_PSD160	optimal	0.0
cbmpy	Gmetallireducens_ac_Fe+Updated.xml	obj	R_PSD161	optimal	-0.0
cbmpy	Gmetallireducens_ac_Fe+Updated.xml	obj	R_PSD180	optimal	0.047322
cbmpy	Gmetallireducens_ac_Fe+Updated.xml	obj	R_PSD181	optimal	-0.0
cbmpy	Gmetallireducens_ac_Fe+Updated.xml	obj	R_PSERT	optimal	-0.0
cbmpy	Gmetallireducens_ac_Fe+Updated.xml	obj	R_PSP_L	optimal	0.046695
cbmpy	Gmetallireducens_ac_Fe+Updated.xml	obj	R_PSSA120	optimal	0.047322
cbmpy	Gmetallireducens_ac_Fe+Updated.xml	obj	R_PSSA140	optimal	-0.0
cbmpy	Gmetallireducens_ac_Fe+Updated.xml	obj	R_PSSA141	optimal	0.047322
cbmpy	Gmetallireducens_ac_Fe+Updated.xml	obj	R_PSSA160	optimal	-0.0
cbmpy	Gmetallireducens_ac_Fe+Updated.xml	obj	R_PSSA161	optimal	-0.0
cbmpy	Gmetallireducens_ac_Fe+Updated.xml	obj	R_PSSA180	optimal	0.047322
cbmpy	Gmetallireducens_ac_Fe+Updated.xml	obj	R_PSSA181	optimal	-0.0
cbmpy	Gmetallireducens_ac_Fe+Updated.xml	obj	R_PTA2r	optimal	0.047322
cbmpy	Gmetallireducens_ac_Fe+Updated.xml	obj	R_PTAr	optimal	0.047322
cbmpy	Gmetallireducens_ac_Fe+Updated.xml	obj	R_PTAtex	optimal	0.047322
cbmpy	Gmetallireducens_ac_Fe+Updated.xml	obj	R_PTPAT	optimal	0.0
cbmpy	Gmetallireducens_ac_Fe+Updated.xml	obj	R_PUNP1	optimal	0.047322
cbmpy	Gmetallireducens_ac_Fe+Updated.xml	obj	R_PUTA3	optimal	0.047322
cbmpy	Gmetallireducens_ac_Fe+Updated.xml	obj	R_PYK	optimal	0.047322
cbmpy	Gmetallireducens_ac_Fe+Updated.xml	obj	R_PYRt2pp	optimal	0.047322
cbmpy	Gmetallireducens_ac_Fe+Updated.xml	obj	R_PYRt4pp	optimal	0.047322
cbmpy	Gmetallireducens_ac_Fe+Updated.xml	obj	R_PYRtex	optimal	0.047322
cbmpy	Gmetallireducens_ac_Fe+Updated.xml	obj	R_QULNS	optimal	-0.0
cbmpy	Gmetallireducens_ac_Fe+Updated.xml	obj	R_RBFK	optimal	-0.0
cbmpy	Gmetallireducens_ac_Fe+Updated.xml	obj	R_RBFSa	optimal	-0.0
cbmpy	Gmetallireducens_ac_Fe+Updated.xml	obj	R_RBFSb	optimal	-0.0
cbmpy	Gmetallireducens_ac_Fe+Updated.xml	obj	R_RBK	optimal	0.047322
cbmpy	Gmetallireducens_ac_Fe+Updated.xml	obj	R_RDXR	optimal	0.047322
cbmpy	Gmetallireducens_ac_Fe+Updated.xml	obj	R_RNDR1	optimal	-0.0
cbmpy	Gmetallireducens_ac_Fe+Updated.xml	obj	R_RNDR2	optimal	-0.0
cbmpy	Gmetallireducens_ac_Fe+Updated.xml	obj	R_RNDR3	optimal	-0.0
cbmpy	Gmetallireducens_ac_Fe+Updated.xml	obj	R_RNDR4	optimal	0.047322
cbmpy	Gmetallireducens_ac_Fe+Updated.xml	obj	R_ROO	optimal	0.047322
cbmpy	Gmetallireducens_ac_Fe+Updated.xml	obj	R_RPE	optimal	0.047179
cbmpy	Gmetallireducens_ac_Fe+Updated.xml	obj	R_RPI	optimal	0.024458
cbmpy	Gmetallireducens_ac_Fe+Updated.xml	obj	R_RZ5PP	optimal	-0.0
cbmpy	Gmetallireducens_ac_Fe+Updated.xml	obj	R_S7PIr	optimal	-0.0
cbmpy	Gmetallireducens_ac_Fe+Updated.xml	obj	R_SADT2	optimal	0.047322
cbmpy	Gmetallireducens_ac_Fe+Updated.xml	obj	R_SELCYSLY3	optimal	0.047322
cbmpy	Gmetallireducens_ac_Fe+Updated.xml	obj	R_SELCYSS	optimal	0.047322
cbmpy	Gmetallireducens_ac_Fe+Updated.xml	obj	R_SELNPS	optimal	0.047322
cbmpy	Gmetallireducens_ac_Fe+Updated.xml	obj	R_SERAT	optimal	-0.0
cbmpy	Gmetallireducens_ac_Fe+Updated.xml	obj	R_SERD_L	optimal	0.047322
cbmpy	Gmetallireducens_ac_Fe+Updated.xml	obj	R_SERTRS	optimal	0.047322
cbmpy	Gmetallireducens_ac_Fe+Updated.xml	obj	R_SHCHCC	optimal	-0.0
cbmpy	Gmetallireducens_ac_Fe+Updated.xml	obj	R_SHCHD2	optimal	-0.0
cbmpy	Gmetallireducens_ac_Fe+Updated.xml	obj	R_SHCHF	optimal	-0.0
cbmpy	Gmetallireducens_ac_Fe+Updated.xml	obj	R_SHK3Dr	optimal	-0.0
cbmpy	Gmetallireducens_ac_Fe+Updated.xml	obj	R_SHKK	optimal	-0.0
cbmpy	Gmetallireducens_ac_Fe+Updated.xml	obj	R_SO3abcpp	optimal	0.047129
cbmpy	Gmetallireducens_ac_Fe+Updated.xml	obj	R_SO3tex	optimal	0.047129
cbmpy	Gmetallireducens_ac_Fe+Updated.xml	obj	R_SO4tex	optimal	-0.0
cbmpy	Gmetallireducens_ac_Fe+Updated.xml	obj	R_SPMS	optimal	0.047322
cbmpy	Gmetallireducens_ac_Fe+Updated.xml	obj	R_SPODM	optimal	0.047322
cbmpy	Gmetallireducens_ac_Fe+Updated.xml	obj	R_SSALy	optimal	0.047322
cbmpy	Gmetallireducens_ac_Fe+Updated.xml	obj	R_SSCOARy	optimal	0.047322
cbmpy	Gmetallireducens_ac_Fe+Updated.xml	obj	R_STPT1	optimal	-0.0
cbmpy	Gmetallireducens_ac_Fe+Updated.xml	obj	R_STPT2	optimal	-0.0
cbmpy	Gmetallireducens_ac_Fe+Updated.xml	obj	R_SUCBZT1	optimal	0.047322
cbmpy	Gmetallireducens_ac_Fe+Updated.xml	obj	R_SUCBZT2	optimal	0.047322
cbmpy	Gmetallireducens_ac_Fe+Updated.xml	obj	R_SUCOAACTr	optimal	0.047322
cbmpy	Gmetallireducens_ac_Fe+Updated.xml	obj	R_SUCOAS	optimal	0.047322
cbmpy	Gmetallireducens_ac_Fe+Updated.xml	obj	R_SULFACabcpp	optimal	0.047322
cbmpy	Gmetallireducens_ac_Fe+Updated.xml	obj	R_SULFACtex	optimal	0.047322
cbmpy	Gmetallireducens_ac_Fe+Updated.xml	obj	R_SULR2pp	optimal	0.047322
cbmpy	Gmetallireducens_ac_Fe+Updated.xml	obj	R_SULR3	optimal	0.047322
cbmpy	Gmetallireducens_ac_Fe+Updated.xml	obj	R_SULRi	optimal	0.047322
cbmpy	Gmetallireducens_ac_Fe+Updated.xml	obj	R_SULRpp	optimal	0.047322
cbmpy	Gmetallireducens_ac_Fe+Updated.xml	obj	R_SULabcpp	optimal	0.0
cbmpy	Gmetallireducens_ac_Fe+Updated.xml	obj	R_T2DECAI	optimal	0.047322
cbmpy	Gmetallireducens_ac_Fe+Updated.xml	obj	R_TALA	optimal	0.047255
cbmpy	Gmetallireducens_ac_Fe+Updated.xml	obj	R_TAURabcpp	optimal	0.047322
cbmpy	Gmetallireducens_ac_Fe+Updated.xml	obj	R_TAURtex	optimal	0.047322
cbmpy	Gmetallireducens_ac_Fe+Updated.xml	obj	R_TCFERCYT	optimal	0.047322
cbmpy	Gmetallireducens_ac_Fe+Updated.xml	obj	R_TCURCYT	optimal	0.047322
cbmpy	Gmetallireducens_ac_Fe+Updated.xml	obj	R_TDPDREr	optimal	0.047322
cbmpy	Gmetallireducens_ac_Fe+Updated.xml	obj	R_TDPDRRr	optimal	0.047322
cbmpy	Gmetallireducens_ac_Fe+Updated.xml	obj	R_TDPGDH	optimal	0.047322
cbmpy	Gmetallireducens_ac_Fe+Updated.xml	obj	R_TDSK	optimal	-0.0
cbmpy	Gmetallireducens_ac_Fe+Updated.xml	obj	R_TDSKN	optimal	0.047322
cbmpy	Gmetallireducens_ac_Fe+Updated.xml	obj	R_THRA2i	optimal	0.047322
cbmpy	Gmetallireducens_ac_Fe+Updated.xml	obj	R_THRAr	optimal	0.047322
cbmpy	Gmetallireducens_ac_Fe+Updated.xml	obj	R_THRD_L	optimal	0.047322
cbmpy	Gmetallireducens_ac_Fe+Updated.xml	obj	R_THRPD	optimal	-0.0
cbmpy	Gmetallireducens_ac_Fe+Updated.xml	obj	R_THRS	optimal	-0.0
cbmpy	Gmetallireducens_ac_Fe+Updated.xml	obj	R_THRTRS	optimal	0.047322
cbmpy	Gmetallireducens_ac_Fe+Updated.xml	obj	R_THZPSN3	optimal	-0.0
cbmpy	Gmetallireducens_ac_Fe+Updated.xml	obj	R_TKT1	optimal	0.047274
cbmpy	Gmetallireducens_ac_Fe+Updated.xml	obj	R_TKT2	optimal	0.047084
cbmpy	Gmetallireducens_ac_Fe+Updated.xml	obj	R_TMDS	optimal	-0.0
cbmpy	Gmetallireducens_ac_Fe+Updated.xml	obj	R_TMPK	optimal	-0.0
cbmpy	Gmetallireducens_ac_Fe+Updated.xml	obj	R_TMPPP	optimal	-0.0
cbmpy	Gmetallireducens_ac_Fe+Updated.xml	obj	R_TOLt2pp	optimal	0.047322
cbmpy	Gmetallireducens_ac_Fe+Updated.xml	obj	R_TOLtex	optimal	0.047322
cbmpy	Gmetallireducens_ac_Fe+Updated.xml	obj	R_TPI	optimal	-0.0
cbmpy	Gmetallireducens_ac_Fe+Updated.xml	obj	R_TRDR	optimal	-0.0
cbmpy	Gmetallireducens_ac_Fe+Updated.xml	obj	R_TRPS1	optimal	-0.0
cbmpy	Gmetallireducens_ac_Fe+Updated.xml	obj	R_TRPTA	optimal	0.047322
cbmpy	Gmetallireducens_ac_Fe+Updated.xml	obj	R_TRPTRS	optimal	0.047322
cbmpy	Gmetallireducens_ac_Fe+Updated.xml	obj	R_TSULabcpp	optimal	0.047322
cbmpy	Gmetallireducens_ac_Fe+Updated.xml	obj	R_TSULtex	optimal	0.047322
cbmpy	Gmetallireducens_ac_Fe+Updated.xml	obj	R_TTDCAtexi	optimal	0.047322
cbmpy	Gmetallireducens_ac_Fe+Updated.xml	obj	R_TTDCEAtexi	optimal	0.047322
cbmpy	Gmetallireducens_ac_Fe+Updated.xml	obj	R_TUNGSabcpp	optimal	0.047322
cbmpy	Gmetallireducens_ac_Fe+Updated.xml	obj	R_TUNGStex	optimal	0.047322
cbmpy	Gmetallireducens_ac_Fe+Updated.xml	obj	R_TYRL	optimal	-0.0
cbmpy	Gmetallireducens_ac_Fe+Updated.xml	obj	R_TYRTA	optimal	-0.0
cbmpy	Gmetallireducens_ac_Fe+Updated.xml	obj	R_TYRTRS	optimal	0.047322
cbmpy	Gmetallireducens_ac_Fe+Updated.xml	obj	R_U23GAAT	optimal	-0.0
cbmpy	Gmetallireducens_ac_Fe+Updated.xml	obj	R_U23GAATN	optimal	0.047322
cbmpy	Gmetallireducens_ac_Fe+Updated.xml	obj	R_UAAGDS	optimal	-0.0
cbmpy	Gmetallireducens_ac_Fe+Updated.xml	obj	R_UACGAMDH	optimal	0.047322
cbmpy	Gmetallireducens_ac_Fe+Updated.xml	obj	R_UACGAMOAT	optimal	0.047322
cbmpy	Gmetallireducens_ac_Fe+Updated.xml	obj	R_UACMAMO	optimal	0.047322
cbmpy	Gmetallireducens_ac_Fe+Updated.xml	obj	R_UAG2E	optimal	0.047322
cbmpy	Gmetallireducens_ac_Fe+Updated.xml	obj	R_UAGAAT	optimal	-0.0
cbmpy	Gmetallireducens_ac_Fe+Updated.xml	obj	R_UAGAATN	optimal	0.047322
cbmpy	Gmetallireducens_ac_Fe+Updated.xml	obj	R_UAGCVT	optimal	-0.0
cbmpy	Gmetallireducens_ac_Fe+Updated.xml	obj	R_UAGDP	optimal	-0.0
cbmpy	Gmetallireducens_ac_Fe+Updated.xml	obj	R_UAGPT3	optimal	-0.0
cbmpy	Gmetallireducens_ac_Fe+Updated.xml	obj	R_UAMAGS	optimal	-0.0
cbmpy	Gmetallireducens_ac_Fe+Updated.xml	obj	R_UAMAS	optimal	-0.0
cbmpy	Gmetallireducens_ac_Fe+Updated.xml	obj	R_UAPGR	optimal	-0.0
cbmpy	Gmetallireducens_ac_Fe+Updated.xml	obj	R_UDCPDP	optimal	-0.0
cbmpy	Gmetallireducens_ac_Fe+Updated.xml	obj	R_UDCPDPS	optimal	-0.0
cbmpy	Gmetallireducens_ac_Fe+Updated.xml	obj	R_UDCPDPpp	optimal	0.047322
cbmpy	Gmetallireducens_ac_Fe+Updated.xml	obj	R_UDCPPtppi	optimal	-0.0
cbmpy	Gmetallireducens_ac_Fe+Updated.xml	obj	R_UDPG4E	optimal	0.047322
cbmpy	Gmetallireducens_ac_Fe+Updated.xml	obj	R_UDPGD	optimal	-0.0
cbmpy	Gmetallireducens_ac_Fe+Updated.xml	obj	R_UDPGDC	optimal	-0.0
cbmpy	Gmetallireducens_ac_Fe+Updated.xml	obj	R_UDPGLDC	optimal	0.047322
cbmpy	Gmetallireducens_ac_Fe+Updated.xml	obj	R_UDPKAAT	optimal	-0.0
cbmpy	Gmetallireducens_ac_Fe+Updated.xml	obj	R_UGLT	optimal	0.047322
cbmpy	Gmetallireducens_ac_Fe+Updated.xml	obj	R_UGMDDS	optimal	-0.0
cbmpy	Gmetallireducens_ac_Fe+Updated.xml	obj	R_UHGADA	optimal	-0.0
cbmpy	Gmetallireducens_ac_Fe+Updated.xml	obj	R_UHGADAN	optimal	0.047322
cbmpy	Gmetallireducens_ac_Fe+Updated.xml	obj	R_ULA4NFT	optimal	-0.0
cbmpy	Gmetallireducens_ac_Fe+Updated.xml	obj	R_ULA4Ntppi	optimal	-0.0
cbmpy	Gmetallireducens_ac_Fe+Updated.xml	obj	R_UM3PL	optimal	0.047322
cbmpy	Gmetallireducens_ac_Fe+Updated.xml	obj	R_UM4PCP	optimal	0.047322
cbmpy	Gmetallireducens_ac_Fe+Updated.xml	obj	R_UM4PL	optimal	0.047322
cbmpy	Gmetallireducens_ac_Fe+Updated.xml	obj	R_UPLA4FNF	optimal	-0.0
cbmpy	Gmetallireducens_ac_Fe+Updated.xml	obj	R_UPLA4FNT	optimal	-0.0
cbmpy	Gmetallireducens_ac_Fe+Updated.xml	obj	R_UPP3MT	optimal	-0.0
cbmpy	Gmetallireducens_ac_Fe+Updated.xml	obj	R_UPP3S	optimal	-0.0
cbmpy	Gmetallireducens_ac_Fe+Updated.xml	obj	R_UPPDC1	optimal	-0.0
cbmpy	Gmetallireducens_ac_Fe+Updated.xml	obj	R_UPPRT	optimal	0.047322
cbmpy	Gmetallireducens_ac_Fe+Updated.xml	obj	R_URCYT	optimal	0.047322
cbmpy	Gmetallireducens_ac_Fe+Updated.xml	obj	R_URIDK1	optimal	0.0
cbmpy	Gmetallireducens_ac_Fe+Updated.xml	obj	R_USHD	optimal	0.0
cbmpy	Gmetallireducens_ac_Fe+Updated.xml	obj	R_USHDN	optimal	0.047322
cbmpy	Gmetallireducens_ac_Fe+Updated.xml	obj	R_VACOAI	optimal	0.047322
cbmpy	Gmetallireducens_ac_Fe+Updated.xml	obj	R_VALTA	optimal	-0.0
cbmpy	Gmetallireducens_ac_Fe+Updated.xml	obj	R_VALTRS	optimal	0.047322
cbmpy	Gmetallireducens_ac_Fe+Updated.xml	obj	R_VALabcpp	optimal	0.047322
cbmpy	Gmetallireducens_ac_Fe+Updated.xml	obj	R_VALtex	optimal	0.047322
cbmpy	Gmetallireducens_ac_Fe+Updated.xml	obj	R_VANCYT	optimal	0.047322
cbmpy	Gmetallireducens_ac_Fe+Updated.xml	obj	R_VCACT	optimal	0.047322
cbmpy	Gmetallireducens_ac_Fe+Updated.xml	obj	R_VCOAD	optimal	0.047322
cbmpy	Gmetallireducens_ac_Fe+Updated.xml	obj	R_VECOAH	optimal	0.047322
cbmpy	Gmetallireducens_ac_Fe+Updated.xml	obj	R_VOR1b	optimal	0.047322
cbmpy	Gmetallireducens_ac_Fe+Updated.xml	obj	R_VOR2b	optimal	0.047322
cbmpy	Gmetallireducens_ac_Fe+Updated.xml	obj	R_VOR3b	optimal	0.047322
cbmpy	Gmetallireducens_ac_Fe+Updated.xml	obj	R_WCOS	optimal	0.047322
cbmpy	Gmetallireducens_ac_Fe+Updated.xml	obj	R_ZN2t4pp	optimal	0.047322
cbmpy	Gmetallireducens_ac_Fe+Updated.xml	obj	R_ZNabcpp	optimal	-0.0
cbmpy	Gmetallireducens_ac_Fe+Updated.xml	obj	R_Zn2tex	optimal	-0.0
cbmpy	Gmetallireducens_ac_Fe+Updated.xml	obj	R__13PPDHr	optimal	0.047322
cbmpy	Gmetallireducens_ac_Fe+Updated.xml	obj	R__2AGPEAT120	optimal	0.047322
cbmpy	Gmetallireducens_ac_Fe+Updated.xml	obj	R__2AGPEAT140	optimal	0.047322
cbmpy	Gmetallireducens_ac_Fe+Updated.xml	obj	R__2AGPEAT141	optimal	0.047322
cbmpy	Gmetallireducens_ac_Fe+Updated.xml	obj	R__2AGPEAT160	optimal	0.047322
cbmpy	Gmetallireducens_ac_Fe+Updated.xml	obj	R__2AGPEAT161	optimal	0.047322
cbmpy	Gmetallireducens_ac_Fe+Updated.xml	obj	R__2AGPEAT180	optimal	0.047322
cbmpy	Gmetallireducens_ac_Fe+Updated.xml	obj	R__2AGPEAT181	optimal	0.047322
cbmpy	Gmetallireducens_ac_Fe+Updated.xml	obj	R__2AGPGAT120	optimal	0.047322
cbmpy	Gmetallireducens_ac_Fe+Updated.xml	obj	R__2AGPGAT140	optimal	0.047322
cbmpy	Gmetallireducens_ac_Fe+Updated.xml	obj	R__2AGPGAT141	optimal	0.047322
cbmpy	Gmetallireducens_ac_Fe+Updated.xml	obj	R__2AGPGAT160	optimal	0.047322
cbmpy	Gmetallireducens_ac_Fe+Updated.xml	obj	R__2AGPGAT161	optimal	0.047322
cbmpy	Gmetallireducens_ac_Fe+Updated.xml	obj	R__2AGPGAT180	optimal	0.047322
cbmpy	Gmetallireducens_ac_Fe+Updated.xml	obj	R__2AGPGAT181	optimal	0.047322
cbmpy	Gmetallireducens_ac_Fe+Updated.xml	obj	R__2OBUTt2ipp	optimal	0.047322
cbmpy	Gmetallireducens_ac_Fe+Updated.xml	obj	R__2OBUTtex	optimal	0.047322
cbmpy	Gmetallireducens_ac_Fe+Updated.xml	obj	R__3HAD100	optimal	-0.0
cbmpy	Gmetallireducens_ac_Fe+Updated.xml	obj	R__3HAD120	optimal	-0.0
cbmpy	Gmetallireducens_ac_Fe+Updated.xml	obj	R__3HAD121	optimal	0.047322
cbmpy	Gmetallireducens_ac_Fe+Updated.xml	obj	R__3HAD140	optimal	0.047322
cbmpy	Gmetallireducens_ac_Fe+Updated.xml	obj	R__3HAD141	optimal	0.047322
cbmpy	Gmetallireducens_ac_Fe+Updated.xml	obj	R__3HAD160	optimal	0.047322
cbmpy	Gmetallireducens_ac_Fe+Updated.xml	obj	R__3HAD161	optimal	0.047322
cbmpy	Gmetallireducens_ac_Fe+Updated.xml	obj	R__3HAD180	optimal	0.047322
cbmpy	Gmetallireducens_ac_Fe+Updated.xml	obj	R__3HAD181	optimal	0.0
cbmpy	Gmetallireducens_ac_Fe+Updated.xml	obj	R__3HAD40	optimal	-0.0
cbmpy	Gmetallireducens_ac_Fe+Updated.xml	obj	R__3HAD60	optimal	-0.0
cbmpy	Gmetallireducens_ac_Fe+Updated.xml	obj	R__3HAD80	optimal	-0.0
cbmpy	Gmetallireducens_ac_Fe+Updated.xml	obj	R__3HOPCD	optimal	0.047322
cbmpy	Gmetallireducens_ac_Fe+Updated.xml	obj	R__3MBt2pp	optimal	0.047322
cbmpy	Gmetallireducens_ac_Fe+Updated.xml	obj	R__3MBt4pp	optimal	0.047322
cbmpy	Gmetallireducens_ac_Fe+Updated.xml	obj	R__3MBtex	optimal	0.047322
cbmpy	Gmetallireducens_ac_Fe+Updated.xml	obj	R__3MMD	optimal	0.047104
cbmpy	Gmetallireducens_ac_Fe+Updated.xml	obj	R__3OAR100	optimal	-0.0
cbmpy	Gmetallireducens_ac_Fe+Updated.xml	obj	R__3OAR120	optimal	-0.0
cbmpy	Gmetallireducens_ac_Fe+Updated.xml	obj	R__3OAR121	optimal	0.047322
cbmpy	Gmetallireducens_ac_Fe+Updated.xml	obj	R__3OAR140	optimal	-0.0
cbmpy	Gmetallireducens_ac_Fe+Updated.xml	obj	R__3OAR141	optimal	0.047322
cbmpy	Gmetallireducens_ac_Fe+Updated.xml	obj	R__3OAR160	optimal	0.047322
cbmpy	Gmetallireducens_ac_Fe+Updated.xml	obj	R__3OAR161	optimal	0.047322
cbmpy	Gmetallireducens_ac_Fe+Updated.xml	obj	R__3OAR180	optimal	0.047322
cbmpy	Gmetallireducens_ac_Fe+Updated.xml	obj	R__3OAR181	optimal	0.0
cbmpy	Gmetallireducens_ac_Fe+Updated.xml	obj	R__3OAR40	optimal	0.0
cbmpy	Gmetallireducens_ac_Fe+Updated.xml	obj	R__3OAR60	optimal	0.0
cbmpy	Gmetallireducens_ac_Fe+Updated.xml	obj	R__3OAR80	optimal	0.0
cbmpy	Gmetallireducens_ac_Fe+Updated.xml	obj	R__3OAS100	optimal	0.0
cbmpy	Gmetallireducens_ac_Fe+Updated.xml	obj	R__3OAS120	optimal	0.0
cbmpy	Gmetallireducens_ac_Fe+Updated.xml	obj	R__3OAS121	optimal	0.047322
cbmpy	Gmetallireducens_ac_Fe+Updated.xml	obj	R__3OAS140	optimal	0.0
cbmpy	Gmetallireducens_ac_Fe+Updated.xml	obj	R__3OAS141	optimal	0.047322
cbmpy	Gmetallireducens_ac_Fe+Updated.xml	obj	R__3OAS160	optimal	0.047322
cbmpy	Gmetallireducens_ac_Fe+Updated.xml	obj	R__3OAS161	optimal	0.047322
cbmpy	Gmetallireducens_ac_Fe+Updated.xml	obj	R__3OAS180	optimal	0.047322
cbmpy	Gmetallireducens_ac_Fe+Updated.xml	obj	R__3OAS181	optimal	0.0
cbmpy	Gmetallireducens_ac_Fe+Updated.xml	obj	R__3OAS60	optimal	-0.0
cbmpy	Gmetallireducens_ac_Fe+Updated.xml	obj	R__3OAS80	optimal	-0.0
cbmpy	Gmetallireducens_ac_Fe+Updated.xml	obj	R__3PEPTabcpp	optimal	0.047322
cbmpy	Gmetallireducens_ac_Fe+Updated.xml	obj	R__4HBALDt2pp	optimal	0.047322
cbmpy	Gmetallireducens_ac_Fe+Updated.xml	obj	R__4HBALDtex	optimal	0.047322
cbmpy	Gmetallireducens_ac_Fe+Updated.xml	obj	R__4HBAtex	optimal	0.047322
cbmpy	Gmetallireducens_ac_Fe+Updated.xml	obj	R__4HBCOAH	optimal	0.047322
cbmpy	Gmetallireducens_ac_Fe+Updated.xml	obj	R__4HBZR	optimal	0.047322
cbmpy	Gmetallireducens_ac_Fe+Updated.xml	obj	R__4HBZt2pp	optimal	0.047322
cbmpy	Gmetallireducens_ac_Fe+Updated.xml	obj	R__4HBZtex	optimal	0.047322
cbmpy	Gmetallireducens_ac_Fe+Updated.xml	obj	R__4PCP	optimal	0.047322
cbmpy	Gmetallireducens_ac_Fe+Updated.xml	obj	R__4PCPpp	optimal	0.047322
cbmpy	Gmetallireducens_ac_Fe+Updated.xml	obj	R__4PEPTabcpp	optimal	0.047322
cbmpy	Gmetallireducens_ac_Fe+Updated.xml	obj	R__5DOAN	optimal	0.0
cbmpy	Gmetallireducens_ac_Fe+Updated.xml	obj	R__5HBZIDMT	optimal	0.0
cbmpy	Gmetallireducens_ac_Fe+Updated.xml	obj	R__5HBZIDS2	optimal	0.0
cbmpy	Gmetallireducens_ac_Fe+Updated.xml	obj	R__6CTDS	optimal	0.047322
