{
 "curator.name": "CBMPyFROGG",
 "curator.version": "0.4.9",
 "curator.url": "http://145.38.197.206:80/",
 "curator.date": "2022-11-18-10-11",
 "curator.id": "frogg hackathon",
 "curator.sessionid": "cbmpyfrogg-11484539-807994451",
 "software.name": "cbmpy",
 "software.version": "0.8.4",
 "software.url": "https://github.com/SystemsBioinformatics/cbmpy",
 "software.environment": "Linux 5.4.0-121-generic (64bit)",
 "solver.name": "cbmpy",
 "solver.version": "0.2",
 "model.filename": "iJN1463.(11484538744194642).xml",
 "model.md5": "65c0c9d4ab101acc608794eefa292880"
}