{
 "curator.name": "CBMPyFROGG",
 "curator.version": "0.4.9",
 "curator.url": "http://145.38.197.206:80/",
 "curator.date": "2022-11-18-10-02",
 "curator.id": "frogg hackathon",
 "curator.sessionid": "cbmpyfrogg-11483994-881833034",
 "software.name": "cbmpy",
 "software.version": "0.8.4",
 "software.url": "https://github.com/SystemsBioinformatics/cbmpy",
 "software.environment": "Linux 5.4.0-121-generic (64bit)",
 "solver.name": "cbmpy",
 "solver.version": "0.2",
 "model.filename": "iDS372.(11483993820194604).xml",
 "model.md5": "02ec5a52e9270dd2f875e41238ab2904"
}