model	objective	reaction	flux	status	minimum	maximum	fraction_optimum
VvuMBEL943_2022.xml	obj	R_EX_ACxt	96.402322	optimal	1000.0	1000.0	1.0
VvuMBEL943_2022.xml	obj	R_EX_ADNxt	96.402322	optimal	-19.816269	0.0	1.0
VvuMBEL943_2022.xml	obj	R_EX_AKGxt	96.402322	optimal	-1000.0	0.0	1.0
VvuMBEL943_2022.xml	obj	R_EX_ALAxt	96.402322	optimal	-1000.0	1000.0	1.0
VvuMBEL943_2022.xml	obj	R_EX_ARGxt	96.402322	optimal	-20.360171	-20.360171	1.0
VvuMBEL943_2022.xml	obj	R_EX_ASNxt	96.402322	optimal	-1000.0	-23.223319	1.0
VvuMBEL943_2022.xml	obj	R_EX_ASPxt	96.402322	optimal	-385.871235	1000.0	1.0
VvuMBEL943_2022.xml	obj	R_EX_BIOMASS	96.402322	optimal	96.402322	96.402322	1.0
VvuMBEL943_2022.xml	obj	R_EX_CHOLINExt	96.402322	optimal	0.0	0.0	1.0
VvuMBEL943_2022.xml	obj	R_EX_CITxt	96.402322	optimal	-964.44155	1000.0	1.0
VvuMBEL943_2022.xml	obj	R_EX_CO2xt	96.402322	optimal	-385.871235	1000.0	1.0
VvuMBEL943_2022.xml	obj	R_EX_CTxt	96.402322	optimal	-0.0	0.0	1.0
VvuMBEL943_2022.xml	obj	R_EX_CYSxt	96.402322	optimal	-6.197705	-6.197705	1.0
VvuMBEL943_2022.xml	obj	R_EX_CYTDxt	96.402322	optimal	-31.932691	-16.013968	1.0
VvuMBEL943_2022.xml	obj	R_EX_DALAxt	96.402322	optimal	-997.589942	2.410058	1.0
VvuMBEL943_2022.xml	obj	R_EX_DAxt	96.402322	optimal	-19.816269	0.0	1.0
VvuMBEL943_2022.xml	obj	R_EX_DCxt	96.402322	optimal	-15.918723	0.0	1.0
VvuMBEL943_2022.xml	obj	R_EX_DGLUxt	96.402322	optimal	-1000.0	0.0	1.0
VvuMBEL943_2022.xml	obj	R_EX_DGxt	96.402322	optimal	-42.835794	0.0	1.0
VvuMBEL943_2022.xml	obj	R_EX_DTxt	96.402322	optimal	-2.579051	0.0	1.0
VvuMBEL943_2022.xml	obj	R_EX_DUxt	96.402322	optimal	-15.918723	0.0	1.0
VvuMBEL943_2022.xml	obj	R_EX_FORMATExt	96.402322	optimal	0.0	1000.0	1.0
VvuMBEL943_2022.xml	obj	R_EX_FRUxt	96.402322	optimal	-15.056982	0.0	1.0
VvuMBEL943_2022.xml	obj	R_EX_FUMxt	96.402322	optimal	-1000.0	3.819484	1.0
VvuMBEL943_2022.xml	obj	R_EX_GL3Pxt	96.402322	optimal	-1000.0	-1000.0	1.0
VvuMBEL943_2022.xml	obj	R_EX_GLCxt	96.402322	optimal	-47.244947	0.0	1.0
VvuMBEL943_2022.xml	obj	R_EX_GLNxt	96.402322	optimal	-1000.0	-41.326519	1.0
VvuMBEL943_2022.xml	obj	R_EX_GLUCxt	96.402322	optimal	-47.244947	0.0	1.0
VvuMBEL943_2022.xml	obj	R_EX_GLUxt	96.402322	optimal	-1000.0	1000.0	1.0
VvuMBEL943_2022.xml	obj	R_EX_GLYCOLATExt	96.402322	optimal	0.812672	0.812672	1.0
VvuMBEL943_2022.xml	obj	R_EX_GLYxt	96.402322	optimal	-933.086531	1000.0	1.0
VvuMBEL943_2022.xml	obj	R_EX_GLxt	96.402322	optimal	-3.819484	1000.0	1.0
VvuMBEL943_2022.xml	obj	R_EX_GSNxt	96.402322	optimal	-42.835794	0.0	1.0
VvuMBEL943_2022.xml	obj	R_EX_HISxt	96.402322	optimal	-10.39217	-10.39217	1.0
VvuMBEL943_2022.xml	obj	R_EX_HSERxt	96.402322	optimal	-2.410058	-2.410058	1.0
VvuMBEL943_2022.xml	obj	R_EX_ICITxt	96.402322	optimal	-1000.0	0.0	1.0
VvuMBEL943_2022.xml	obj	R_EX_ILExt	96.402322	optimal	-25.397192	894.752126	1.0
VvuMBEL943_2022.xml	obj	R_EX_IMALxt	96.402322	optimal	0.0	0.0	1.0
VvuMBEL943_2022.xml	obj	R_EX_LEUxt	96.402322	optimal	-35.68332	657.252298	1.0
VvuMBEL943_2022.xml	obj	R_EX_LYSxt	96.402322	optimal	-19.776936	-19.776936	1.0
VvuMBEL943_2022.xml	obj	R_EX_MALxt	96.402322	optimal	-1000.0	3.819484	1.0
VvuMBEL943_2022.xml	obj	R_EX_MELIxt	96.402322	optimal	0.0	0.0	1.0
VvuMBEL943_2022.xml	obj	R_EX_METxt	96.402322	optimal	-6.680681	-6.680681	1.0
VvuMBEL943_2022.xml	obj	R_EX_MLTxt	96.402322	optimal	0.0	0.0	1.0
VvuMBEL943_2022.xml	obj	R_EX_MNTxt	96.402322	optimal	-47.244947	0.0	1.0
VvuMBEL943_2022.xml	obj	R_EX_NAGAxt	96.402322	optimal	0.0	0.0	1.0
VvuMBEL943_2022.xml	obj	R_EX_NH3xt	96.402322	optimal	-1000.0	1000.0	1.0
VvuMBEL943_2022.xml	obj	R_EX_NO2xt	96.402322	optimal	0.0	0.0	1.0
VvuMBEL943_2022.xml	obj	R_EX_NO3xt	96.402322	optimal	0.0	0.0	1.0
VvuMBEL943_2022.xml	obj	R_EX_Naxt	96.402322	optimal	0.0	0.0	1.0
VvuMBEL943_2022.xml	obj	R_EX_O2xt	96.402322	optimal	-1000.0	-498.090258	1.0
VvuMBEL943_2022.xml	obj	R_EX_ORNxt	96.402322	optimal	-1000.0	0.0	1.0
VvuMBEL943_2022.xml	obj	R_EX_PHExt	96.402322	optimal	-516.914764	-15.005021	1.0
VvuMBEL943_2022.xml	obj	R_EX_PIxt	96.402322	optimal	911.903605	1000.0	1.0
VvuMBEL943_2022.xml	obj	R_EX_PROxt	96.402322	optimal	-1000.0	-20.784341	1.0
VvuMBEL943_2022.xml	obj	R_EX_PTRCxt	96.402322	optimal	0.0	1000.0	1.0
VvuMBEL943_2022.xml	obj	R_EX_SERxt	96.402322	optimal	-1000.0	1000.0	1.0
VvuMBEL943_2022.xml	obj	R_EX_SLACxt	96.402322	optimal	-1000.0	0.0	1.0
VvuMBEL943_2022.xml	obj	R_EX_SLFxt	96.402322	optimal	0.0	0.0	1.0
VvuMBEL943_2022.xml	obj	R_EX_SPRMDxt	96.402322	optimal	0.0	0.0	1.0
VvuMBEL943_2022.xml	obj	R_EX_SUCCxt	96.402322	optimal	996.180516	1000.0	1.0
VvuMBEL943_2022.xml	obj	R_EX_SUCxt	96.402322	optimal	-0.0	0.0	1.0
VvuMBEL943_2022.xml	obj	R_EX_THIAMINxt	96.402322	optimal	0.0	0.0	1.0
VvuMBEL943_2022.xml	obj	R_EX_THRxt	96.402322	optimal	-1000.0	829.216851	1.0
VvuMBEL943_2022.xml	obj	R_EX_TRExt	96.402322	optimal	0.0	0.0	1.0
VvuMBEL943_2022.xml	obj	R_EX_TRPxt	96.402322	optimal	-5.779319	-5.779319	1.0
VvuMBEL943_2022.xml	obj	R_EX_TYRxt	96.402322	optimal	-6.097447	495.812295	1.0
VvuMBEL943_2022.xml	obj	R_EX_URAxt	96.402322	optimal	0.0	0.0	1.0
VvuMBEL943_2022.xml	obj	R_EX_UREAxt	96.402322	optimal	0.0	0.0	1.0
VvuMBEL943_2022.xml	obj	R_EX_URIxt	96.402322	optimal	-15.918723	0.0	1.0
VvuMBEL943_2022.xml	obj	R_EX_VALxt	96.402322	optimal	-731.158175	961.777443	1.0
VvuMBEL943_2022.xml	obj	R_EX_VB12xt	96.402322	optimal	0.0	0.0	1.0
VvuMBEL943_2022.xml	obj	R_EX_XANxt	96.402322	optimal	0.0	0.0	1.0
VvuMBEL943_2022.xml	obj	R_EX_a_2PGxt	96.402322	optimal	-88.096395	0.0	1.0
VvuMBEL943_2022.xml	obj	R_EX_a_3PGxt	96.402322	optimal	-88.096395	0.0	1.0
VvuMBEL943_2022.xml	obj	R_R001	96.402322	optimal	0.0	0.0	1.0
VvuMBEL943_2022.xml	obj	R_R002	96.402322	optimal	-1000.0	1000.0	1.0
VvuMBEL943_2022.xml	obj	R_R003	96.402322	optimal	0.0	0.0	1.0
VvuMBEL943_2022.xml	obj	R_R004	96.402322	optimal	-1000.0	1000.0	1.0
VvuMBEL943_2022.xml	obj	R_R005	96.402322	optimal	-1000.0	1000.0	1.0
VvuMBEL943_2022.xml	obj	R_R006	96.402322	optimal	6.176111	6.176111	1.0
VvuMBEL943_2022.xml	obj	R_R007	96.402322	optimal	0.0	15.033605	1.0
VvuMBEL943_2022.xml	obj	R_R008	96.402322	optimal	0.0	0.0	1.0
VvuMBEL943_2022.xml	obj	R_R009	96.402322	optimal	-0.0	15.033605	1.0
VvuMBEL943_2022.xml	obj	R_R010	96.402322	optimal	984.943018	1000.0	1.0
VvuMBEL943_2022.xml	obj	R_R011	96.402322	optimal	1000.0	1000.0	1.0
VvuMBEL943_2022.xml	obj	R_R012	96.402322	optimal	0.0	1000.0	1.0
VvuMBEL943_2022.xml	obj	R_R013	96.402322	optimal	0.0	1000.0	1.0
VvuMBEL943_2022.xml	obj	R_R014	96.402322	optimal	0.0	1000.0	1.0
VvuMBEL943_2022.xml	obj	R_R015	96.402322	optimal	0.0	1000.0	1.0
VvuMBEL943_2022.xml	obj	R_R016	96.402322	optimal	0.0	1000.0	1.0
VvuMBEL943_2022.xml	obj	R_R017	96.402322	optimal	0.0	1000.0	1.0
VvuMBEL943_2022.xml	obj	R_R018	96.402322	optimal	0.0	0.0	1.0
VvuMBEL943_2022.xml	obj	R_R019	96.402322	optimal	0.0	0.0	1.0
VvuMBEL943_2022.xml	obj	R_R020	96.402322	optimal	1000.0	1000.0	1.0
VvuMBEL943_2022.xml	obj	R_R021	96.402322	optimal	-1000.0	994.714453	1.0
VvuMBEL943_2022.xml	obj	R_R022	96.402322	optimal	0.0	-0.0	1.0
VvuMBEL943_2022.xml	obj	R_R023	96.402322	optimal	0.0	0.0	1.0
VvuMBEL943_2022.xml	obj	R_R024	96.402322	optimal	0.0	1000.0	1.0
VvuMBEL943_2022.xml	obj	R_R025	96.402322	optimal	-1000.0	1000.0	1.0
VvuMBEL943_2022.xml	obj	R_R026	96.402322	optimal	0.0	1000.0	1.0
VvuMBEL943_2022.xml	obj	R_R027	96.402322	optimal	1000.0	1000.0	1.0
VvuMBEL943_2022.xml	obj	R_R028	96.402322	optimal	1000.0	1000.0	1.0
VvuMBEL943_2022.xml	obj	R_R029	96.402322	optimal	997.589942	997.589942	1.0
VvuMBEL943_2022.xml	obj	R_R030	96.402322	optimal	1.029577	991.992944	1.0
VvuMBEL943_2022.xml	obj	R_R031	96.402322	optimal	0.0	990.963367	1.0
VvuMBEL943_2022.xml	obj	R_R032	96.402322	optimal	0.0	990.963367	1.0
VvuMBEL943_2022.xml	obj	R_R033	96.402322	optimal	-1000.0	1000.0	1.0
VvuMBEL943_2022.xml	obj	R_R034	96.402322	optimal	-1000.0	1000.0	1.0
VvuMBEL943_2022.xml	obj	R_R035	96.402322	optimal	0.0	90.201629	1.0
VvuMBEL943_2022.xml	obj	R_R036	96.402322	optimal	0.0	90.201629	1.0
VvuMBEL943_2022.xml	obj	R_R037	96.402322	optimal	0.0	90.201629	1.0
VvuMBEL943_2022.xml	obj	R_R038	96.402322	optimal	0.0	90.201629	1.0
VvuMBEL943_2022.xml	obj	R_R039	96.402322	optimal	-34.219836	55.981793	1.0
VvuMBEL943_2022.xml	obj	R_R040	96.402322	optimal	1.648094	31.715304	1.0
VvuMBEL943_2022.xml	obj	R_R041	96.402322	optimal	1.171288	1.171288	1.0
VvuMBEL943_2022.xml	obj	R_R042	96.402322	optimal	-1000.0	997.799135	1.0
VvuMBEL943_2022.xml	obj	R_R043	96.402322	optimal	-14.415087	30.685727	1.0
VvuMBEL943_2022.xml	obj	R_R044	96.402322	optimal	-19.804749	25.296066	1.0
VvuMBEL943_2022.xml	obj	R_R045	96.402322	optimal	-15.683549	29.417265	1.0
VvuMBEL943_2022.xml	obj	R_R046	96.402322	optimal	0.0	45.100814	1.0
VvuMBEL943_2022.xml	obj	R_R047	96.402322	optimal	0.0	0.0	1.0
VvuMBEL943_2022.xml	obj	R_R048	96.402322	optimal	0.0	45.100814	1.0
VvuMBEL943_2022.xml	obj	R_R049	96.402322	optimal	0.0	30.06721	1.0
VvuMBEL943_2022.xml	obj	R_R050	96.402322	optimal	0.0	0.0	1.0
VvuMBEL943_2022.xml	obj	R_R051	96.402322	optimal	0.0	47.244947	1.0
VvuMBEL943_2022.xml	obj	R_R052	96.402322	optimal	0.0	30.06721	1.0
VvuMBEL943_2022.xml	obj	R_R053	96.402322	optimal	0.0	0.0	1.0
VvuMBEL943_2022.xml	obj	R_R054	96.402322	optimal	0.0	0.0	1.0
VvuMBEL943_2022.xml	obj	R_R055	96.402322	optimal	0.0	0.0	1.0
VvuMBEL943_2022.xml	obj	R_R056	96.402322	optimal	0.0	0.0	1.0
VvuMBEL943_2022.xml	obj	R_R057	96.402322	optimal	0.0	0.0	1.0
VvuMBEL943_2022.xml	obj	R_R058	96.402322	optimal	0.0	0.0	1.0
VvuMBEL943_2022.xml	obj	R_R059	96.402322	optimal	0.0	15.033605	1.0
VvuMBEL943_2022.xml	obj	R_R060	96.402322	optimal	0.0	15.056982	1.0
VvuMBEL943_2022.xml	obj	R_R061	96.402322	optimal	0.0	0.0	1.0
VvuMBEL943_2022.xml	obj	R_R062	96.402322	optimal	0.0	0.0	1.0
VvuMBEL943_2022.xml	obj	R_R063	96.402322	optimal	0.0	0.0	1.0
VvuMBEL943_2022.xml	obj	R_R064	96.402322	optimal	0.0	47.244947	1.0
VvuMBEL943_2022.xml	obj	R_R065	96.402322	optimal	0.0	0.0	1.0
VvuMBEL943_2022.xml	obj	R_R066	96.402322	optimal	0.0	0.0	1.0
VvuMBEL943_2022.xml	obj	R_R067	96.402322	optimal	0.0	0.0	1.0
VvuMBEL943_2022.xml	obj	R_R068	96.402322	optimal	-1000.0	996.233947	1.0
VvuMBEL943_2022.xml	obj	R_R069	96.402322	optimal	0.0	0.0	1.0
VvuMBEL943_2022.xml	obj	R_R070	96.402322	optimal	-996.233947	1000.0	1.0
VvuMBEL943_2022.xml	obj	R_R071	96.402322	optimal	-996.233947	1000.0	1.0
VvuMBEL943_2022.xml	obj	R_R072	96.402322	optimal	0.0	0.0	1.0
VvuMBEL943_2022.xml	obj	R_R073	96.402322	optimal	0.0	0.0	1.0
VvuMBEL943_2022.xml	obj	R_R074	96.402322	optimal	0.0	0.0	1.0
VvuMBEL943_2022.xml	obj	R_R075	96.402322	optimal	0.0	0.0	1.0
VvuMBEL943_2022.xml	obj	R_R076	96.402322	optimal	0.0	0.0	1.0
VvuMBEL943_2022.xml	obj	R_R077	96.402322	optimal	0.0	0.0	1.0
VvuMBEL943_2022.xml	obj	R_R078	96.402322	optimal	0.0	0.0	1.0
VvuMBEL943_2022.xml	obj	R_R079	96.402322	optimal	0.0	0.0	1.0
VvuMBEL943_2022.xml	obj	R_R080	96.402322	optimal	0.0	0.0	1.0
VvuMBEL943_2022.xml	obj	R_R081	96.402322	optimal	0.0	0.0	1.0
VvuMBEL943_2022.xml	obj	R_R082	96.402322	optimal	0.0	0.0	1.0
VvuMBEL943_2022.xml	obj	R_R083	96.402322	optimal	0.0	0.0	1.0
VvuMBEL943_2022.xml	obj	R_R084	96.402322	optimal	0.0	0.0	1.0
VvuMBEL943_2022.xml	obj	R_R085	96.402322	optimal	0.0	0.0	1.0
VvuMBEL943_2022.xml	obj	R_R086	96.402322	optimal	0.0	0.0	1.0
VvuMBEL943_2022.xml	obj	R_R087	96.402322	optimal	0.0	0.0	1.0
VvuMBEL943_2022.xml	obj	R_R088	96.402322	optimal	0.0	0.0	1.0
VvuMBEL943_2022.xml	obj	R_R089	96.402322	optimal	2.410058	906.548842	1.0
VvuMBEL943_2022.xml	obj	R_R090	96.402322	optimal	2.410058	906.548842	1.0
VvuMBEL943_2022.xml	obj	R_R091	96.402322	optimal	0.0	904.138784	1.0
VvuMBEL943_2022.xml	obj	R_R092	96.402322	optimal	0.0	0.0	1.0
VvuMBEL943_2022.xml	obj	R_R093	96.402322	optimal	0.0	0.0	1.0
VvuMBEL943_2022.xml	obj	R_R094	96.402322	optimal	0.0	0.0	1.0
VvuMBEL943_2022.xml	obj	R_R095	96.402322	optimal	0.0	0.0	1.0
VvuMBEL943_2022.xml	obj	R_R096	96.402322	optimal	0.0	0.0	1.0
VvuMBEL943_2022.xml	obj	R_R097	96.402322	optimal	0.0	0.0	1.0
VvuMBEL943_2022.xml	obj	R_R098	96.402322	optimal	0.0	0.0	1.0
VvuMBEL943_2022.xml	obj	R_R099	96.402322	optimal	0.0	0.0	1.0
VvuMBEL943_2022.xml	obj	R_R100	96.402322	optimal	0.0	0.0	1.0
VvuMBEL943_2022.xml	obj	R_R101	96.402322	optimal	0.0	0.0	1.0
VvuMBEL943_2022.xml	obj	R_R102	96.402322	optimal	0.0	0.0	1.0
VvuMBEL943_2022.xml	obj	R_R103	96.402322	optimal	0.0	0.0	1.0
VvuMBEL943_2022.xml	obj	R_R104	96.402322	optimal	5.285547	963.959028	1.0
VvuMBEL943_2022.xml	obj	R_R105	96.402322	optimal	0.0	958.673481	1.0
VvuMBEL943_2022.xml	obj	R_R106	96.402322	optimal	-5.285547	-5.285547	1.0
VvuMBEL943_2022.xml	obj	R_R107	96.402322	optimal	0.0	-0.0	1.0
VvuMBEL943_2022.xml	obj	R_R108	96.402322	optimal	0.0	-0.0	1.0
VvuMBEL943_2022.xml	obj	R_R109	96.402322	optimal	0.0	-0.0	1.0
VvuMBEL943_2022.xml	obj	R_R110	96.402322	optimal	-1000.0	994.714453	1.0
VvuMBEL943_2022.xml	obj	R_R111	96.402322	optimal	-1000.0	994.714453	1.0
VvuMBEL943_2022.xml	obj	R_R112	96.402322	optimal	0.0	-0.0	1.0
VvuMBEL943_2022.xml	obj	R_R113	96.402322	optimal	-1000.0	-1000.0	1.0
VvuMBEL943_2022.xml	obj	R_R114	96.402322	optimal	1000.0	1000.0	1.0
VvuMBEL943_2022.xml	obj	R_R115	96.402322	optimal	-5.285547	-5.285547	1.0
VvuMBEL943_2022.xml	obj	R_R116	96.402322	optimal	0.0	-0.0	1.0
VvuMBEL943_2022.xml	obj	R_R117	96.402322	optimal	5.285547	5.285547	1.0
VvuMBEL943_2022.xml	obj	R_R118	96.402322	optimal	0.0	0.0	1.0
VvuMBEL943_2022.xml	obj	R_R119	96.402322	optimal	-994.714453	1000.0	1.0
VvuMBEL943_2022.xml	obj	R_R120	96.402322	optimal	2.410058	2.410058	1.0
VvuMBEL943_2022.xml	obj	R_R121	96.402322	optimal	2.410058	2.410058	1.0
VvuMBEL943_2022.xml	obj	R_R122	96.402322	optimal	0.0	0.0	1.0
VvuMBEL943_2022.xml	obj	R_R123	96.402322	optimal	0.0	0.0	1.0
VvuMBEL943_2022.xml	obj	R_R124	96.402322	optimal	0.0	0.0	1.0
VvuMBEL943_2022.xml	obj	R_R125	96.402322	optimal	0.0	0.0	1.0
VvuMBEL943_2022.xml	obj	R_R126	96.402322	optimal	0.0	0.0	1.0
VvuMBEL943_2022.xml	obj	R_R127	96.402322	optimal	0.0	-0.0	1.0
VvuMBEL943_2022.xml	obj	R_R128	96.402322	optimal	0.0	0.0	1.0
VvuMBEL943_2022.xml	obj	R_R129	96.402322	optimal	-994.714453	1000.0	1.0
VvuMBEL943_2022.xml	obj	R_R130	96.402322	optimal	-1000.0	994.714453	1.0
VvuMBEL943_2022.xml	obj	R_R131	96.402322	optimal	-1000.0	994.714453	1.0
VvuMBEL943_2022.xml	obj	R_R132	96.402322	optimal	-994.714453	1000.0	1.0
VvuMBEL943_2022.xml	obj	R_R133	96.402322	optimal	0.0	0.0	1.0
VvuMBEL943_2022.xml	obj	R_R134	96.402322	optimal	0.0	0.0	1.0
VvuMBEL943_2022.xml	obj	R_R135	96.402322	optimal	-1000.0	1000.0	1.0
VvuMBEL943_2022.xml	obj	R_R136	96.402322	optimal	-1000.0	1000.0	1.0
VvuMBEL943_2022.xml	obj	R_R137	96.402322	optimal	-1000.0	1000.0	1.0
VvuMBEL943_2022.xml	obj	R_R138	96.402322	optimal	0.0	1000.0	1.0
VvuMBEL943_2022.xml	obj	R_R139	96.402322	optimal	-1000.0	-74.196137	1.0
VvuMBEL943_2022.xml	obj	R_R140	96.402322	optimal	0.0	3.819484	1.0
VvuMBEL943_2022.xml	obj	R_R141	96.402322	optimal	0.0	0.0	1.0
VvuMBEL943_2022.xml	obj	R_R142	96.402322	optimal	0.0	-0.0	1.0
VvuMBEL943_2022.xml	obj	R_R143	96.402322	optimal	0.0	-0.0	1.0
VvuMBEL943_2022.xml	obj	R_R144	96.402322	optimal	0.0	-0.0	1.0
VvuMBEL943_2022.xml	obj	R_R145	96.402322	optimal	-1000.0	1000.0	1.0
VvuMBEL943_2022.xml	obj	R_R146	96.402322	optimal	0.0	3.819484	1.0
VvuMBEL943_2022.xml	obj	R_R147	96.402322	optimal	0.0	733.152079	1.0
VvuMBEL943_2022.xml	obj	R_R148	96.402322	optimal	0.0	-0.0	1.0
VvuMBEL943_2022.xml	obj	R_R149	96.402322	optimal	0.812672	0.812672	1.0
VvuMBEL943_2022.xml	obj	R_R150	96.402322	optimal	0.0	0.0	1.0
VvuMBEL943_2022.xml	obj	R_R151	96.402322	optimal	0.0	999.528593	1.0
VvuMBEL943_2022.xml	obj	R_R152	96.402322	optimal	0.0	0.0	1.0
VvuMBEL943_2022.xml	obj	R_R153	96.402322	optimal	-1000.0	1000.0	1.0
VvuMBEL943_2022.xml	obj	R_R154	96.402322	optimal	-1000.0	1000.0	1.0
VvuMBEL943_2022.xml	obj	R_R155	96.402322	optimal	-1000.0	1000.0	1.0
VvuMBEL943_2022.xml	obj	R_R156	96.402322	optimal	-1000.0	1000.0	1.0
VvuMBEL943_2022.xml	obj	R_R157	96.402322	optimal	1.099647	1.099647	1.0
VvuMBEL943_2022.xml	obj	R_R158	96.402322	optimal	0.0	0.0	1.0
VvuMBEL943_2022.xml	obj	R_R159	96.402322	optimal	0.0	0.0	1.0
VvuMBEL943_2022.xml	obj	R_R160	96.402322	optimal	0.0	0.0	1.0
VvuMBEL943_2022.xml	obj	R_R161	96.402322	optimal	0.0	0.0	1.0
VvuMBEL943_2022.xml	obj	R_R162	96.402322	optimal	0.0	0.0	1.0
VvuMBEL943_2022.xml	obj	R_R163	96.402322	optimal	0.0	1000.0	1.0
VvuMBEL943_2022.xml	obj	R_R164	96.402322	optimal	0.0	1000.0	1.0
VvuMBEL943_2022.xml	obj	R_R165	96.402322	optimal	-1000.0	1000.0	1.0
VvuMBEL943_2022.xml	obj	R_R166	96.402322	optimal	-1000.0	1000.0	1.0
VvuMBEL943_2022.xml	obj	R_R167	96.402322	optimal	-1000.0	1000.0	1.0
VvuMBEL943_2022.xml	obj	R_R168	96.402322	optimal	0.0	0.0	1.0
VvuMBEL943_2022.xml	obj	R_R169	96.402322	optimal	0.0	0.0	1.0
VvuMBEL943_2022.xml	obj	R_R170	96.402322	optimal	0.0	0.0	1.0
VvuMBEL943_2022.xml	obj	R_R171	96.402322	optimal	0.0	3.819484	1.0
VvuMBEL943_2022.xml	obj	R_R172	96.402322	optimal	0.0	3.819484	1.0
VvuMBEL943_2022.xml	obj	R_R173	96.402322	optimal	0.0	3.819484	1.0
VvuMBEL943_2022.xml	obj	R_R174	96.402322	optimal	0.0	0.0	1.0
VvuMBEL943_2022.xml	obj	R_R175	96.402322	optimal	0.0	0.0	1.0
VvuMBEL943_2022.xml	obj	R_R176	96.402322	optimal	0.0	999.528593	1.0
VvuMBEL943_2022.xml	obj	R_R177	96.402322	optimal	0.0	3.819484	1.0
VvuMBEL943_2022.xml	obj	R_R178	96.402322	optimal	0.0	3.819484	1.0
VvuMBEL943_2022.xml	obj	R_R179	96.402322	optimal	0.0	3.819484	1.0
VvuMBEL943_2022.xml	obj	R_R180	96.402322	optimal	9.036633	1000.0	1.0
VvuMBEL943_2022.xml	obj	R_R181	96.402322	optimal	996.180516	1000.0	1.0
VvuMBEL943_2022.xml	obj	R_R182	96.402322	optimal	0.0	-0.0	1.0
VvuMBEL943_2022.xml	obj	R_R183	96.402322	optimal	1000.0	1000.0	1.0
VvuMBEL943_2022.xml	obj	R_R184	96.402322	optimal	0.0	1000.0	1.0
VvuMBEL943_2022.xml	obj	R_R185	96.402322	optimal	0.0	0.0	1.0
VvuMBEL943_2022.xml	obj	R_R186	96.402322	optimal	0.0	-0.0	1.0
VvuMBEL943_2022.xml	obj	R_R187	96.402322	optimal	0.0	0.0	1.0
VvuMBEL943_2022.xml	obj	R_R188	96.402322	optimal	0.0	0.0	1.0
VvuMBEL943_2022.xml	obj	R_R189	96.402322	optimal	0.0	0.0	1.0
VvuMBEL943_2022.xml	obj	R_R190	96.402322	optimal	-1000.0	1000.0	1.0
VvuMBEL943_2022.xml	obj	R_R191	96.402322	optimal	0.0	0.0	1.0
VvuMBEL943_2022.xml	obj	R_R192	96.402322	optimal	0.0	0.0	1.0
VvuMBEL943_2022.xml	obj	R_R193	96.402322	optimal	0.0	0.0	1.0
VvuMBEL943_2022.xml	obj	R_R194	96.402322	optimal	0.0	0.0	1.0
VvuMBEL943_2022.xml	obj	R_R195	96.402322	optimal	0.0	0.0	1.0
VvuMBEL943_2022.xml	obj	R_R196	96.402322	optimal	0.0	-0.0	1.0
VvuMBEL943_2022.xml	obj	R_R197	96.402322	optimal	157.630667	157.630667	1.0
VvuMBEL943_2022.xml	obj	R_R198	96.402322	optimal	157.630667	157.630667	1.0
VvuMBEL943_2022.xml	obj	R_R199	96.402322	optimal	22.185057	22.185057	1.0
VvuMBEL943_2022.xml	obj	R_R200	96.402322	optimal	1.167635	1.167635	1.0
VvuMBEL943_2022.xml	obj	R_R201	96.402322	optimal	0.0	0.0	1.0
VvuMBEL943_2022.xml	obj	R_R202	96.402322	optimal	0.0	0.0	1.0
VvuMBEL943_2022.xml	obj	R_R203	96.402322	optimal	0.0	0.0	1.0
VvuMBEL943_2022.xml	obj	R_R204	96.402322	optimal	1.21434	1.21434	1.0
VvuMBEL943_2022.xml	obj	R_R205	96.402322	optimal	0.0	-0.0	1.0
VvuMBEL943_2022.xml	obj	R_R206	96.402322	optimal	4.25019	4.25019	1.0
VvuMBEL943_2022.xml	obj	R_R207	96.402322	optimal	1.167635	1.167635	1.0
VvuMBEL943_2022.xml	obj	R_R208	96.402322	optimal	0.0	-0.0	1.0
VvuMBEL943_2022.xml	obj	R_R209	96.402322	optimal	9.10755	9.10755	1.0
VvuMBEL943_2022.xml	obj	R_R210	96.402322	optimal	5.604646	5.604646	1.0
VvuMBEL943_2022.xml	obj	R_R211	96.402322	optimal	0.0	-0.0	1.0
VvuMBEL943_2022.xml	obj	R_R212	96.402322	optimal	0.0	0.0	1.0
VvuMBEL943_2022.xml	obj	R_R213	96.402322	optimal	0.233527	0.233527	1.0
VvuMBEL943_2022.xml	obj	R_R214	96.402322	optimal	1.774805	1.774805	1.0
VvuMBEL943_2022.xml	obj	R_R215	96.402322	optimal	0.0	-0.0	1.0
VvuMBEL943_2022.xml	obj	R_R216	96.402322	optimal	0.0	-0.0	1.0
VvuMBEL943_2022.xml	obj	R_R217	96.402322	optimal	0.0	0.0	1.0
VvuMBEL943_2022.xml	obj	R_R218	96.402322	optimal	0.070707	0.070707	1.0
VvuMBEL943_2022.xml	obj	R_R219	96.402322	optimal	0.247475	0.247475	1.0
VvuMBEL943_2022.xml	obj	R_R220	96.402322	optimal	0.067988	0.067988	1.0
VvuMBEL943_2022.xml	obj	R_R221	96.402322	optimal	0.530304	0.530304	1.0
VvuMBEL943_2022.xml	obj	R_R222	96.402322	optimal	0.326341	0.326341	1.0
VvuMBEL943_2022.xml	obj	R_R223	96.402322	optimal	0.013598	0.013598	1.0
VvuMBEL943_2022.xml	obj	R_R224	96.402322	optimal	0.103341	0.103341	1.0
VvuMBEL943_2022.xml	obj	R_R225	96.402322	optimal	11.507545	11.507545	1.0
VvuMBEL943_2022.xml	obj	R_R226	96.402322	optimal	9.370306	9.370306	1.0
VvuMBEL943_2022.xml	obj	R_R227	96.402322	optimal	9.370306	9.370306	1.0
VvuMBEL943_2022.xml	obj	R_R228	96.402322	optimal	9.370306	9.370306	1.0
VvuMBEL943_2022.xml	obj	R_R229	96.402322	optimal	9.370306	9.370306	1.0
VvuMBEL943_2022.xml	obj	R_R230	96.402322	optimal	9.370306	9.370306	1.0
VvuMBEL943_2022.xml	obj	R_R231	96.402322	optimal	9.370306	9.370306	1.0
VvuMBEL943_2022.xml	obj	R_R232	96.402322	optimal	1.171288	1.171288	1.0
VvuMBEL943_2022.xml	obj	R_R233	96.402322	optimal	1.171288	1.171288	1.0
VvuMBEL943_2022.xml	obj	R_R234	96.402322	optimal	1.171288	1.171288	1.0
VvuMBEL943_2022.xml	obj	R_R235	96.402322	optimal	0.0	0.0	1.0
VvuMBEL943_2022.xml	obj	R_R236	96.402322	optimal	1.171288	1.171288	1.0
VvuMBEL943_2022.xml	obj	R_R237	96.402322	optimal	1.171288	1.171288	1.0
VvuMBEL943_2022.xml	obj	R_R238	96.402322	optimal	1.171288	1.171288	1.0
VvuMBEL943_2022.xml	obj	R_R239	96.402322	optimal	1.171288	1.171288	1.0
VvuMBEL943_2022.xml	obj	R_R240	96.402322	optimal	1.171288	1.171288	1.0
VvuMBEL943_2022.xml	obj	R_R241	96.402322	optimal	-0.0	1000.0	1.0
VvuMBEL943_2022.xml	obj	R_R242	96.402322	optimal	0.0	1000.0	1.0
VvuMBEL943_2022.xml	obj	R_R243	96.402322	optimal	-1000.0	1000.0	1.0
VvuMBEL943_2022.xml	obj	R_R244	96.402322	optimal	-1000.0	1000.0	1.0
VvuMBEL943_2022.xml	obj	R_R245	96.402322	optimal	0.0	3.819484	1.0
VvuMBEL943_2022.xml	obj	R_R246	96.402322	optimal	0.0	-0.0	1.0
VvuMBEL943_2022.xml	obj	R_R247	96.402322	optimal	0.0	0.0	1.0
VvuMBEL943_2022.xml	obj	R_R248	96.402322	optimal	0.0	3.819484	1.0
VvuMBEL943_2022.xml	obj	R_R249	96.402322	optimal	0.0	3.819484	1.0
VvuMBEL943_2022.xml	obj	R_R250	96.402322	optimal	-1000.0	1000.0	1.0
VvuMBEL943_2022.xml	obj	R_R251	96.402322	optimal	-1000.0	1000.0	1.0
VvuMBEL943_2022.xml	obj	R_R252	96.402322	optimal	-990.963367	3.819484	1.0
VvuMBEL943_2022.xml	obj	R_R253	96.402322	optimal	0.0	0.0	1.0
VvuMBEL943_2022.xml	obj	R_R254	96.402322	optimal	11.676346	11.676346	1.0
VvuMBEL943_2022.xml	obj	R_R255	96.402322	optimal	11.676346	11.676346	1.0
VvuMBEL943_2022.xml	obj	R_R256	96.402322	optimal	0.0	0.0	1.0
VvuMBEL943_2022.xml	obj	R_R257	96.402322	optimal	0.0	0.0	1.0
VvuMBEL943_2022.xml	obj	R_R258	96.402322	optimal	0.0	0.0	1.0
VvuMBEL943_2022.xml	obj	R_R259	96.402322	optimal	11.676346	11.676346	1.0
VvuMBEL943_2022.xml	obj	R_R260	96.402322	optimal	9.325286	9.325286	1.0
VvuMBEL943_2022.xml	obj	R_R261	96.402322	optimal	0.0	0.0	1.0
VvuMBEL943_2022.xml	obj	R_R262	96.402322	optimal	9.325286	9.325286	1.0
VvuMBEL943_2022.xml	obj	R_R263	96.402322	optimal	1.359755	1.359755	1.0
VvuMBEL943_2022.xml	obj	R_R264	96.402322	optimal	0.0	0.0	1.0
VvuMBEL943_2022.xml	obj	R_R265	96.402322	optimal	2.35106	2.35106	1.0
VvuMBEL943_2022.xml	obj	R_R266	96.402322	optimal	2.35106	2.35106	1.0
VvuMBEL943_2022.xml	obj	R_R267	96.402322	optimal	0.0	0.0	1.0
VvuMBEL943_2022.xml	obj	R_R268	96.402322	optimal	-997.799135	1000.0	1.0
VvuMBEL943_2022.xml	obj	R_R269	96.402322	optimal	0.0	0.0	1.0
VvuMBEL943_2022.xml	obj	R_R270	96.402322	optimal	0.0	0.0	1.0
VvuMBEL943_2022.xml	obj	R_R271	96.402322	optimal	0.0	0.0	1.0
VvuMBEL943_2022.xml	obj	R_R272	96.402322	optimal	0.0	0.0	1.0
VvuMBEL943_2022.xml	obj	R_R273	96.402322	optimal	0.0	0.0	1.0
VvuMBEL943_2022.xml	obj	R_R274	96.402322	optimal	0.0	0.0	1.0
VvuMBEL943_2022.xml	obj	R_R275	96.402322	optimal	0.0	0.0	1.0
VvuMBEL943_2022.xml	obj	R_R276	96.402322	optimal	0.0	0.0	1.0
VvuMBEL943_2022.xml	obj	R_R277	96.402322	optimal	0.0	0.0	1.0
VvuMBEL943_2022.xml	obj	R_R278	96.402322	optimal	0.0	0.0	1.0
VvuMBEL943_2022.xml	obj	R_R279	96.402322	optimal	0.0	0.0	1.0
VvuMBEL943_2022.xml	obj	R_R280	96.402322	optimal	0.0	0.0	1.0
VvuMBEL943_2022.xml	obj	R_R281	96.402322	optimal	0.0	0.0	1.0
VvuMBEL943_2022.xml	obj	R_R282	96.402322	optimal	0.0	0.0	1.0
VvuMBEL943_2022.xml	obj	R_R283	96.402322	optimal	0.0	19.816269	1.0
VvuMBEL943_2022.xml	obj	R_R284	96.402322	optimal	0.0	0.0	1.0
VvuMBEL943_2022.xml	obj	R_R285	96.402322	optimal	0.0	0.0	1.0
VvuMBEL943_2022.xml	obj	R_R286	96.402322	optimal	-1000.0	0.0	1.0
VvuMBEL943_2022.xml	obj	R_R287	96.402322	optimal	-1000.0	1000.0	1.0
VvuMBEL943_2022.xml	obj	R_R288	96.402322	optimal	0.0	1000.0	1.0
VvuMBEL943_2022.xml	obj	R_R289	96.402322	optimal	-1000.0	0.0	1.0
VvuMBEL943_2022.xml	obj	R_R290	96.402322	optimal	0.0	0.0	1.0
VvuMBEL943_2022.xml	obj	R_R291	96.402322	optimal	0.0	0.0	1.0
VvuMBEL943_2022.xml	obj	R_R292	96.402322	optimal	0.0	-0.0	1.0
VvuMBEL943_2022.xml	obj	R_R293	96.402322	optimal	0.0	0.0	1.0
VvuMBEL943_2022.xml	obj	R_R294	96.402322	optimal	-2.579051	-2.579051	1.0
VvuMBEL943_2022.xml	obj	R_R295	96.402322	optimal	-2.259285	-2.259285	1.0
VvuMBEL943_2022.xml	obj	R_R296	96.402322	optimal	0.0	1000.0	1.0
VvuMBEL943_2022.xml	obj	R_R297	96.402322	optimal	-1000.0	997.420949	1.0
VvuMBEL943_2022.xml	obj	R_R298	96.402322	optimal	-1000.0	979.23976	1.0
VvuMBEL943_2022.xml	obj	R_R299	96.402322	optimal	0.0	1000.0	1.0
VvuMBEL943_2022.xml	obj	R_R300	96.402322	optimal	0.0	-0.0	1.0
VvuMBEL943_2022.xml	obj	R_R301	96.402322	optimal	0.0	0.0	1.0
VvuMBEL943_2022.xml	obj	R_R302	96.402322	optimal	2.259285	2.259285	1.0
VvuMBEL943_2022.xml	obj	R_R303	96.402322	optimal	0.0	1000.0	1.0
VvuMBEL943_2022.xml	obj	R_R304	96.402322	optimal	0.0	0.0	1.0
VvuMBEL943_2022.xml	obj	R_R305	96.402322	optimal	0.0	0.0	1.0
VvuMBEL943_2022.xml	obj	R_R306	96.402322	optimal	0.0	1000.0	1.0
VvuMBEL943_2022.xml	obj	R_R307	96.402322	optimal	0.0	1000.0	1.0
VvuMBEL943_2022.xml	obj	R_R308	96.402322	optimal	0.0	1000.0	1.0
VvuMBEL943_2022.xml	obj	R_R309	96.402322	optimal	0.0	1000.0	1.0
VvuMBEL943_2022.xml	obj	R_R310	96.402322	optimal	-18.408505	981.591495	1.0
VvuMBEL943_2022.xml	obj	R_R311	96.402322	optimal	-1000.0	-0.0	1.0
VvuMBEL943_2022.xml	obj	R_R312	96.402322	optimal	-2.579051	1000.0	1.0
VvuMBEL943_2022.xml	obj	R_R313	96.402322	optimal	-2.259285	40.576509	1.0
VvuMBEL943_2022.xml	obj	R_R314	96.402322	optimal	-1000.0	0.0	1.0
VvuMBEL943_2022.xml	obj	R_R315	96.402322	optimal	-19.816269	982.762783	1.0
VvuMBEL943_2022.xml	obj	R_R316	96.402322	optimal	-1000.0	1000.0	1.0
VvuMBEL943_2022.xml	obj	R_R317	96.402322	optimal	-0.0	0.0	1.0
VvuMBEL943_2022.xml	obj	R_R318	96.402322	optimal	0.0	0.0	1.0
VvuMBEL943_2022.xml	obj	R_R319	96.402322	optimal	0.0	0.0	1.0
VvuMBEL943_2022.xml	obj	R_R320	96.402322	optimal	0.0	0.0	1.0
VvuMBEL943_2022.xml	obj	R_R321	96.402322	optimal	-1000.0	-95.861216	1.0
VvuMBEL943_2022.xml	obj	R_R322	96.402322	optimal	0.0	0.0	1.0
VvuMBEL943_2022.xml	obj	R_R323	96.402322	optimal	-997.420949	1000.0	1.0
VvuMBEL943_2022.xml	obj	R_R324	96.402322	optimal	20.76024	20.76024	1.0
VvuMBEL943_2022.xml	obj	R_R325	96.402322	optimal	-979.23976	1000.0	1.0
VvuMBEL943_2022.xml	obj	R_R326	96.402322	optimal	0.0	0.0	1.0
VvuMBEL943_2022.xml	obj	R_R327	96.402322	optimal	-997.740715	1000.0	1.0
VvuMBEL943_2022.xml	obj	R_R328	96.402322	optimal	0.0	0.0	1.0
VvuMBEL943_2022.xml	obj	R_R329	96.402322	optimal	0.0	-0.0	1.0
VvuMBEL943_2022.xml	obj	R_R330	96.402322	optimal	0.0	-0.0	1.0
VvuMBEL943_2022.xml	obj	R_R331	96.402322	optimal	2.579051	2.579051	1.0
VvuMBEL943_2022.xml	obj	R_R332	96.402322	optimal	-1000.0	1000.0	1.0
VvuMBEL943_2022.xml	obj	R_R333	96.402322	optimal	-0.0	1000.0	1.0
VvuMBEL943_2022.xml	obj	R_R334	96.402322	optimal	0.0	0.0	1.0
VvuMBEL943_2022.xml	obj	R_R335	96.402322	optimal	0.0	0.0	1.0
VvuMBEL943_2022.xml	obj	R_R336	96.402322	optimal	0.0	0.0	1.0
VvuMBEL943_2022.xml	obj	R_R337	96.402322	optimal	0.0	0.0	1.0
VvuMBEL943_2022.xml	obj	R_R338	96.402322	optimal	-1000.0	1000.0	1.0
VvuMBEL943_2022.xml	obj	R_R339	96.402322	optimal	-1000.0	1000.0	1.0
VvuMBEL943_2022.xml	obj	R_R340	96.402322	optimal	0.0	0.0	1.0
VvuMBEL943_2022.xml	obj	R_R341	96.402322	optimal	0.0	0.0	1.0
VvuMBEL943_2022.xml	obj	R_R342	96.402322	optimal	15.749729	18.328781	1.0
VvuMBEL943_2022.xml	obj	R_R343	96.402322	optimal	17.105725	1000.0	1.0
VvuMBEL943_2022.xml	obj	R_R344	96.402322	optimal	0.0	0.0	1.0
VvuMBEL943_2022.xml	obj	R_R345	96.402322	optimal	0.0	0.0	1.0
VvuMBEL943_2022.xml	obj	R_R346	96.402322	optimal	35.272742	40.111078	1.0
VvuMBEL943_2022.xml	obj	R_R347	96.402322	optimal	0.0	4.838336	1.0
VvuMBEL943_2022.xml	obj	R_R348	96.402322	optimal	-2.579051	1000.0	1.0
VvuMBEL943_2022.xml	obj	R_R349	96.402322	optimal	0.0	2.579051	1.0
VvuMBEL943_2022.xml	obj	R_R350	96.402322	optimal	2.579051	2.579051	1.0
VvuMBEL943_2022.xml	obj	R_R351	96.402322	optimal	2.579051	1000.0	1.0
VvuMBEL943_2022.xml	obj	R_R352	96.402322	optimal	37.532027	40.111078	1.0
VvuMBEL943_2022.xml	obj	R_R353	96.402322	optimal	2.259285	4.838336	1.0
VvuMBEL943_2022.xml	obj	R_R354	96.402322	optimal	-2.579051	0.0	1.0
VvuMBEL943_2022.xml	obj	R_R355	96.402322	optimal	0.0	2.579051	1.0
VvuMBEL943_2022.xml	obj	R_R356	96.402322	optimal	-1000.0	15.918723	1.0
VvuMBEL943_2022.xml	obj	R_R357	96.402322	optimal	0.0	0.0	1.0
VvuMBEL943_2022.xml	obj	R_R358	96.402322	optimal	0.0	1000.0	1.0
VvuMBEL943_2022.xml	obj	R_R359	96.402322	optimal	0.0	15.918723	1.0
VvuMBEL943_2022.xml	obj	R_R360	96.402322	optimal	0.0	0.0	1.0
VvuMBEL943_2022.xml	obj	R_R361	96.402322	optimal	-2.579051	1000.0	1.0
VvuMBEL943_2022.xml	obj	R_R362	96.402322	optimal	0.0	2.579051	1.0
VvuMBEL943_2022.xml	obj	R_R363	96.402322	optimal	0.0	2.579051	1.0
VvuMBEL943_2022.xml	obj	R_R364	96.402322	optimal	0.0	4.838336	1.0
VvuMBEL943_2022.xml	obj	R_R365	96.402322	optimal	-2.579051	0.0	1.0
VvuMBEL943_2022.xml	obj	R_R366	96.402322	optimal	0.0	18.59302	1.0
VvuMBEL943_2022.xml	obj	R_R367	96.402322	optimal	0.0	1000.0	1.0
VvuMBEL943_2022.xml	obj	R_R368	96.402322	optimal	0.0	18.59302	1.0
VvuMBEL943_2022.xml	obj	R_R369	96.402322	optimal	0.0	1000.0	1.0
VvuMBEL943_2022.xml	obj	R_R370	96.402322	optimal	0.0	18.59302	1.0
VvuMBEL943_2022.xml	obj	R_R371	96.402322	optimal	0.0	1000.0	1.0
VvuMBEL943_2022.xml	obj	R_R372	96.402322	optimal	0.0	18.59302	1.0
VvuMBEL943_2022.xml	obj	R_R373	96.402322	optimal	0.0	1000.0	1.0
VvuMBEL943_2022.xml	obj	R_R374	96.402322	optimal	0.0	18.59302	1.0
VvuMBEL943_2022.xml	obj	R_R375	96.402322	optimal	0.0	997.420949	1.0
VvuMBEL943_2022.xml	obj	R_R376	96.402322	optimal	0.0	18.59302	1.0
VvuMBEL943_2022.xml	obj	R_R377	96.402322	optimal	0.0	1000.0	1.0
VvuMBEL943_2022.xml	obj	R_R378	96.402322	optimal	0.0	18.59302	1.0
VvuMBEL943_2022.xml	obj	R_R379	96.402322	optimal	0.0	1000.0	1.0
VvuMBEL943_2022.xml	obj	R_R380	96.402322	optimal	0.0	18.59302	1.0
VvuMBEL943_2022.xml	obj	R_R381	96.402322	optimal	0.0	1000.0	1.0
VvuMBEL943_2022.xml	obj	R_R382	96.402322	optimal	0.0	18.59302	1.0
VvuMBEL943_2022.xml	obj	R_R383	96.402322	optimal	0.0	982.894275	1.0
VvuMBEL943_2022.xml	obj	R_R384	96.402322	optimal	0.0	-0.0	1.0
VvuMBEL943_2022.xml	obj	R_R385	96.402322	optimal	0.0	-0.0	1.0
VvuMBEL943_2022.xml	obj	R_R386	96.402322	optimal	0.0	0.0	1.0
VvuMBEL943_2022.xml	obj	R_R387	96.402322	optimal	0.0	-0.0	1.0
VvuMBEL943_2022.xml	obj	R_R388	96.402322	optimal	0.0	0.0	1.0
VvuMBEL943_2022.xml	obj	R_R389	96.402322	optimal	0.0	0.0	1.0
VvuMBEL943_2022.xml	obj	R_R390	96.402322	optimal	0.0	0.0	1.0
VvuMBEL943_2022.xml	obj	R_R391	96.402322	optimal	0.0	0.0	1.0
VvuMBEL943_2022.xml	obj	R_R392	96.402322	optimal	0.0	15.918723	1.0
VvuMBEL943_2022.xml	obj	R_R393	96.402322	optimal	0.0	15.918723	1.0
VvuMBEL943_2022.xml	obj	R_R394	96.402322	optimal	0.0	2.579051	1.0
VvuMBEL943_2022.xml	obj	R_R395	96.402322	optimal	-1000.0	15.918723	1.0
VvuMBEL943_2022.xml	obj	R_R396	96.402322	optimal	0.0	0.0	1.0
VvuMBEL943_2022.xml	obj	R_R397	96.402322	optimal	0.0	958.673481	1.0
VvuMBEL943_2022.xml	obj	R_R398	96.402322	optimal	0.0	3.819484	1.0
VvuMBEL943_2022.xml	obj	R_R399	96.402322	optimal	0.0	0.0	1.0
VvuMBEL943_2022.xml	obj	R_R400	96.402322	optimal	0.0	0.0	1.0
VvuMBEL943_2022.xml	obj	R_R401	96.402322	optimal	0.0	0.0	1.0
VvuMBEL943_2022.xml	obj	R_R402	96.402322	optimal	0.0	0.0	1.0
VvuMBEL943_2022.xml	obj	R_R403	96.402322	optimal	0.0	0.0	1.0
VvuMBEL943_2022.xml	obj	R_R404	96.402322	optimal	-1000.0	1000.0	1.0
VvuMBEL943_2022.xml	obj	R_R405	96.402322	optimal	-1000.0	1000.0	1.0
VvuMBEL943_2022.xml	obj	R_R406	96.402322	optimal	-1000.0	1000.0	1.0
VvuMBEL943_2022.xml	obj	R_R407	96.402322	optimal	0.0	-0.0	1.0
VvuMBEL943_2022.xml	obj	R_R408	96.402322	optimal	0.0	0.0	1.0
VvuMBEL943_2022.xml	obj	R_R409	96.402322	optimal	0.0	-0.0	1.0
VvuMBEL943_2022.xml	obj	R_R410	96.402322	optimal	0.0	-0.0	1.0
VvuMBEL943_2022.xml	obj	R_R411	96.402322	optimal	0.0	976.776681	1.0
VvuMBEL943_2022.xml	obj	R_R412	96.402322	optimal	-1000.0	1000.0	1.0
VvuMBEL943_2022.xml	obj	R_R413	96.402322	optimal	0.471407	1000.0	1.0
VvuMBEL943_2022.xml	obj	R_R414	96.402322	optimal	0.0	0.0	1.0
VvuMBEL943_2022.xml	obj	R_R415	96.402322	optimal	0.0	-0.0	1.0
VvuMBEL943_2022.xml	obj	R_R416	96.402322	optimal	0.0	-0.0	1.0
VvuMBEL943_2022.xml	obj	R_R417	96.402322	optimal	-1000.0	997.589942	1.0
VvuMBEL943_2022.xml	obj	R_R418	96.402322	optimal	-1000.0	997.589942	1.0
VvuMBEL943_2022.xml	obj	R_R419	96.402322	optimal	0.0	-0.0	1.0
VvuMBEL943_2022.xml	obj	R_R420	96.402322	optimal	0.0	-0.0	1.0
VvuMBEL943_2022.xml	obj	R_R421	96.402322	optimal	0.0	-0.0	1.0
VvuMBEL943_2022.xml	obj	R_R422	96.402322	optimal	0.0	-0.0	1.0
VvuMBEL943_2022.xml	obj	R_R423	96.402322	optimal	0.0	-0.0	1.0
VvuMBEL943_2022.xml	obj	R_R424	96.402322	optimal	-1000.0	899.420596	1.0
VvuMBEL943_2022.xml	obj	R_R425	96.402322	optimal	-1000.0	972.389714	1.0
VvuMBEL943_2022.xml	obj	R_R426	96.402322	optimal	0.0	0.0	1.0
VvuMBEL943_2022.xml	obj	R_R427	96.402322	optimal	-1000.0	0.0	1.0
VvuMBEL943_2022.xml	obj	R_R428	96.402322	optimal	0.0	1000.0	1.0
VvuMBEL943_2022.xml	obj	R_R429	96.402322	optimal	0.0	1000.0	1.0
VvuMBEL943_2022.xml	obj	R_R430	96.402322	optimal	0.0	1000.0	1.0
VvuMBEL943_2022.xml	obj	R_R431	96.402322	optimal	0.0	1000.0	1.0
VvuMBEL943_2022.xml	obj	R_R432	96.402322	optimal	0.0	1000.0	1.0
VvuMBEL943_2022.xml	obj	R_R433	96.402322	optimal	-1000.0	1000.0	1.0
VvuMBEL943_2022.xml	obj	R_R434	96.402322	optimal	1.099647	921.248964	1.0
VvuMBEL943_2022.xml	obj	R_R435	96.402322	optimal	0.0	0.0	1.0
VvuMBEL943_2022.xml	obj	R_R436	96.402322	optimal	0.0	0.0	1.0
VvuMBEL943_2022.xml	obj	R_R437	96.402322	optimal	0.0	0.0	1.0
VvuMBEL943_2022.xml	obj	R_R438	96.402322	optimal	0.0	0.0	1.0
VvuMBEL943_2022.xml	obj	R_R439	96.402322	optimal	0.0	0.0	1.0
VvuMBEL943_2022.xml	obj	R_R440	96.402322	optimal	0.0	0.0	1.0
VvuMBEL943_2022.xml	obj	R_R441	96.402322	optimal	0.0	0.0	1.0
VvuMBEL943_2022.xml	obj	R_R442	96.402322	optimal	0.0	0.0	1.0
VvuMBEL943_2022.xml	obj	R_R443	96.402322	optimal	0.0	-0.0	1.0
VvuMBEL943_2022.xml	obj	R_R444	96.402322	optimal	0.0	-0.0	1.0
VvuMBEL943_2022.xml	obj	R_R445	96.402322	optimal	0.0	-0.0	1.0
VvuMBEL943_2022.xml	obj	R_R446	96.402322	optimal	0.0	-0.0	1.0
VvuMBEL943_2022.xml	obj	R_R447	96.402322	optimal	0.0	0.0	1.0
VvuMBEL943_2022.xml	obj	R_R448	96.402322	optimal	0.0	-0.0	1.0
VvuMBEL943_2022.xml	obj	R_R449	96.402322	optimal	0.0	0.0	1.0
VvuMBEL943_2022.xml	obj	R_R450	96.402322	optimal	0.0	-0.0	1.0
VvuMBEL943_2022.xml	obj	R_R451	96.402322	optimal	1.171288	1.171288	1.0
VvuMBEL943_2022.xml	obj	R_R452	96.402322	optimal	0.0	0.0	1.0
VvuMBEL943_2022.xml	obj	R_R453	96.402322	optimal	1.171288	1.171288	1.0
VvuMBEL943_2022.xml	obj	R_R454	96.402322	optimal	0.0	-0.0	1.0
VvuMBEL943_2022.xml	obj	R_R455	96.402322	optimal	0.0	-0.0	1.0
VvuMBEL943_2022.xml	obj	R_R456	96.402322	optimal	1.171288	1.171288	1.0
VvuMBEL943_2022.xml	obj	R_R457	96.402322	optimal	1.171288	1.171288	1.0
VvuMBEL943_2022.xml	obj	R_R458	96.402322	optimal	0.0	-0.0	1.0
VvuMBEL943_2022.xml	obj	R_R459	96.402322	optimal	0.0	0.0	1.0
VvuMBEL943_2022.xml	obj	R_R460	96.402322	optimal	0.0	-0.0	1.0
VvuMBEL943_2022.xml	obj	R_R461	96.402322	optimal	0.0	-0.0	1.0
VvuMBEL943_2022.xml	obj	R_R462	96.402322	optimal	0.0	0.0	1.0
VvuMBEL943_2022.xml	obj	R_R463	96.402322	optimal	0.0	0.0	1.0
VvuMBEL943_2022.xml	obj	R_R464	96.402322	optimal	0.0	0.0	1.0
VvuMBEL943_2022.xml	obj	R_R465	96.402322	optimal	0.0	0.0	1.0
VvuMBEL943_2022.xml	obj	R_R466	96.402322	optimal	0.0	0.0	1.0
VvuMBEL943_2022.xml	obj	R_R467	96.402322	optimal	0.0	0.0	1.0
VvuMBEL943_2022.xml	obj	R_R468	96.402322	optimal	0.0	0.0	1.0
VvuMBEL943_2022.xml	obj	R_R469	96.402322	optimal	0.0	-0.0	1.0
VvuMBEL943_2022.xml	obj	R_R470	96.402322	optimal	0.0	0.0	1.0
VvuMBEL943_2022.xml	obj	R_R471	96.402322	optimal	0.0	-0.0	1.0
VvuMBEL943_2022.xml	obj	R_R472	96.402322	optimal	0.0	0.0	1.0
VvuMBEL943_2022.xml	obj	R_R473	96.402322	optimal	0.0	0.0	1.0
VvuMBEL943_2022.xml	obj	R_R474	96.402322	optimal	0.0	0.0	1.0
VvuMBEL943_2022.xml	obj	R_R475	96.402322	optimal	0.0	0.0	1.0
VvuMBEL943_2022.xml	obj	R_R476	96.402322	optimal	0.0	0.0	1.0
VvuMBEL943_2022.xml	obj	R_R477	96.402322	optimal	0.0	0.0	1.0
VvuMBEL943_2022.xml	obj	R_R478	96.402322	optimal	0.0	0.0	1.0
VvuMBEL943_2022.xml	obj	R_R479	96.402322	optimal	0.0	0.0	1.0
VvuMBEL943_2022.xml	obj	R_R480	96.402322	optimal	0.0	0.0	1.0
VvuMBEL943_2022.xml	obj	R_R481	96.402322	optimal	0.0	0.0	1.0
VvuMBEL943_2022.xml	obj	R_R482	96.402322	optimal	0.0	0.0	1.0
VvuMBEL943_2022.xml	obj	R_R483	96.402322	optimal	0.0	0.0	1.0
VvuMBEL943_2022.xml	obj	R_R484	96.402322	optimal	0.0	1000.0	1.0
VvuMBEL943_2022.xml	obj	R_R485	96.402322	optimal	0.0	1000.0	1.0
VvuMBEL943_2022.xml	obj	R_R486	96.402322	optimal	-1000.0	999.528593	1.0
VvuMBEL943_2022.xml	obj	R_R487	96.402322	optimal	0.0	1000.0	1.0
VvuMBEL943_2022.xml	obj	R_R488	96.402322	optimal	0.0	920.149318	1.0
VvuMBEL943_2022.xml	obj	R_R489	96.402322	optimal	0.0	920.149318	1.0
VvuMBEL943_2022.xml	obj	R_R490	96.402322	optimal	0.0	920.149318	1.0
VvuMBEL943_2022.xml	obj	R_R491	96.402322	optimal	0.0	920.149318	1.0
VvuMBEL943_2022.xml	obj	R_R492	96.402322	optimal	0.0	692.935618	1.0
VvuMBEL943_2022.xml	obj	R_R493	96.402322	optimal	0.0	692.935618	1.0
VvuMBEL943_2022.xml	obj	R_R494	96.402322	optimal	0.0	692.935618	1.0
VvuMBEL943_2022.xml	obj	R_R495	96.402322	optimal	0.0	692.935618	1.0
VvuMBEL943_2022.xml	obj	R_R496	96.402322	optimal	0.0	692.935618	1.0
VvuMBEL943_2022.xml	obj	R_R497	96.402322	optimal	0.0	-0.0	1.0
VvuMBEL943_2022.xml	obj	R_R498	96.402322	optimal	0.0	-0.0	1.0
VvuMBEL943_2022.xml	obj	R_R499	96.402322	optimal	0.0	-0.0	1.0
VvuMBEL943_2022.xml	obj	R_R500	96.402322	optimal	2.410058	2.410058	1.0
VvuMBEL943_2022.xml	obj	R_R501	96.402322	optimal	0.0	2.410058	1.0
VvuMBEL943_2022.xml	obj	R_R502	96.402322	optimal	0.0	2.410058	1.0
VvuMBEL943_2022.xml	obj	R_R503	96.402322	optimal	2.410058	2.410058	1.0
VvuMBEL943_2022.xml	obj	R_R504	96.402322	optimal	2.410058	2.410058	1.0
VvuMBEL943_2022.xml	obj	R_R505	96.402322	optimal	2.410058	2.410058	1.0
VvuMBEL943_2022.xml	obj	R_R506	96.402322	optimal	2.410058	2.410058	1.0
VvuMBEL943_2022.xml	obj	R_R507	96.402322	optimal	0.0	-0.0	1.0
VvuMBEL943_2022.xml	obj	R_R508	96.402322	optimal	0.0	-0.0	1.0
VvuMBEL943_2022.xml	obj	R_R509	96.402322	optimal	0.0	-0.0	1.0
VvuMBEL943_2022.xml	obj	R_R510	96.402322	optimal	0.0	-0.0	1.0
VvuMBEL943_2022.xml	obj	R_R511	96.402322	optimal	0.0	-0.0	1.0
VvuMBEL943_2022.xml	obj	R_R512	96.402322	optimal	0.0	0.0	1.0
VvuMBEL943_2022.xml	obj	R_R513	96.402322	optimal	0.0	0.0	1.0
VvuMBEL943_2022.xml	obj	R_R514	96.402322	optimal	0.0	1000.0	1.0
VvuMBEL943_2022.xml	obj	R_R515	96.402322	optimal	0.0	-0.0	1.0
VvuMBEL943_2022.xml	obj	R_R516	96.402322	optimal	0.0	-0.0	1.0
VvuMBEL943_2022.xml	obj	R_R517	96.402322	optimal	0.0	0.0	1.0
VvuMBEL943_2022.xml	obj	R_R518	96.402322	optimal	0.0	0.0	1.0
VvuMBEL943_2022.xml	obj	R_R519	96.402322	optimal	0.0	979.215659	1.0
VvuMBEL943_2022.xml	obj	R_R520	96.402322	optimal	0.0	979.215659	1.0
VvuMBEL943_2022.xml	obj	R_R521	96.402322	optimal	0.0	979.215659	1.0
VvuMBEL943_2022.xml	obj	R_R522	96.402322	optimal	0.0	3.819484	1.0
VvuMBEL943_2022.xml	obj	R_R523	96.402322	optimal	0.0	0.0	1.0
VvuMBEL943_2022.xml	obj	R_R524	96.402322	optimal	0.0	3.819484	1.0
VvuMBEL943_2022.xml	obj	R_R525	96.402322	optimal	0.0	3.819484	1.0
VvuMBEL943_2022.xml	obj	R_R526	96.402322	optimal	0.0	3.819484	1.0
VvuMBEL943_2022.xml	obj	R_R527	96.402322	optimal	0.0	0.0	1.0
VvuMBEL943_2022.xml	obj	R_R528	96.402322	optimal	0.0	0.0	1.0
VvuMBEL943_2022.xml	obj	R_R529	96.402322	optimal	0.0	0.0	1.0
VvuMBEL943_2022.xml	obj	R_R530	96.402322	optimal	0.0	0.0	1.0
VvuMBEL943_2022.xml	obj	R_R531	96.402322	optimal	-1000.0	0.0	1.0
VvuMBEL943_2022.xml	obj	R_R532	96.402322	optimal	0.0	0.0	1.0
VvuMBEL943_2022.xml	obj	R_R533	96.402322	optimal	0.0	0.0	1.0
VvuMBEL943_2022.xml	obj	R_R534	96.402322	optimal	0.0	0.0	1.0
VvuMBEL943_2022.xml	obj	R_R535	96.402322	optimal	0.0	0.0	1.0
VvuMBEL943_2022.xml	obj	R_R536	96.402322	optimal	0.0	0.0	1.0
VvuMBEL943_2022.xml	obj	R_R537	96.402322	optimal	0.0	1000.0	1.0
VvuMBEL943_2022.xml	obj	R_R538	96.402322	optimal	0.0	0.0	1.0
VvuMBEL943_2022.xml	obj	R_R539	96.402322	optimal	0.0	0.0	1.0
VvuMBEL943_2022.xml	obj	R_R540	96.402322	optimal	0.0	0.0	1.0
VvuMBEL943_2022.xml	obj	R_R541	96.402322	optimal	0.0	0.0	1.0
VvuMBEL943_2022.xml	obj	R_R542	96.402322	optimal	0.0	0.0	1.0
VvuMBEL943_2022.xml	obj	R_R543	96.402322	optimal	0.0	0.0	1.0
VvuMBEL943_2022.xml	obj	R_R544	96.402322	optimal	0.0	0.0	1.0
VvuMBEL943_2022.xml	obj	R_R545	96.402322	optimal	0.0	0.0	1.0
VvuMBEL943_2022.xml	obj	R_R546	96.402322	optimal	0.0	0.0	1.0
VvuMBEL943_2022.xml	obj	R_R547	96.402322	optimal	0.0	0.0	1.0
VvuMBEL943_2022.xml	obj	R_R548	96.402322	optimal	0.0	0.0	1.0
VvuMBEL943_2022.xml	obj	R_R549	96.402322	optimal	0.0	0.0	1.0
VvuMBEL943_2022.xml	obj	R_R550	96.402322	optimal	0.0	0.0	1.0
VvuMBEL943_2022.xml	obj	R_R551	96.402322	optimal	0.0	0.0	1.0
VvuMBEL943_2022.xml	obj	R_R552	96.402322	optimal	0.0	0.0	1.0
VvuMBEL943_2022.xml	obj	R_R553	96.402322	optimal	0.0	0.0	1.0
VvuMBEL943_2022.xml	obj	R_R554	96.402322	optimal	0.0	0.0	1.0
VvuMBEL943_2022.xml	obj	R_R555	96.402322	optimal	0.0	1000.0	1.0
VvuMBEL943_2022.xml	obj	R_R556	96.402322	optimal	0.0	0.0	1.0
VvuMBEL943_2022.xml	obj	R_R557	96.402322	optimal	0.0	0.0	1.0
VvuMBEL943_2022.xml	obj	R_R558	96.402322	optimal	0.0	0.0	1.0
VvuMBEL943_2022.xml	obj	R_R559	96.402322	optimal	0.0	0.0	1.0
VvuMBEL943_2022.xml	obj	R_R560	96.402322	optimal	0.0	0.0	1.0
VvuMBEL943_2022.xml	obj	R_R561	96.402322	optimal	0.0	0.0	1.0
VvuMBEL943_2022.xml	obj	R_R562	96.402322	optimal	0.0	1000.0	1.0
VvuMBEL943_2022.xml	obj	R_R563	96.402322	optimal	0.0	0.0	1.0
VvuMBEL943_2022.xml	obj	R_R564	96.402322	optimal	0.0	0.0	1.0
VvuMBEL943_2022.xml	obj	R_R565	96.402322	optimal	0.0	0.0	1.0
VvuMBEL943_2022.xml	obj	R_R566	96.402322	optimal	0.0	0.0	1.0
VvuMBEL943_2022.xml	obj	R_R567	96.402322	optimal	-0.0	0.0	1.0
VvuMBEL943_2022.xml	obj	R_R568	96.402322	optimal	1.98396	1.98396	1.0
VvuMBEL943_2022.xml	obj	R_R569	96.402322	optimal	1.98396	1.98396	1.0
VvuMBEL943_2022.xml	obj	R_R570	96.402322	optimal	1.98396	1.98396	1.0
VvuMBEL943_2022.xml	obj	R_R571	96.402322	optimal	0.0	0.0	1.0
VvuMBEL943_2022.xml	obj	R_R572	96.402322	optimal	1.98396	1.98396	1.0
VvuMBEL943_2022.xml	obj	R_R573	96.402322	optimal	1.98396	1.98396	1.0
VvuMBEL943_2022.xml	obj	R_R574	96.402322	optimal	1.98396	1.98396	1.0
VvuMBEL943_2022.xml	obj	R_R575	96.402322	optimal	1.98396	1.98396	1.0
VvuMBEL943_2022.xml	obj	R_R576	96.402322	optimal	0.0	0.0	1.0
VvuMBEL943_2022.xml	obj	R_R577	96.402322	optimal	0.0	0.0	1.0
VvuMBEL943_2022.xml	obj	R_R578	96.402322	optimal	0.0	-0.0	1.0
VvuMBEL943_2022.xml	obj	R_R579	96.402322	optimal	0.0	-0.0	1.0
VvuMBEL943_2022.xml	obj	R_R580	96.402322	optimal	0.0	-0.0	1.0
VvuMBEL943_2022.xml	obj	R_R581	96.402322	optimal	0.0	1000.0	1.0
VvuMBEL943_2022.xml	obj	R_R582	96.402322	optimal	0.0	1000.0	1.0
VvuMBEL943_2022.xml	obj	R_R583	96.402322	optimal	0.0	1000.0	1.0
VvuMBEL943_2022.xml	obj	R_R584	96.402322	optimal	0.0	-0.0	1.0
VvuMBEL943_2022.xml	obj	R_R585	96.402322	optimal	0.0	-0.0	1.0
VvuMBEL943_2022.xml	obj	R_R586	96.402322	optimal	0.0	0.0	1.0
VvuMBEL943_2022.xml	obj	R_R587	96.402322	optimal	0.0	0.0	1.0
VvuMBEL943_2022.xml	obj	R_R588	96.402322	optimal	0.0	1000.0	1.0
VvuMBEL943_2022.xml	obj	R_R589	96.402322	optimal	0.0	0.0	1.0
VvuMBEL943_2022.xml	obj	R_R590	96.402322	optimal	0.0	0.0	1.0
VvuMBEL943_2022.xml	obj	R_R591	96.402322	optimal	0.0	501.909742	1.0
VvuMBEL943_2022.xml	obj	R_R592	96.402322	optimal	0.0	-0.0	1.0
VvuMBEL943_2022.xml	obj	R_R593	96.402322	optimal	0.0	-0.0	1.0
VvuMBEL943_2022.xml	obj	R_R594	96.402322	optimal	-979.215659	-0.0	1.0
VvuMBEL943_2022.xml	obj	R_R595	96.402322	optimal	-1000.0	1000.0	1.0
VvuMBEL943_2022.xml	obj	R_R596	96.402322	optimal	-1000.0	1000.0	1.0
VvuMBEL943_2022.xml	obj	R_R597	96.402322	optimal	0.0	0.0	1.0
VvuMBEL943_2022.xml	obj	R_R598	96.402322	optimal	0.0	0.0	1.0
VvuMBEL943_2022.xml	obj	R_R599	96.402322	optimal	0.0	0.0	1.0
VvuMBEL943_2022.xml	obj	R_R600	96.402322	optimal	0.0	0.0	1.0
VvuMBEL943_2022.xml	obj	R_R601	96.402322	optimal	0.0	0.0	1.0
VvuMBEL943_2022.xml	obj	R_R602	96.402322	optimal	0.0	0.0	1.0
VvuMBEL943_2022.xml	obj	R_R603	96.402322	optimal	0.0	0.0	1.0
VvuMBEL943_2022.xml	obj	R_R604	96.402322	optimal	0.0	0.0	1.0
VvuMBEL943_2022.xml	obj	R_R605	96.402322	optimal	0.0	0.0	1.0
VvuMBEL943_2022.xml	obj	R_R606	96.402322	optimal	0.0	0.0	1.0
VvuMBEL943_2022.xml	obj	R_R607	96.402322	optimal	0.0	0.0	1.0
VvuMBEL943_2022.xml	obj	R_R608	96.402322	optimal	0.0	0.0	1.0
VvuMBEL943_2022.xml	obj	R_R609	96.402322	optimal	0.0	0.0	1.0
VvuMBEL943_2022.xml	obj	R_R610	96.402322	optimal	0.0	1000.0	1.0
VvuMBEL943_2022.xml	obj	R_R611	96.402322	optimal	0.0	0.0	1.0
VvuMBEL943_2022.xml	obj	R_R612	96.402322	optimal	0.0	0.0	1.0
VvuMBEL943_2022.xml	obj	R_R613	96.402322	optimal	0.0	0.0	1.0
VvuMBEL943_2022.xml	obj	R_R614	96.402322	optimal	0.0	0.0	1.0
VvuMBEL943_2022.xml	obj	R_R615	96.402322	optimal	0.0	0.0	1.0
VvuMBEL943_2022.xml	obj	R_R616	96.402322	optimal	0.0	0.0	1.0
VvuMBEL943_2022.xml	obj	R_R617	96.402322	optimal	0.0	0.0	1.0
VvuMBEL943_2022.xml	obj	R_R618	96.402322	optimal	0.0	0.0	1.0
VvuMBEL943_2022.xml	obj	R_R619	96.402322	optimal	0.0	-0.0	1.0
VvuMBEL943_2022.xml	obj	R_R620	96.402322	optimal	0.0	-0.0	1.0
VvuMBEL943_2022.xml	obj	R_R621	96.402322	optimal	0.0	0.0	1.0
VvuMBEL943_2022.xml	obj	R_R622	96.402322	optimal	0.0	0.0	1.0
VvuMBEL943_2022.xml	obj	R_R623	96.402322	optimal	0.0	-0.0	1.0
VvuMBEL943_2022.xml	obj	R_R624	96.402322	optimal	0.0	958.673481	1.0
VvuMBEL943_2022.xml	obj	R_R625	96.402322	optimal	0.0	0.0	1.0
VvuMBEL943_2022.xml	obj	R_R626	96.402322	optimal	-2.410058	997.589942	1.0
VvuMBEL943_2022.xml	obj	R_R627	96.402322	optimal	-992.769826	7.230174	1.0
VvuMBEL943_2022.xml	obj	R_R628	96.402322	optimal	2.410058	2.410058	1.0
VvuMBEL943_2022.xml	obj	R_R629	96.402322	optimal	0.0	0.0	1.0
VvuMBEL943_2022.xml	obj	R_R630	96.402322	optimal	0.0	0.0	1.0
VvuMBEL943_2022.xml	obj	R_R631	96.402322	optimal	0.0	0.0	1.0
VvuMBEL943_2022.xml	obj	R_R632	96.402322	optimal	0.0	0.0	1.0
VvuMBEL943_2022.xml	obj	R_R633	96.402322	optimal	0.0	0.0	1.0
VvuMBEL943_2022.xml	obj	R_R634	96.402322	optimal	0.0	-0.0	1.0
VvuMBEL943_2022.xml	obj	R_R635	96.402322	optimal	0.0	0.0	1.0
VvuMBEL943_2022.xml	obj	R_R636	96.402322	optimal	0.0	0.0	1.0
VvuMBEL943_2022.xml	obj	R_R637	96.402322	optimal	0.0	0.0	1.0
VvuMBEL943_2022.xml	obj	R_R638	96.402322	optimal	0.0	0.0	1.0
VvuMBEL943_2022.xml	obj	R_R639	96.402322	optimal	0.0	0.0	1.0
VvuMBEL943_2022.xml	obj	R_R640	96.402322	optimal	0.0	0.0	1.0
VvuMBEL943_2022.xml	obj	R_R641	96.402322	optimal	0.0	0.0	1.0
VvuMBEL943_2022.xml	obj	R_R642	96.402322	optimal	0.0	0.0	1.0
VvuMBEL943_2022.xml	obj	R_R643	96.402322	optimal	0.0	0.0	1.0
VvuMBEL943_2022.xml	obj	R_R644	96.402322	optimal	1.268462	1.268462	1.0
VvuMBEL943_2022.xml	obj	R_R645	96.402322	optimal	1.268462	1.268462	1.0
VvuMBEL943_2022.xml	obj	R_R646	96.402322	optimal	1.268462	1.268462	1.0
VvuMBEL943_2022.xml	obj	R_R647	96.402322	optimal	1.268462	1.268462	1.0
VvuMBEL943_2022.xml	obj	R_R648	96.402322	optimal	1.268462	1.268462	1.0
VvuMBEL943_2022.xml	obj	R_R649	96.402322	optimal	3.277679	3.277679	1.0
VvuMBEL943_2022.xml	obj	R_R650	96.402322	optimal	2.410058	2.410058	1.0
VvuMBEL943_2022.xml	obj	R_R651	96.402322	optimal	2.410058	2.410058	1.0
VvuMBEL943_2022.xml	obj	R_R652	96.402322	optimal	2.410058	2.410058	1.0
VvuMBEL943_2022.xml	obj	R_R653	96.402322	optimal	2.410058	2.410058	1.0
VvuMBEL943_2022.xml	obj	R_R654	96.402322	optimal	2.410058	2.410058	1.0
VvuMBEL943_2022.xml	obj	R_R655	96.402322	optimal	2.410058	2.410058	1.0
VvuMBEL943_2022.xml	obj	R_R656	96.402322	optimal	2.410058	2.410058	1.0
VvuMBEL943_2022.xml	obj	R_R657	96.402322	optimal	2.410058	2.410058	1.0
VvuMBEL943_2022.xml	obj	R_R658	96.402322	optimal	2.410058	2.410058	1.0
VvuMBEL943_2022.xml	obj	R_R659	96.402322	optimal	2.410058	2.410058	1.0
VvuMBEL943_2022.xml	obj	R_R660	96.402322	optimal	2.410058	2.410058	1.0
VvuMBEL943_2022.xml	obj	R_R661	96.402322	optimal	0.0	0.0	1.0
VvuMBEL943_2022.xml	obj	R_R662	96.402322	optimal	0.0	0.0	1.0
VvuMBEL943_2022.xml	obj	R_R663	96.402322	optimal	0.0	0.0	1.0
VvuMBEL943_2022.xml	obj	R_R664	96.402322	optimal	0.0	0.0	1.0
VvuMBEL943_2022.xml	obj	R_R665	96.402322	optimal	0.0	0.0	1.0
VvuMBEL943_2022.xml	obj	R_R666	96.402322	optimal	0.0	0.0	1.0
VvuMBEL943_2022.xml	obj	R_R667	96.402322	optimal	0.0	0.0	1.0
VvuMBEL943_2022.xml	obj	R_R668	96.402322	optimal	1.252266	1.252266	1.0
VvuMBEL943_2022.xml	obj	R_R669	96.402322	optimal	1.252266	1.252266	1.0
VvuMBEL943_2022.xml	obj	R_R670	96.402322	optimal	1.252266	1.252266	1.0
VvuMBEL943_2022.xml	obj	R_R671	96.402322	optimal	1.252266	1.252266	1.0
VvuMBEL943_2022.xml	obj	R_R672	96.402322	optimal	2.504532	2.504532	1.0
VvuMBEL943_2022.xml	obj	R_R673	96.402322	optimal	2.504532	2.504532	1.0
VvuMBEL943_2022.xml	obj	R_R674	96.402322	optimal	1.252266	1.252266	1.0
VvuMBEL943_2022.xml	obj	R_R675	96.402322	optimal	1.252266	1.252266	1.0
VvuMBEL943_2022.xml	obj	R_R676	96.402322	optimal	0.459839	0.459839	1.0
VvuMBEL943_2022.xml	obj	R_R677	96.402322	optimal	0.0	0.0	1.0
VvuMBEL943_2022.xml	obj	R_R678	96.402322	optimal	0.0	-0.0	1.0
VvuMBEL943_2022.xml	obj	R_R679	96.402322	optimal	2.137239	2.137239	1.0
VvuMBEL943_2022.xml	obj	R_R680	96.402322	optimal	2.137239	2.137239	1.0
VvuMBEL943_2022.xml	obj	R_R681	96.402322	optimal	2.137239	2.137239	1.0
VvuMBEL943_2022.xml	obj	R_R682	96.402322	optimal	0.0	0.0	1.0
VvuMBEL943_2022.xml	obj	R_R683	96.402322	optimal	2.137239	2.137239	1.0
VvuMBEL943_2022.xml	obj	R_R684	96.402322	optimal	2.137239	2.137239	1.0
VvuMBEL943_2022.xml	obj	R_R685	96.402322	optimal	0.0	-0.0	1.0
VvuMBEL943_2022.xml	obj	R_R686	96.402322	optimal	0.0	2.137239	1.0
VvuMBEL943_2022.xml	obj	R_R687	96.402322	optimal	0.0	2.137239	1.0
VvuMBEL943_2022.xml	obj	R_R688	96.402322	optimal	0.0	2.137239	1.0
VvuMBEL943_2022.xml	obj	R_R689	96.402322	optimal	0.0	-0.0	1.0
VvuMBEL943_2022.xml	obj	R_R690	96.402322	optimal	0.0	0.0	1.0
VvuMBEL943_2022.xml	obj	R_R691	96.402322	optimal	0.0	-0.0	1.0
VvuMBEL943_2022.xml	obj	R_R692	96.402322	optimal	0.0	-0.0	1.0
VvuMBEL943_2022.xml	obj	R_R693	96.402322	optimal	-2.137239	0.0	1.0
VvuMBEL943_2022.xml	obj	R_R694	96.402322	optimal	0.0	0.0	1.0
VvuMBEL943_2022.xml	obj	R_R695	96.402322	optimal	1.029577	1.029577	1.0
VvuMBEL943_2022.xml	obj	R_R696	96.402322	optimal	0.0	0.0	1.0
VvuMBEL943_2022.xml	obj	R_R697	96.402322	optimal	1.029577	1.029577	1.0
VvuMBEL943_2022.xml	obj	R_R698	96.402322	optimal	1.029577	1.029577	1.0
VvuMBEL943_2022.xml	obj	R_R699	96.402322	optimal	0.0	-0.0	1.0
VvuMBEL943_2022.xml	obj	R_R700	96.402322	optimal	0.0	0.0	1.0
VvuMBEL943_2022.xml	obj	R_R701	96.402322	optimal	0.0	-0.0	1.0
VvuMBEL943_2022.xml	obj	R_R702	96.402322	optimal	0.0	-0.0	1.0
VvuMBEL943_2022.xml	obj	R_R703	96.402322	optimal	1.029577	1.029577	1.0
VvuMBEL943_2022.xml	obj	R_R704	96.402322	optimal	1.029577	1.029577	1.0
VvuMBEL943_2022.xml	obj	R_R705	96.402322	optimal	0.0	0.0	1.0
VvuMBEL943_2022.xml	obj	R_R706	96.402322	optimal	0.0	0.0	1.0
VvuMBEL943_2022.xml	obj	R_R707	96.402322	optimal	0.0	0.0	1.0
VvuMBEL943_2022.xml	obj	R_R708	96.402322	optimal	0.0	1000.0	1.0
VvuMBEL943_2022.xml	obj	R_R709	96.402322	optimal	0.485868	0.485868	1.0
VvuMBEL943_2022.xml	obj	R_R710	96.402322	optimal	0.0	-0.0	1.0
VvuMBEL943_2022.xml	obj	R_R711	96.402322	optimal	-1000.0	1000.0	1.0
VvuMBEL943_2022.xml	obj	R_R712	96.402322	optimal	0.0	1000.0	1.0
VvuMBEL943_2022.xml	obj	R_R713	96.402322	optimal	0.471407	0.471407	1.0
VvuMBEL943_2022.xml	obj	R_R714	96.402322	optimal	0.471407	0.471407	1.0
VvuMBEL943_2022.xml	obj	R_R715	96.402322	optimal	0.471407	0.471407	1.0
VvuMBEL943_2022.xml	obj	R_R716	96.402322	optimal	0.471407	0.471407	1.0
VvuMBEL943_2022.xml	obj	R_R717	96.402322	optimal	0.0	0.0	1.0
VvuMBEL943_2022.xml	obj	R_R718	96.402322	optimal	0.0	0.0	1.0
VvuMBEL943_2022.xml	obj	R_R719	96.402322	optimal	0.471407	0.471407	1.0
VvuMBEL943_2022.xml	obj	R_R720	96.402322	optimal	0.471407	0.471407	1.0
VvuMBEL943_2022.xml	obj	R_R721	96.402322	optimal	0.471407	0.471407	1.0
VvuMBEL943_2022.xml	obj	R_R722	96.402322	optimal	0.471407	0.471407	1.0
VvuMBEL943_2022.xml	obj	R_R723	96.402322	optimal	0.0	-0.0	1.0
VvuMBEL943_2022.xml	obj	R_R724	96.402322	optimal	0.0	-0.0	1.0
VvuMBEL943_2022.xml	obj	R_R725	96.402322	optimal	0.0	0.0	1.0
VvuMBEL943_2022.xml	obj	R_R726	96.402322	optimal	0.0	0.0	1.0
VvuMBEL943_2022.xml	obj	R_R727	96.402322	optimal	0.0	0.0	1.0
VvuMBEL943_2022.xml	obj	R_R728	96.402322	optimal	0.0	-0.0	1.0
VvuMBEL943_2022.xml	obj	R_R729	96.402322	optimal	0.0	0.0	1.0
VvuMBEL943_2022.xml	obj	R_R730	96.402322	optimal	0.0	0.0	1.0
VvuMBEL943_2022.xml	obj	R_R731	96.402322	optimal	0.0	0.0	1.0
VvuMBEL943_2022.xml	obj	R_R732	96.402322	optimal	0.812672	0.812672	1.0
VvuMBEL943_2022.xml	obj	R_R733	96.402322	optimal	0.812672	0.812672	1.0
VvuMBEL943_2022.xml	obj	R_R734	96.402322	optimal	0.812672	0.812672	1.0
VvuMBEL943_2022.xml	obj	R_R735	96.402322	optimal	0.0	-0.0	1.0
VvuMBEL943_2022.xml	obj	R_R736	96.402322	optimal	0.812672	0.812672	1.0
VvuMBEL943_2022.xml	obj	R_R737	96.402322	optimal	0.812672	0.812672	1.0
VvuMBEL943_2022.xml	obj	R_R738	96.402322	optimal	0.0	-0.0	1.0
VvuMBEL943_2022.xml	obj	R_R739	96.402322	optimal	0.812672	0.812672	1.0
VvuMBEL943_2022.xml	obj	R_R740	96.402322	optimal	0.812672	0.812672	1.0
VvuMBEL943_2022.xml	obj	R_R741	96.402322	optimal	0.0	3.391723	1.0
VvuMBEL943_2022.xml	obj	R_R742	96.402322	optimal	0.0	3.391723	1.0
VvuMBEL943_2022.xml	obj	R_R743	96.402322	optimal	-1000.0	1000.0	1.0
VvuMBEL943_2022.xml	obj	R_R744	96.402322	optimal	-1000.0	1000.0	1.0
VvuMBEL943_2022.xml	obj	R_R745	96.402322	optimal	0.0	3.391723	1.0
VvuMBEL943_2022.xml	obj	R_R746	96.402322	optimal	0.0	3.391723	1.0
VvuMBEL943_2022.xml	obj	R_R747	96.402322	optimal	0.0	0.0	1.0
VvuMBEL943_2022.xml	obj	R_R748	96.402322	optimal	0.0	0.0	1.0
VvuMBEL943_2022.xml	obj	R_R749	96.402322	optimal	-1000.0	1000.0	1.0
VvuMBEL943_2022.xml	obj	R_R750	96.402322	optimal	-1000.0	1000.0	1.0
VvuMBEL943_2022.xml	obj	R_R751	96.402322	optimal	0.0	0.0	1.0
VvuMBEL943_2022.xml	obj	R_R752	96.402322	optimal	0.0	1000.0	1.0
VvuMBEL943_2022.xml	obj	R_R753	96.402322	optimal	0.0	0.0	1.0
VvuMBEL943_2022.xml	obj	R_R754	96.402322	optimal	-1000.0	396.113121	1.0
VvuMBEL943_2022.xml	obj	R_R755	96.402322	optimal	-1000.0	396.113121	1.0
VvuMBEL943_2022.xml	obj	R_R756	96.402322	optimal	0.0	3.819484	1.0
VvuMBEL943_2022.xml	obj	R_R757	96.402322	optimal	-2.648196	1.171288	1.0
VvuMBEL943_2022.xml	obj	R_R758	96.402322	optimal	-1000.0	2.579051	1.0
VvuMBEL943_2022.xml	obj	R_R759	96.402322	optimal	-1000.0	396.113121	1.0
VvuMBEL943_2022.xml	obj	R_R760	96.402322	optimal	0.0	-0.0	1.0
VvuMBEL943_2022.xml	obj	R_R761	96.402322	optimal	0.0	0.0	1.0
VvuMBEL943_2022.xml	obj	R_R762	96.402322	optimal	0.0	0.0	1.0
VvuMBEL943_2022.xml	obj	R_R763	96.402322	optimal	0.0	0.0	1.0
VvuMBEL943_2022.xml	obj	R_R764	96.402322	optimal	0.0	0.0	1.0
VvuMBEL943_2022.xml	obj	R_R765	96.402322	optimal	0.0	0.0	1.0
VvuMBEL943_2022.xml	obj	R_R766	96.402322	optimal	0.0	0.0	1.0
VvuMBEL943_2022.xml	obj	R_R767	96.402322	optimal	0.0	0.0	1.0
VvuMBEL943_2022.xml	obj	R_R768	96.402322	optimal	0.0	0.0	1.0
VvuMBEL943_2022.xml	obj	R_R769	96.402322	optimal	0.0	0.0	1.0
VvuMBEL943_2022.xml	obj	R_R770	96.402322	optimal	0.0	0.0	1.0
VvuMBEL943_2022.xml	obj	R_R771	96.402322	optimal	0.0	0.0	1.0
VvuMBEL943_2022.xml	obj	R_R772	96.402322	optimal	0.0	0.0	1.0
VvuMBEL943_2022.xml	obj	R_R773	96.402322	optimal	0.0	0.0	1.0
VvuMBEL943_2022.xml	obj	R_R774	96.402322	optimal	0.0	0.0	1.0
VvuMBEL943_2022.xml	obj	R_R775	96.402322	optimal	0.0	0.0	1.0
VvuMBEL943_2022.xml	obj	R_R776	96.402322	optimal	0.0	0.0	1.0
VvuMBEL943_2022.xml	obj	R_R777	96.402322	optimal	0.0	0.0	1.0
VvuMBEL943_2022.xml	obj	R_R778	96.402322	optimal	0.0	0.0	1.0
VvuMBEL943_2022.xml	obj	R_R779	96.402322	optimal	0.0	0.0	1.0
VvuMBEL943_2022.xml	obj	R_R780	96.402322	optimal	0.0	0.0	1.0
VvuMBEL943_2022.xml	obj	R_R781	96.402322	optimal	0.0	0.0	1.0
VvuMBEL943_2022.xml	obj	R_R782	96.402322	optimal	0.0	0.0	1.0
VvuMBEL943_2022.xml	obj	R_R783	96.402322	optimal	1.171288	1.171288	1.0
VvuMBEL943_2022.xml	obj	R_R784	96.402322	optimal	0.0	0.0	1.0
VvuMBEL943_2022.xml	obj	R_R785	96.402322	optimal	0.0	0.0	1.0
VvuMBEL943_2022.xml	obj	R_R786	96.402322	optimal	0.0	0.0	1.0
VvuMBEL943_2022.xml	obj	R_R787	96.402322	optimal	0.0	0.0	1.0
VvuMBEL943_2022.xml	obj	R_R788	96.402322	optimal	0.0	0.0	1.0
VvuMBEL943_2022.xml	obj	R_R789	96.402322	optimal	0.0	0.0	1.0
VvuMBEL943_2022.xml	obj	R_R790	96.402322	optimal	0.0	0.0	1.0
VvuMBEL943_2022.xml	obj	R_R791	96.402322	optimal	0.0	0.0	1.0
VvuMBEL943_2022.xml	obj	R_R792	96.402322	optimal	0.0	0.0	1.0
VvuMBEL943_2022.xml	obj	R_R793	96.402322	optimal	1.171288	1.171288	1.0
VvuMBEL943_2022.xml	obj	R_R794	96.402322	optimal	1.171288	1.171288	1.0
VvuMBEL943_2022.xml	obj	R_R795	96.402322	optimal	1.171288	1.171288	1.0
VvuMBEL943_2022.xml	obj	R_R796	96.402322	optimal	1.171288	1.171288	1.0
VvuMBEL943_2022.xml	obj	R_R797	96.402322	optimal	1.171288	1.171288	1.0
VvuMBEL943_2022.xml	obj	R_R798	96.402322	optimal	1.171288	1.171288	1.0
VvuMBEL943_2022.xml	obj	R_R799	96.402322	optimal	0.0	0.0	1.0
VvuMBEL943_2022.xml	obj	R_R800	96.402322	optimal	0.0	0.0	1.0
VvuMBEL943_2022.xml	obj	R_R801	96.402322	optimal	53.021277	53.021277	1.0
VvuMBEL943_2022.xml	obj	R_R802	96.402322	optimal	2.988472	2.988472	1.0
VvuMBEL943_2022.xml	obj	R_R803	96.402322	optimal	19.762476	19.762476	1.0
VvuMBEL943_2022.xml	obj	R_R804	96.402322	optimal	8.772611	8.772611	1.0
VvuMBEL943_2022.xml	obj	R_R805	96.402322	optimal	2.89207	2.89207	1.0
VvuMBEL943_2022.xml	obj	R_R806	96.402322	optimal	96.402322	96.402322	1.0
VvuMBEL943_2022.xml	obj	R_R807	96.402322	optimal	0.0	0.0	1.0
VvuMBEL943_2022.xml	obj	R_R808	96.402322	optimal	0.0	0.0	1.0
VvuMBEL943_2022.xml	obj	R_R809	96.402322	optimal	0.0	15.056982	1.0
VvuMBEL943_2022.xml	obj	R_R810	96.402322	optimal	0.0	47.244947	1.0
VvuMBEL943_2022.xml	obj	R_R811	96.402322	optimal	0.0	47.244947	1.0
VvuMBEL943_2022.xml	obj	R_R812	96.402322	optimal	0.0	-0.0	1.0
VvuMBEL943_2022.xml	obj	R_R813	96.402322	optimal	0.0	0.0	1.0
VvuMBEL943_2022.xml	obj	R_R814	96.402322	optimal	0.0	0.0	1.0
VvuMBEL943_2022.xml	obj	R_R815	96.402322	optimal	0.0	47.244947	1.0
VvuMBEL943_2022.xml	obj	R_R816	96.402322	optimal	0.0	0.0	1.0
VvuMBEL943_2022.xml	obj	R_R817	96.402322	optimal	0.0	0.0	1.0
VvuMBEL943_2022.xml	obj	R_R818	96.402322	optimal	0.0	0.0	1.0
VvuMBEL943_2022.xml	obj	R_R819	96.402322	optimal	0.0	88.096395	1.0
VvuMBEL943_2022.xml	obj	R_R820	96.402322	optimal	0.0	88.096395	1.0
VvuMBEL943_2022.xml	obj	R_R821	96.402322	optimal	1000.0	1000.0	1.0
VvuMBEL943_2022.xml	obj	R_R822	96.402322	optimal	0.0	1000.0	1.0
VvuMBEL943_2022.xml	obj	R_R823	96.402322	optimal	-1000.0	964.44155	1.0
VvuMBEL943_2022.xml	obj	R_R824	96.402322	optimal	0.0	1000.0	1.0
VvuMBEL943_2022.xml	obj	R_R825	96.402322	optimal	0.0	1000.0	1.0
VvuMBEL943_2022.xml	obj	R_R826	96.402322	optimal	0.0	1000.0	1.0
VvuMBEL943_2022.xml	obj	R_R827	96.402322	optimal	0.0	1000.0	1.0
VvuMBEL943_2022.xml	obj	R_R828	96.402322	optimal	-3.819484	1000.0	1.0
VvuMBEL943_2022.xml	obj	R_R829	96.402322	optimal	0.0	1000.0	1.0
VvuMBEL943_2022.xml	obj	R_R830	96.402322	optimal	0.0	1000.0	1.0
VvuMBEL943_2022.xml	obj	R_R831	96.402322	optimal	0.0	1000.0	1.0
VvuMBEL943_2022.xml	obj	R_R832	96.402322	optimal	-3.819484	1000.0	1.0
VvuMBEL943_2022.xml	obj	R_R833	96.402322	optimal	0.0	1000.0	1.0
VvuMBEL943_2022.xml	obj	R_R834	96.402322	optimal	0.0	1000.0	1.0
VvuMBEL943_2022.xml	obj	R_R835	96.402322	optimal	0.0	1000.0	1.0
VvuMBEL943_2022.xml	obj	R_R836	96.402322	optimal	1000.0	1000.0	1.0
VvuMBEL943_2022.xml	obj	R_R837	96.402322	optimal	0.0	0.0	1.0
VvuMBEL943_2022.xml	obj	R_R838	96.402322	optimal	-0.812672	-0.812672	1.0
VvuMBEL943_2022.xml	obj	R_R839	96.402322	optimal	-1000.0	-1000.0	1.0
VvuMBEL943_2022.xml	obj	R_R840	96.402322	optimal	-1000.0	385.871235	1.0
VvuMBEL943_2022.xml	obj	R_R841	96.402322	optimal	-1000.0	1000.0	1.0
VvuMBEL943_2022.xml	obj	R_R842	96.402322	optimal	-1000.0	1000.0	1.0
VvuMBEL943_2022.xml	obj	R_R843	96.402322	optimal	-1000.0	1000.0	1.0
VvuMBEL943_2022.xml	obj	R_R844	96.402322	optimal	-1000.0	1000.0	1.0
VvuMBEL943_2022.xml	obj	R_R845	96.402322	optimal	-1000.0	1000.0	1.0
VvuMBEL943_2022.xml	obj	R_R846	96.402322	optimal	0.0	0.0	1.0
VvuMBEL943_2022.xml	obj	R_R847	96.402322	optimal	0.0	0.0	1.0
VvuMBEL943_2022.xml	obj	R_R848	96.402322	optimal	498.090258	1000.0	1.0
VvuMBEL943_2022.xml	obj	R_R849	96.402322	optimal	-495.139741	1000.0	1.0
VvuMBEL943_2022.xml	obj	R_R850	96.402322	optimal	-1000.0	495.139741	1.0
VvuMBEL943_2022.xml	obj	R_R851	96.402322	optimal	0.0	-0.0	1.0
VvuMBEL943_2022.xml	obj	R_R852	96.402322	optimal	0.0	-0.0	1.0
VvuMBEL943_2022.xml	obj	R_R853	96.402322	optimal	0.0	-0.0	1.0
VvuMBEL943_2022.xml	obj	R_R854	96.402322	optimal	0.0	-0.0	1.0
VvuMBEL943_2022.xml	obj	R_R855	96.402322	optimal	0.0	0.0	1.0
VvuMBEL943_2022.xml	obj	R_R856	96.402322	optimal	-1000.0	1000.0	1.0
VvuMBEL943_2022.xml	obj	R_R857	96.402322	optimal	0.0	-0.0	1.0
VvuMBEL943_2022.xml	obj	R_R858	96.402322	optimal	0.0	1000.0	1.0
VvuMBEL943_2022.xml	obj	R_R859	96.402322	optimal	0.0	1000.0	1.0
VvuMBEL943_2022.xml	obj	R_R860	96.402322	optimal	-20.360171	979.639829	1.0
VvuMBEL943_2022.xml	obj	R_R861	96.402322	optimal	0.0	0.0	1.0
VvuMBEL943_2022.xml	obj	R_R862	96.402322	optimal	0.0	1000.0	1.0
VvuMBEL943_2022.xml	obj	R_R863	96.402322	optimal	-1000.0	976.776681	1.0
VvuMBEL943_2022.xml	obj	R_R864	96.402322	optimal	0.0	0.0	1.0
VvuMBEL943_2022.xml	obj	R_R865	96.402322	optimal	0.0	1000.0	1.0
VvuMBEL943_2022.xml	obj	R_R866	96.402322	optimal	-385.871235	1000.0	1.0
VvuMBEL943_2022.xml	obj	R_R867	96.402322	optimal	0.0	0.0	1.0
VvuMBEL943_2022.xml	obj	R_R868	96.402322	optimal	0.0	1000.0	1.0
VvuMBEL943_2022.xml	obj	R_R869	96.402322	optimal	-6.197705	993.802295	1.0
VvuMBEL943_2022.xml	obj	R_R870	96.402322	optimal	0.0	0.0	1.0
VvuMBEL943_2022.xml	obj	R_R871	96.402322	optimal	0.0	1000.0	1.0
VvuMBEL943_2022.xml	obj	R_R872	96.402322	optimal	0.0	1000.0	1.0
VvuMBEL943_2022.xml	obj	R_R873	96.402322	optimal	0.0	1000.0	1.0
VvuMBEL943_2022.xml	obj	R_R874	96.402322	optimal	-1000.0	958.673481	1.0
VvuMBEL943_2022.xml	obj	R_R875	96.402322	optimal	0.0	0.0	1.0
VvuMBEL943_2022.xml	obj	R_R876	96.402322	optimal	0.0	1000.0	1.0
VvuMBEL943_2022.xml	obj	R_R877	96.402322	optimal	-1000.0	1000.0	1.0
VvuMBEL943_2022.xml	obj	R_R878	96.402322	optimal	0.0	-0.0	1.0
VvuMBEL943_2022.xml	obj	R_R879	96.402322	optimal	0.0	1000.0	1.0
VvuMBEL943_2022.xml	obj	R_R880	96.402322	optimal	0.0	1000.0	1.0
VvuMBEL943_2022.xml	obj	R_R881	96.402322	optimal	-933.086531	1000.0	1.0
VvuMBEL943_2022.xml	obj	R_R882	96.402322	optimal	0.0	-0.0	1.0
VvuMBEL943_2022.xml	obj	R_R883	96.402322	optimal	0.0	1000.0	1.0
VvuMBEL943_2022.xml	obj	R_R884	96.402322	optimal	0.0	1000.0	1.0
VvuMBEL943_2022.xml	obj	R_R885	96.402322	optimal	-10.39217	989.60783	1.0
VvuMBEL943_2022.xml	obj	R_R886	96.402322	optimal	0.0	0.0	1.0
VvuMBEL943_2022.xml	obj	R_R887	96.402322	optimal	0.0	1000.0	1.0
VvuMBEL943_2022.xml	obj	R_R888	96.402322	optimal	-25.397192	1000.0	1.0
VvuMBEL943_2022.xml	obj	R_R889	96.402322	optimal	0.0	0.0	1.0
VvuMBEL943_2022.xml	obj	R_R890	96.402322	optimal	0.0	1000.0	1.0
VvuMBEL943_2022.xml	obj	R_R891	96.402322	optimal	-35.68332	1000.0	1.0
VvuMBEL943_2022.xml	obj	R_R892	96.402322	optimal	0.0	0.0	1.0
VvuMBEL943_2022.xml	obj	R_R893	96.402322	optimal	0.0	1000.0	1.0
VvuMBEL943_2022.xml	obj	R_R894	96.402322	optimal	-1000.0	980.223064	1.0
VvuMBEL943_2022.xml	obj	R_R895	96.402322	optimal	0.0	1000.0	1.0
VvuMBEL943_2022.xml	obj	R_R896	96.402322	optimal	0.0	-0.0	1.0
VvuMBEL943_2022.xml	obj	R_R897	96.402322	optimal	0.0	1000.0	1.0
VvuMBEL943_2022.xml	obj	R_R898	96.402322	optimal	-6.680681	993.319319	1.0
VvuMBEL943_2022.xml	obj	R_R899	96.402322	optimal	0.0	0.0	1.0
VvuMBEL943_2022.xml	obj	R_R900	96.402322	optimal	0.0	1000.0	1.0
VvuMBEL943_2022.xml	obj	R_R901	96.402322	optimal	-516.914764	984.994979	1.0
VvuMBEL943_2022.xml	obj	R_R902	96.402322	optimal	0.0	-0.0	1.0
VvuMBEL943_2022.xml	obj	R_R903	96.402322	optimal	0.0	1000.0	1.0
VvuMBEL943_2022.xml	obj	R_R904	96.402322	optimal	-1000.0	1000.0	1.0
VvuMBEL943_2022.xml	obj	R_R905	96.402322	optimal	0.0	0.0	1.0
VvuMBEL943_2022.xml	obj	R_R906	96.402322	optimal	0.0	1000.0	1.0
VvuMBEL943_2022.xml	obj	R_R907	96.402322	optimal	0.0	1000.0	1.0
VvuMBEL943_2022.xml	obj	R_R908	96.402322	optimal	-1000.0	1000.0	1.0
VvuMBEL943_2022.xml	obj	R_R909	96.402322	optimal	0.0	0.0	1.0
VvuMBEL943_2022.xml	obj	R_R910	96.402322	optimal	0.0	1000.0	1.0
VvuMBEL943_2022.xml	obj	R_R911	96.402322	optimal	-1000.0	1000.0	1.0
VvuMBEL943_2022.xml	obj	R_R912	96.402322	optimal	0.0	0.0	1.0
VvuMBEL943_2022.xml	obj	R_R913	96.402322	optimal	0.0	1000.0	1.0
VvuMBEL943_2022.xml	obj	R_R914	96.402322	optimal	-5.779319	994.220681	1.0
VvuMBEL943_2022.xml	obj	R_R915	96.402322	optimal	0.0	-0.0	1.0
VvuMBEL943_2022.xml	obj	R_R916	96.402322	optimal	0.0	1000.0	1.0
VvuMBEL943_2022.xml	obj	R_R917	96.402322	optimal	-6.097447	1000.0	1.0
VvuMBEL943_2022.xml	obj	R_R918	96.402322	optimal	0.0	0.0	1.0
VvuMBEL943_2022.xml	obj	R_R919	96.402322	optimal	0.0	1000.0	1.0
VvuMBEL943_2022.xml	obj	R_R920	96.402322	optimal	-731.158175	1000.0	1.0
VvuMBEL943_2022.xml	obj	R_R921	96.402322	optimal	0.0	-0.0	1.0
VvuMBEL943_2022.xml	obj	R_R922	96.402322	optimal	0.0	1000.0	1.0
VvuMBEL943_2022.xml	obj	R_R923	96.402322	optimal	-2.410058	-2.410058	1.0
VvuMBEL943_2022.xml	obj	R_R924	96.402322	optimal	0.0	-0.0	1.0
VvuMBEL943_2022.xml	obj	R_R925	96.402322	optimal	-1000.0	0.0	1.0
VvuMBEL943_2022.xml	obj	R_R926	96.402322	optimal	0.0	-0.0	1.0
VvuMBEL943_2022.xml	obj	R_R927	96.402322	optimal	0.0	0.0	1.0
VvuMBEL943_2022.xml	obj	R_R928	96.402322	optimal	0.0	-0.0	1.0
VvuMBEL943_2022.xml	obj	R_R929	96.402322	optimal	0.0	0.0	1.0
VvuMBEL943_2022.xml	obj	R_R930	96.402322	optimal	-1000.0	3.819484	1.0
VvuMBEL943_2022.xml	obj	R_R931	96.402322	optimal	0.0	19.816269	1.0
VvuMBEL943_2022.xml	obj	R_R932	96.402322	optimal	16.013968	31.932691	1.0
VvuMBEL943_2022.xml	obj	R_R933	96.402322	optimal	0.0	19.816269	1.0
VvuMBEL943_2022.xml	obj	R_R934	96.402322	optimal	0.0	15.918723	1.0
VvuMBEL943_2022.xml	obj	R_R935	96.402322	optimal	0.0	42.835794	1.0
VvuMBEL943_2022.xml	obj	R_R936	96.402322	optimal	0.0	2.579051	1.0
VvuMBEL943_2022.xml	obj	R_R937	96.402322	optimal	0.0	15.918723	1.0
VvuMBEL943_2022.xml	obj	R_R938	96.402322	optimal	0.0	42.835794	1.0
VvuMBEL943_2022.xml	obj	R_R939	96.402322	optimal	0.0	15.918723	1.0
VvuMBEL943_2022.xml	obj	R_R940	96.402322	optimal	0.0	0.0	1.0
VvuMBEL943_2022.xml	obj	R_R941	96.402322	optimal	0.0	0.0	1.0
VvuMBEL943_2022.xml	obj	R_R942	96.402322	optimal	0.0	0.0	1.0
VvuMBEL943_2022.xml	obj	R_R943	96.402322	optimal	0.0	0.0	1.0
