{
 "curator.name": "CBMPyFROGG",
 "curator.version": "0.4.9",
 "curator.url": "http://145.38.197.206:80/",
 "curator.date": "2022-11-22-23-23",
 "curator.id": "frogg hackathon",
 "curator.sessionid": "cbmpyfrogg-49990-828",
 "software.name": "cbmpy",
 "software.version": "0.8.4",
 "software.url": "https://github.com/SystemsBioinformatics/cbmpy",
 "software.environment": "Windows 10 (64bit)",
 "solver.name": "cbmpy",
 "solver.version": "0.1",
 "model.filename": "VvuMBEL943_2022.(49989937).xml",
 "model.md5": "2ee46072d6a306787be9a05450fb489c"
}