{
 "curator.name": "CBMPyFROGG",
 "curator.version": "0.4.9",
 "curator.url": "http://145.38.197.206:80/",
 "curator.date": "2022-11-22-23-24",
 "curator.id": "frogg hackathon",
 "curator.sessionid": "cbmpyfrogg-50016-781",
 "software.name": "cbmpy",
 "software.version": "0.8.4",
 "software.url": "https://github.com/SystemsBioinformatics/cbmpy",
 "software.environment": "Windows 10 (64bit)",
 "solver.name": "cbmpy",
 "solver.version": "0.1",
 "model.filename": "iDS372.(5001589).xml",
 "model.md5": "02ec5a52e9270dd2f875e41238ab2904"
}